dataset,protocol,msg,qtype,w_query,x,application/cbor+dns t48 decode,application/cbor+dns t48 encode
iotfinder,dns,r,A,False,5.9e-05,9,
iotfinder,dns,r,A,False,6e-05,45,
iotfinder,dns,r,A,False,6.1e-05,25,
iotfinder,dns,r,A,False,6.2e-05,40,7
iotfinder,dns,r,A,False,6.3e-05,106,44
iotfinder,dns,r,A,False,6.4e-05,205,22
iotfinder,dns,r,A,False,6.5e-05,1070,27
iotfinder,dns,r,A,False,6.6e-05,3629,98
iotfinder,dns,r,A,False,6.7e-05,7711,99
iotfinder,dns,r,A,False,6.8e-05,12417,243
iotfinder,dns,r,A,False,6.9e-05,18698,1256
iotfinder,dns,r,A,False,7e-05,28525,3809
iotfinder,dns,r,A,False,7.1e-05,38777,7765
iotfinder,dns,r,A,False,7.2e-05,44619,12307
iotfinder,dns,r,A,False,7.3e-05,40615,18858
iotfinder,dns,r,A,False,7.4e-05,33072,28176
iotfinder,dns,r,A,False,7.5e-05,23786,37454
iotfinder,dns,r,A,False,7.6e-05,14824,41812
iotfinder,dns,r,A,False,7.7e-05,9984,38984
iotfinder,dns,r,A,False,7.8e-05,7641,33398
iotfinder,dns,r,A,False,7.9e-05,5040,25001
iotfinder,dns,r,A,False,8e-05,2459,16392
iotfinder,dns,r,A,False,8.1e-05,875,10807
iotfinder,dns,r,A,False,8.2e-05,246,8027
iotfinder,dns,r,A,False,8.3e-05,92,5254
iotfinder,dns,r,A,False,8.4e-05,35,2950
iotfinder,dns,r,A,False,8.5e-05,29,1206
iotfinder,dns,r,A,False,8.6e-05,28,394
iotfinder,dns,r,A,False,8.7e-05,20,134
iotfinder,dns,r,A,False,8.8e-05,15,53
iotfinder,dns,r,A,False,8.9e-05,7,36
iotfinder,dns,r,A,False,9e-05,8,23
iotfinder,dns,r,A,False,9.1e-05,12,18
iotfinder,dns,r,A,False,9.2e-05,11,23
iotfinder,dns,r,A,False,9.3e-05,6,18
iotfinder,dns,r,A,False,9.4e-05,11,20
iotfinder,dns,r,A,False,9.5e-05,8,23
iotfinder,dns,r,A,False,9.6e-05,7,27
iotfinder,dns,r,A,False,9.7e-05,4,54
iotfinder,dns,r,A,False,9.8e-05,2,86
iotfinder,dns,r,A,False,9.9e-05,7,144
iotfinder,dns,r,A,False,0.0001,7,211
iotfinder,dns,r,A,False,0.000101,10,293
iotfinder,dns,r,A,False,0.000102,22,409
iotfinder,dns,r,A,False,0.000103,60,475
iotfinder,dns,r,A,False,0.000104,84,423
iotfinder,dns,r,A,False,0.000105,124,481
iotfinder,dns,r,A,False,0.000106,189,708
iotfinder,dns,r,A,False,0.000107,272,1223
iotfinder,dns,r,A,False,0.000108,379,2233
iotfinder,dns,r,A,False,0.000109,370,4201
iotfinder,dns,r,A,False,0.00011,361,6741
iotfinder,dns,r,A,False,0.000111,315,9888
iotfinder,dns,r,A,False,0.000112,297,13409
iotfinder,dns,r,A,False,0.000113,221,16076
iotfinder,dns,r,A,False,0.000114,136,18796
iotfinder,dns,r,A,False,0.000115,110,20553
iotfinder,dns,r,A,False,0.000116,79,21323
iotfinder,dns,r,A,False,0.000117,66,21742
iotfinder,dns,r,A,False,0.000118,71,21604
iotfinder,dns,r,A,False,0.000119,46,21238
iotfinder,dns,r,A,False,0.00012,22,20483
iotfinder,dns,r,A,False,0.000121,15,19498
iotfinder,dns,r,A,False,0.000122,15,17456
iotfinder,dns,r,A,False,0.000123,5,14588
iotfinder,dns,r,A,False,0.000124,2,12329
iotfinder,dns,r,A,False,0.000125,6,10212
iotfinder,dns,r,A,False,0.000126,1,8060
iotfinder,dns,r,A,False,0.000127,,6229
iotfinder,dns,r,A,False,0.000128,2,4505
iotfinder,dns,r,A,False,0.000129,2,3213
iotfinder,dns,r,A,False,0.00013,5,2366
iotfinder,dns,r,A,False,0.000131,,1786
iotfinder,dns,r,A,False,0.000132,2,1226
iotfinder,dns,r,A,False,0.000133,1,852
iotfinder,dns,r,A,False,0.000134,2,551
iotfinder,dns,r,A,False,0.000135,2,391
iotfinder,dns,r,A,False,0.000136,3,199
iotfinder,dns,r,A,False,0.000137,4,128
iotfinder,dns,r,A,False,0.000138,3,106
iotfinder,dns,r,A,False,0.000139,4,99
iotfinder,dns,r,A,False,0.00014,1,117
iotfinder,dns,r,A,False,0.000141,3,86
iotfinder,dns,r,A,False,0.000142,3,120
iotfinder,dns,r,A,False,0.000143,4,138
iotfinder,dns,r,A,False,0.000144,5,168
iotfinder,dns,r,A,False,0.000145,7,144
iotfinder,dns,r,A,False,0.000146,3,195
iotfinder,dns,r,A,False,0.000147,4,158
iotfinder,dns,r,A,False,0.000148,5,150
iotfinder,dns,r,A,False,0.000149,3,143
iotfinder,dns,r,A,False,0.00015,5,138
iotfinder,dns,r,A,False,0.000151,5,129
iotfinder,dns,r,A,False,0.000152,3,124
iotfinder,dns,r,A,False,0.000153,,108
iotfinder,dns,r,A,False,0.000154,1,81
iotfinder,dns,r,A,False,0.000155,1,56
iotfinder,dns,r,A,False,0.000156,3,37
iotfinder,dns,r,A,False,0.000157,,35
iotfinder,dns,r,A,False,0.000158,,43
iotfinder,dns,r,A,False,0.000159,1,28
iotfinder,dns,r,A,False,0.00016,,19
iotfinder,dns,r,A,False,0.000161,1,11
iotfinder,dns,r,A,False,0.000162,2,9
iotfinder,dns,r,A,False,0.000163,1,6
iotfinder,dns,r,A,False,0.000164,1,9
iotfinder,dns,r,A,False,0.000165,2,3
iotfinder,dns,r,A,False,0.000166,1,6
iotfinder,dns,r,A,False,0.000167,,4
iotfinder,dns,r,A,False,0.000168,3,6
iotfinder,dns,r,A,False,0.000169,5,3
iotfinder,dns,r,A,False,0.00017,16,1
iotfinder,dns,r,A,False,0.000171,21,5
iotfinder,dns,r,A,False,0.000172,18,2
iotfinder,dns,r,A,False,0.000173,30,3
iotfinder,dns,r,A,False,0.000174,53,3
iotfinder,dns,r,A,False,0.000175,99,
iotfinder,dns,r,A,False,0.000176,103,1
iotfinder,dns,r,A,False,0.000177,181,1
iotfinder,dns,r,A,False,0.000178,173,2
iotfinder,dns,r,A,False,0.000179,251,3
iotfinder,dns,r,A,False,0.00018,336,2
iotfinder,dns,r,A,False,0.000181,399,
iotfinder,dns,r,A,False,0.000182,495,2
iotfinder,dns,r,A,False,0.000183,628,3
iotfinder,dns,r,A,False,0.000184,836,2
iotfinder,dns,r,A,False,0.000185,1059,1
iotfinder,dns,r,A,False,0.000186,1489,2
iotfinder,dns,r,A,False,0.000187,2056,
iotfinder,dns,r,A,False,0.000188,2881,2
iotfinder,dns,r,A,False,0.000189,3856,4
iotfinder,dns,r,A,False,0.00019,4831,2
iotfinder,dns,r,A,False,0.000191,6338,3
iotfinder,dns,r,A,False,0.000192,7517,1
iotfinder,dns,r,A,False,0.000193,8927,1
iotfinder,dns,r,A,False,0.000194,10164,
iotfinder,dns,r,A,False,0.000195,11269,1
iotfinder,dns,r,A,False,0.000196,12124,1
iotfinder,dns,r,A,False,0.000197,12805,3
iotfinder,dns,r,A,False,0.000198,13372,1
iotfinder,dns,r,A,False,0.000199,13869,
iotfinder,dns,r,A,False,0.0002,14189,1
iotfinder,dns,r,A,False,0.000201,14493,1
iotfinder,dns,r,A,False,0.000202,14618,1
iotfinder,dns,r,A,False,0.000203,14792,2
iotfinder,dns,r,A,False,0.000204,14382,1
iotfinder,dns,r,A,False,0.000205,13815,
iotfinder,dns,r,A,False,0.000206,12992,2
iotfinder,dns,r,A,False,0.000207,11823,1
iotfinder,dns,r,A,False,0.000208,10938,
iotfinder,dns,r,A,False,0.000209,9522,1
iotfinder,dns,r,A,False,0.00021,8659,1
iotfinder,dns,r,A,False,0.000211,7496,2
iotfinder,dns,r,A,False,0.000212,6747,
iotfinder,dns,r,A,False,0.000213,5795,1
iotfinder,dns,r,A,False,0.000214,5001,
iotfinder,dns,r,A,False,0.000215,4218,1
iotfinder,dns,r,A,False,0.000216,3431,1
iotfinder,dns,r,A,False,0.000217,2828,
iotfinder,dns,r,A,False,0.000218,2240,
iotfinder,dns,r,A,False,0.000219,1839,
iotfinder,dns,r,A,False,0.00022,1553,1
iotfinder,dns,r,A,False,0.000221,1212,
iotfinder,dns,r,A,False,0.000222,1042,
iotfinder,dns,r,A,False,0.000223,860,
iotfinder,dns,r,A,False,0.000224,646,1
iotfinder,dns,r,A,False,0.000225,495,2
iotfinder,dns,r,A,False,0.000226,384,1
iotfinder,dns,r,A,False,0.000227,297,
iotfinder,dns,r,A,False,0.000228,211,
iotfinder,dns,r,A,False,0.000229,139,
iotfinder,dns,r,A,False,0.00023,116,
iotfinder,dns,r,A,False,0.000231,81,
iotfinder,dns,r,A,False,0.000232,69,
iotfinder,dns,r,A,False,0.000233,62,
iotfinder,dns,r,A,False,0.000234,65,2
iotfinder,dns,r,A,False,0.000235,65,
iotfinder,dns,r,A,False,0.000236,55,2
iotfinder,dns,r,A,False,0.000237,39,2
iotfinder,dns,r,A,False,0.000238,49,
iotfinder,dns,r,A,False,0.000239,44,
iotfinder,dns,r,A,False,0.00024,43,
iotfinder,dns,r,A,False,0.000241,52,
iotfinder,dns,r,A,False,0.000242,31,1
iotfinder,dns,r,A,False,0.000243,52,
iotfinder,dns,r,A,False,0.000244,32,
iotfinder,dns,r,A,False,0.000245,36,
iotfinder,dns,r,A,False,0.000246,24,
iotfinder,dns,r,A,False,0.000247,24,
iotfinder,dns,r,A,False,0.000248,18,1
iotfinder,dns,r,A,False,0.000249,16,
iotfinder,dns,r,A,False,0.00025,11,
iotfinder,dns,r,A,False,0.000251,12,
iotfinder,dns,r,A,False,0.000252,10,
iotfinder,dns,r,A,False,0.000253,12,
iotfinder,dns,r,A,False,0.000254,17,
iotfinder,dns,r,A,False,0.000255,9,
iotfinder,dns,r,A,False,0.000256,7,
iotfinder,dns,r,A,False,0.000257,5,
iotfinder,dns,r,A,False,0.000258,5,
iotfinder,dns,r,A,False,0.000259,8,
iotfinder,dns,r,A,False,0.00026,6,
iotfinder,dns,r,A,False,0.000261,3,1
iotfinder,dns,r,A,False,0.000262,,1
iotfinder,dns,r,A,False,0.000263,3,
iotfinder,dns,r,A,False,0.000264,1,
iotfinder,dns,r,A,False,0.000265,4,
iotfinder,dns,r,A,False,0.000266,2,
iotfinder,dns,r,A,False,0.000267,3,
iotfinder,dns,r,A,False,0.000268,3,
iotfinder,dns,r,A,False,0.000269,3,
iotfinder,dns,r,A,False,0.00027,7,
iotfinder,dns,r,A,False,0.000271,5,
iotfinder,dns,r,A,False,0.000272,1,
iotfinder,dns,r,A,False,0.000273,1,
iotfinder,dns,r,A,False,0.000274,1,
iotfinder,dns,r,A,False,0.000275,5,
iotfinder,dns,r,A,False,0.000276,2,
iotfinder,dns,r,A,False,0.000277,3,
iotfinder,dns,r,A,False,0.000278,3,
iotfinder,dns,r,A,False,0.000279,3,
iotfinder,dns,r,A,False,0.00028,3,
iotfinder,dns,r,A,False,0.000282,4,1
iotfinder,dns,r,A,False,0.000283,1,
iotfinder,dns,r,A,False,0.000284,1,
iotfinder,dns,r,A,False,0.000285,4,1
iotfinder,dns,r,A,False,0.000286,1,
iotfinder,dns,r,A,False,0.000287,1,
iotfinder,dns,r,A,False,0.000288,1,
iotfinder,dns,r,A,False,0.000289,4,
iotfinder,dns,r,A,False,0.00029,5,
iotfinder,dns,r,A,False,0.000291,5,
iotfinder,dns,r,A,False,0.000292,7,
iotfinder,dns,r,A,False,0.000293,6,
iotfinder,dns,r,A,False,0.000294,9,
iotfinder,dns,r,A,False,0.000295,10,
iotfinder,dns,r,A,False,0.000296,19,
iotfinder,dns,r,A,False,0.000297,27,
iotfinder,dns,r,A,False,0.000298,29,
iotfinder,dns,r,A,False,0.000299,29,
iotfinder,dns,r,A,False,0.0003,38,1
iotfinder,dns,r,A,False,0.000301,57,
iotfinder,dns,r,A,False,0.000302,52,
iotfinder,dns,r,A,False,0.000303,69,
iotfinder,dns,r,A,False,0.000304,48,
iotfinder,dns,r,A,False,0.000305,55,
iotfinder,dns,r,A,False,0.000306,67,
iotfinder,dns,r,A,False,0.000307,67,
iotfinder,dns,r,A,False,0.000308,53,
iotfinder,dns,r,A,False,0.000309,60,
iotfinder,dns,r,A,False,0.00031,67,
iotfinder,dns,r,A,False,0.000311,63,
iotfinder,dns,r,A,False,0.000312,61,
iotfinder,dns,r,A,False,0.000313,60,
iotfinder,dns,r,A,False,0.000314,66,
iotfinder,dns,r,A,False,0.000315,61,
iotfinder,dns,r,A,False,0.000316,52,
iotfinder,dns,r,A,False,0.000317,56,
iotfinder,dns,r,A,False,0.000318,39,
iotfinder,dns,r,A,False,0.000319,46,
iotfinder,dns,r,A,False,0.00032,40,
iotfinder,dns,r,A,False,0.000321,30,
iotfinder,dns,r,A,False,0.000322,25,
iotfinder,dns,r,A,False,0.000323,25,
iotfinder,dns,r,A,False,0.000324,18,
iotfinder,dns,r,A,False,0.000325,22,
iotfinder,dns,r,A,False,0.000326,13,
iotfinder,dns,r,A,False,0.000327,15,
iotfinder,dns,r,A,False,0.000328,19,
iotfinder,dns,r,A,False,0.000329,19,
iotfinder,dns,r,A,False,0.00033,13,
iotfinder,dns,r,A,False,0.000331,9,
iotfinder,dns,r,A,False,0.000332,7,
iotfinder,dns,r,A,False,0.000333,8,
iotfinder,dns,r,A,False,0.000334,11,
iotfinder,dns,r,A,False,0.000335,2,
iotfinder,dns,r,A,False,0.000336,6,
iotfinder,dns,r,A,False,0.000337,4,
iotfinder,dns,r,A,False,0.000338,5,
iotfinder,dns,r,A,False,0.000339,2,
iotfinder,dns,r,A,False,0.00034,2,
iotfinder,dns,r,A,False,0.000341,2,
iotfinder,dns,r,A,False,0.000342,3,
iotfinder,dns,r,A,False,0.000343,1,
iotfinder,dns,r,A,False,0.000344,1,
iotfinder,dns,r,A,False,0.000347,1,
iotfinder,dns,r,A,False,0.000348,2,
iotfinder,dns,r,A,False,0.000352,1,
iotfinder,dns,r,A,False,0.000353,1,
iotfinder,dns,r,A,False,0.000356,1,
iotfinder,dns,r,A,False,0.000358,3,
iotfinder,dns,r,A,False,0.000359,1,
iotfinder,dns,r,A,False,0.000363,1,
iotfinder,dns,r,A,False,0.000365,1,
iotfinder,dns,r,A,False,0.000366,1,
iotfinder,dns,r,A,False,0.000369,1,
iotfinder,dns,r,A,False,0.000372,2,
iotfinder,dns,r,A,False,0.000401,1,
iotfinder,dns,r,A,False,0.000418,1,
iotfinder,dns,r,A,False,0.000463,1,
iotfinder,dns,r,AAAA,False,6.8e-05,,18
iotfinder,dns,r,AAAA,False,6.9e-05,,73
iotfinder,dns,r,AAAA,False,7e-05,,200
iotfinder,dns,r,AAAA,False,7.1e-05,5,356
iotfinder,dns,r,AAAA,False,7.2e-05,99,568
iotfinder,dns,r,AAAA,False,7.3e-05,64,829
iotfinder,dns,r,AAAA,False,7.4e-05,25,1417
iotfinder,dns,r,AAAA,False,7.5e-05,28,1774
iotfinder,dns,r,AAAA,False,7.6e-05,40,1755
iotfinder,dns,r,AAAA,False,7.7e-05,375,1625
iotfinder,dns,r,AAAA,False,7.8e-05,2173,1538
iotfinder,dns,r,AAAA,False,7.9e-05,6586,1497
iotfinder,dns,r,AAAA,False,8e-05,15763,1605
iotfinder,dns,r,AAAA,False,8.1e-05,25770,2928
iotfinder,dns,r,AAAA,False,8.2e-05,32940,7172
iotfinder,dns,r,AAAA,False,8.3e-05,34326,15161
iotfinder,dns,r,AAAA,False,8.4e-05,35138,24594
iotfinder,dns,r,AAAA,False,8.5e-05,31035,31595
iotfinder,dns,r,AAAA,False,8.6e-05,23362,33970
iotfinder,dns,r,AAAA,False,8.7e-05,15401,34001
iotfinder,dns,r,AAAA,False,8.8e-05,10227,31891
iotfinder,dns,r,AAAA,False,8.9e-05,7384,25001
iotfinder,dns,r,AAAA,False,9e-05,5233,17204
iotfinder,dns,r,AAAA,False,9.1e-05,3110,11526
iotfinder,dns,r,AAAA,False,9.2e-05,1575,8045
iotfinder,dns,r,AAAA,False,9.3e-05,536,5295
iotfinder,dns,r,AAAA,False,9.4e-05,175,3307
iotfinder,dns,r,AAAA,False,9.5e-05,78,1798
iotfinder,dns,r,AAAA,False,9.6e-05,40,786
iotfinder,dns,r,AAAA,False,9.7e-05,48,274
iotfinder,dns,r,AAAA,False,9.8e-05,20,103
iotfinder,dns,r,AAAA,False,9.9e-05,18,59
iotfinder,dns,r,AAAA,False,0.0001,21,33
iotfinder,dns,r,AAAA,False,0.000101,8,17
iotfinder,dns,r,AAAA,False,0.000102,9,16
iotfinder,dns,r,AAAA,False,0.000103,10,16
iotfinder,dns,r,AAAA,False,0.000104,8,17
iotfinder,dns,r,AAAA,False,0.000105,10,14
iotfinder,dns,r,AAAA,False,0.000106,9,12
iotfinder,dns,r,AAAA,False,0.000107,8,10
iotfinder,dns,r,AAAA,False,0.000108,7,13
iotfinder,dns,r,AAAA,False,0.000109,4,22
iotfinder,dns,r,AAAA,False,0.00011,5,33
iotfinder,dns,r,AAAA,False,0.000111,3,56
iotfinder,dns,r,AAAA,False,0.000112,2,116
iotfinder,dns,r,AAAA,False,0.000113,3,163
iotfinder,dns,r,AAAA,False,0.000114,2,218
iotfinder,dns,r,AAAA,False,0.000115,4,241
iotfinder,dns,r,AAAA,False,0.000116,1,256
iotfinder,dns,r,AAAA,False,0.000117,2,258
iotfinder,dns,r,AAAA,False,0.000118,6,258
iotfinder,dns,r,AAAA,False,0.000119,16,262
iotfinder,dns,r,AAAA,False,0.00012,58,199
iotfinder,dns,r,AAAA,False,0.000121,107,186
iotfinder,dns,r,AAAA,False,0.000122,164,161
iotfinder,dns,r,AAAA,False,0.000123,258,189
iotfinder,dns,r,AAAA,False,0.000124,311,302
iotfinder,dns,r,AAAA,False,0.000125,409,424
iotfinder,dns,r,AAAA,False,0.000126,560,587
iotfinder,dns,r,AAAA,False,0.000127,604,665
iotfinder,dns,r,AAAA,False,0.000128,691,693
iotfinder,dns,r,AAAA,False,0.000129,743,665
iotfinder,dns,r,AAAA,False,0.00013,730,761
iotfinder,dns,r,AAAA,False,0.000131,706,705
iotfinder,dns,r,AAAA,False,0.000132,689,684
iotfinder,dns,r,AAAA,False,0.000133,721,627
iotfinder,dns,r,AAAA,False,0.000134,667,541
iotfinder,dns,r,AAAA,False,0.000135,695,440
iotfinder,dns,r,AAAA,False,0.000136,743,344
iotfinder,dns,r,AAAA,False,0.000137,752,250
iotfinder,dns,r,AAAA,False,0.000138,750,184
iotfinder,dns,r,AAAA,False,0.000139,627,137
iotfinder,dns,r,AAAA,False,0.00014,684,121
iotfinder,dns,r,AAAA,False,0.000141,600,70
iotfinder,dns,r,AAAA,False,0.000142,733,66
iotfinder,dns,r,AAAA,False,0.000143,699,39
iotfinder,dns,r,AAAA,False,0.000144,652,20
iotfinder,dns,r,AAAA,False,0.000145,543,13
iotfinder,dns,r,AAAA,False,0.000146,434,9
iotfinder,dns,r,AAAA,False,0.000147,269,4
iotfinder,dns,r,AAAA,False,0.000148,214,3
iotfinder,dns,r,AAAA,False,0.000149,142,2
iotfinder,dns,r,AAAA,False,0.00015,128,1
iotfinder,dns,r,AAAA,False,0.000151,116,1
iotfinder,dns,r,AAAA,False,0.000152,115,1
iotfinder,dns,r,AAAA,False,0.000153,69,2
iotfinder,dns,r,AAAA,False,0.000154,38,
iotfinder,dns,r,AAAA,False,0.000155,19,1
iotfinder,dns,r,AAAA,False,0.000156,21,2
iotfinder,dns,r,AAAA,False,0.000157,11,1
iotfinder,dns,r,AAAA,False,0.000158,8,
iotfinder,dns,r,AAAA,False,0.000159,5,
iotfinder,dns,r,AAAA,False,0.00016,1,3
iotfinder,dns,r,AAAA,False,0.000161,3,1
iotfinder,dns,r,AAAA,False,0.000162,2,
iotfinder,dns,r,AAAA,False,0.000163,3,
iotfinder,dns,r,AAAA,False,0.000164,2,4
iotfinder,dns,r,AAAA,False,0.000165,2,2
iotfinder,dns,r,AAAA,False,0.000166,1,
iotfinder,dns,r,AAAA,False,0.000167,1,
iotfinder,dns,r,AAAA,False,0.000168,2,
iotfinder,dns,r,AAAA,False,0.000169,3,1
iotfinder,dns,r,AAAA,False,0.00017,,2
iotfinder,dns,r,AAAA,False,0.000171,1,1
iotfinder,dns,r,AAAA,False,0.000176,1,
iotfinder,dns,r,AAAA,False,0.000178,1,1
iotfinder,dns,r,AAAA,False,0.000179,1,
iotfinder,dns,r,AAAA,False,0.000183,,1
iotfinder,dns,r,AAAA,False,0.000185,2,2
iotfinder,dns,r,AAAA,False,0.000186,,1
iotfinder,dns,r,AAAA,False,0.00019,1,
iotfinder,dns,r,AAAA,False,0.000191,,1
iotfinder,dns,r,AAAA,False,0.000192,2,
iotfinder,dns,r,AAAA,False,0.000193,1,1
iotfinder,dns,r,AAAA,False,0.000194,2,
iotfinder,dns,r,AAAA,False,0.000195,2,1
iotfinder,dns,r,AAAA,False,0.000196,3,
iotfinder,dns,r,AAAA,False,0.000197,8,1
iotfinder,dns,r,AAAA,False,0.000198,14,
iotfinder,dns,r,AAAA,False,0.000199,24,
iotfinder,dns,r,AAAA,False,0.0002,37,1
iotfinder,dns,r,AAAA,False,0.000201,53,
iotfinder,dns,r,AAAA,False,0.000202,95,
iotfinder,dns,r,AAAA,False,0.000203,111,
iotfinder,dns,r,AAAA,False,0.000204,149,
iotfinder,dns,r,AAAA,False,0.000205,254,
iotfinder,dns,r,AAAA,False,0.000206,316,
iotfinder,dns,r,AAAA,False,0.000207,371,
iotfinder,dns,r,AAAA,False,0.000208,365,
iotfinder,dns,r,AAAA,False,0.000209,412,
iotfinder,dns,r,AAAA,False,0.00021,398,
iotfinder,dns,r,AAAA,False,0.000211,415,
iotfinder,dns,r,AAAA,False,0.000212,425,
iotfinder,dns,r,AAAA,False,0.000213,429,1
iotfinder,dns,r,AAAA,False,0.000214,453,
iotfinder,dns,r,AAAA,False,0.000215,455,
iotfinder,dns,r,AAAA,False,0.000216,423,
iotfinder,dns,r,AAAA,False,0.000217,428,
iotfinder,dns,r,AAAA,False,0.000218,364,
iotfinder,dns,r,AAAA,False,0.000219,358,
iotfinder,dns,r,AAAA,False,0.00022,342,
iotfinder,dns,r,AAAA,False,0.000221,270,
iotfinder,dns,r,AAAA,False,0.000222,227,
iotfinder,dns,r,AAAA,False,0.000223,207,
iotfinder,dns,r,AAAA,False,0.000224,179,
iotfinder,dns,r,AAAA,False,0.000225,134,
iotfinder,dns,r,AAAA,False,0.000226,113,
iotfinder,dns,r,AAAA,False,0.000227,100,
iotfinder,dns,r,AAAA,False,0.000228,78,
iotfinder,dns,r,AAAA,False,0.000229,73,
iotfinder,dns,r,AAAA,False,0.00023,56,
iotfinder,dns,r,AAAA,False,0.000231,45,
iotfinder,dns,r,AAAA,False,0.000232,39,
iotfinder,dns,r,AAAA,False,0.000233,31,
iotfinder,dns,r,AAAA,False,0.000234,44,
iotfinder,dns,r,AAAA,False,0.000235,25,
iotfinder,dns,r,AAAA,False,0.000236,22,
iotfinder,dns,r,AAAA,False,0.000237,24,
iotfinder,dns,r,AAAA,False,0.000238,25,
iotfinder,dns,r,AAAA,False,0.000239,41,
iotfinder,dns,r,AAAA,False,0.00024,48,
iotfinder,dns,r,AAAA,False,0.000241,67,1
iotfinder,dns,r,AAAA,False,0.000242,63,
iotfinder,dns,r,AAAA,False,0.000243,75,
iotfinder,dns,r,AAAA,False,0.000244,89,
iotfinder,dns,r,AAAA,False,0.000245,80,
iotfinder,dns,r,AAAA,False,0.000246,82,
iotfinder,dns,r,AAAA,False,0.000247,62,
iotfinder,dns,r,AAAA,False,0.000248,79,2
iotfinder,dns,r,AAAA,False,0.000249,85,
iotfinder,dns,r,AAAA,False,0.00025,94,
iotfinder,dns,r,AAAA,False,0.000251,87,1
iotfinder,dns,r,AAAA,False,0.000252,95,
iotfinder,dns,r,AAAA,False,0.000253,89,1
iotfinder,dns,r,AAAA,False,0.000254,85,1
iotfinder,dns,r,AAAA,False,0.000255,74,
iotfinder,dns,r,AAAA,False,0.000256,73,
iotfinder,dns,r,AAAA,False,0.000257,70,
iotfinder,dns,r,AAAA,False,0.000258,62,
iotfinder,dns,r,AAAA,False,0.000259,56,
iotfinder,dns,r,AAAA,False,0.00026,68,
iotfinder,dns,r,AAAA,False,0.000261,56,
iotfinder,dns,r,AAAA,False,0.000262,60,
iotfinder,dns,r,AAAA,False,0.000263,56,
iotfinder,dns,r,AAAA,False,0.000264,58,
iotfinder,dns,r,AAAA,False,0.000265,64,
iotfinder,dns,r,AAAA,False,0.000266,48,
iotfinder,dns,r,AAAA,False,0.000267,48,
iotfinder,dns,r,AAAA,False,0.000268,47,
iotfinder,dns,r,AAAA,False,0.000269,46,
iotfinder,dns,r,AAAA,False,0.00027,41,
iotfinder,dns,r,AAAA,False,0.000271,48,
iotfinder,dns,r,AAAA,False,0.000272,39,
iotfinder,dns,r,AAAA,False,0.000273,38,
iotfinder,dns,r,AAAA,False,0.000274,35,
iotfinder,dns,r,AAAA,False,0.000275,31,
iotfinder,dns,r,AAAA,False,0.000276,28,
iotfinder,dns,r,AAAA,False,0.000277,18,
iotfinder,dns,r,AAAA,False,0.000278,18,
iotfinder,dns,r,AAAA,False,0.000279,12,
iotfinder,dns,r,AAAA,False,0.00028,9,
iotfinder,dns,r,AAAA,False,0.000281,7,
iotfinder,dns,r,AAAA,False,0.000282,11,
iotfinder,dns,r,AAAA,False,0.000283,6,
iotfinder,dns,r,AAAA,False,0.000284,11,
iotfinder,dns,r,AAAA,False,0.000285,5,
iotfinder,dns,r,AAAA,False,0.000286,4,
iotfinder,dns,r,AAAA,False,0.000287,5,
iotfinder,dns,r,AAAA,False,0.000288,6,
iotfinder,dns,r,AAAA,False,0.000289,3,
iotfinder,dns,r,AAAA,False,0.00029,3,
iotfinder,dns,r,AAAA,False,0.000291,3,
iotfinder,dns,r,AAAA,False,0.000292,2,
iotfinder,dns,r,AAAA,False,0.000293,2,
iotfinder,dns,r,AAAA,False,0.000294,3,
iotfinder,dns,r,AAAA,False,0.000301,2,
iotfinder,dns,r,AAAA,False,0.000306,1,
iotfinder,dns,r,AAAA,False,0.000309,1,
iotfinder,dns,r,AAAA,False,0.000315,1,
iotfinder,dns,r,AAAA,False,0.000321,1,
iotfinder,dns,r,AAAA,False,0.000349,1,
iotfinder,dns,r,TXT,False,6.7e-05,1,
iotfinder,dns,r,TXT,False,6.8e-05,1,
iotfinder,dns,r,TXT,False,6.9e-05,2,
iotfinder,dns,r,TXT,False,7.1e-05,36,
iotfinder,dns,r,TXT,False,7.2e-05,53,
iotfinder,dns,r,TXT,False,7.3e-05,34,
iotfinder,dns,r,TXT,False,7.4e-05,27,
iotfinder,dns,r,TXT,False,7.5e-05,10,
iotfinder,dns,r,TXT,False,7.6e-05,5,
iotfinder,dns,r,TXT,False,7.7e-05,23,1
iotfinder,dns,r,TXT,False,7.8e-05,16,2
iotfinder,dns,r,TXT,False,7.9e-05,4,7
iotfinder,dns,r,TXT,False,8e-05,6,12
iotfinder,dns,r,TXT,False,8.1e-05,,37
iotfinder,dns,r,TXT,False,8.2e-05,,7
iotfinder,dns,r,TXT,False,8.3e-05,,14
iotfinder,dns,r,TXT,False,8.4e-05,,23
iotfinder,dns,r,TXT,False,8.5e-05,,41
iotfinder,dns,r,TXT,False,8.6e-05,,18
iotfinder,dns,r,TXT,False,8.7e-05,,6
iotfinder,dns,r,TXT,False,8.8e-05,1,12
iotfinder,dns,r,TXT,False,8.9e-05,,18
iotfinder,dns,r,TXT,False,9e-05,,12
iotfinder,dns,r,TXT,False,9.1e-05,,4
iotfinder,dns,r,TXT,False,9.2e-05,,2
iotfinder,dns,r,TXT,False,9.3e-05,,1
iotfinder,dns,r,TXT,False,9.4e-05,,1
iotfinder,dns,r,TXT,False,9.9e-05,,1
iotfinder,dns,r,PTR,False,7.1e-05,,4
iotfinder,dns,r,PTR,False,7.2e-05,,44
iotfinder,dns,r,PTR,False,7.3e-05,,280
iotfinder,dns,r,PTR,False,7.4e-05,,748
iotfinder,dns,r,PTR,False,7.5e-05,,824
iotfinder,dns,r,PTR,False,7.6e-05,,881
iotfinder,dns,r,PTR,False,7.7e-05,,970
iotfinder,dns,r,PTR,False,7.8e-05,,961
iotfinder,dns,r,PTR,False,7.9e-05,,993
iotfinder,dns,r,PTR,False,8e-05,,922
iotfinder,dns,r,PTR,False,8.1e-05,,1025
iotfinder,dns,r,PTR,False,8.2e-05,,1076
iotfinder,dns,r,PTR,False,8.3e-05,,1353
iotfinder,dns,r,PTR,False,8.4e-05,,1401
iotfinder,dns,r,PTR,False,8.5e-05,,1369
iotfinder,dns,r,PTR,False,8.6e-05,,1136
iotfinder,dns,r,PTR,False,8.7e-05,,836
iotfinder,dns,r,PTR,False,8.8e-05,,604
iotfinder,dns,r,PTR,False,8.9e-05,,344
iotfinder,dns,r,PTR,False,9e-05,,202
iotfinder,dns,r,PTR,False,9.1e-05,,169
iotfinder,dns,r,PTR,False,9.2e-05,,84
iotfinder,dns,r,PTR,False,9.3e-05,,47
iotfinder,dns,r,PTR,False,9.4e-05,,16
iotfinder,dns,r,PTR,False,9.5e-05,,5
iotfinder,dns,r,PTR,False,9.6e-05,,2
iotfinder,dns,r,PTR,False,9.7e-05,,1
iotfinder,dns,r,PTR,False,9.9e-05,,2
iotfinder,dns,r,PTR,False,0.0001,,2
iotfinder,dns,r,PTR,False,0.000102,12,
iotfinder,dns,r,PTR,False,0.000103,78,1
iotfinder,dns,r,PTR,False,0.000104,213,
iotfinder,dns,r,PTR,False,0.000105,482,
iotfinder,dns,r,PTR,False,0.000106,707,
iotfinder,dns,r,PTR,False,0.000107,761,
iotfinder,dns,r,PTR,False,0.000108,767,
iotfinder,dns,r,PTR,False,0.000109,590,1
iotfinder,dns,r,PTR,False,0.00011,658,
iotfinder,dns,r,PTR,False,0.000111,657,
iotfinder,dns,r,PTR,False,0.000112,593,
iotfinder,dns,r,PTR,False,0.000113,466,
iotfinder,dns,r,PTR,False,0.000114,287,
iotfinder,dns,r,PTR,False,0.000115,206,
iotfinder,dns,r,PTR,False,0.000116,135,
iotfinder,dns,r,PTR,False,0.000117,162,
iotfinder,dns,r,PTR,False,0.000118,249,
iotfinder,dns,r,PTR,False,0.000119,187,
iotfinder,dns,r,PTR,False,0.00012,93,
iotfinder,dns,r,PTR,False,0.000121,48,
iotfinder,dns,r,PTR,False,0.000122,13,
iotfinder,dns,r,PTR,False,0.000123,1,
iotfinder,dns,r,PTR,False,0.000124,2,
iotfinder,dns,r,PTR,False,0.000125,2,
iotfinder,dns,r,PTR,False,0.000126,2,
iotfinder,dns,r,PTR,False,0.000127,12,
iotfinder,dns,r,PTR,False,0.000128,35,1
iotfinder,dns,r,PTR,False,0.000129,86,
iotfinder,dns,r,PTR,False,0.00013,169,
iotfinder,dns,r,PTR,False,0.000131,312,
iotfinder,dns,r,PTR,False,0.000132,452,
iotfinder,dns,r,PTR,False,0.000133,561,
iotfinder,dns,r,PTR,False,0.000134,647,
iotfinder,dns,r,PTR,False,0.000135,707,
iotfinder,dns,r,PTR,False,0.000136,797,
iotfinder,dns,r,PTR,False,0.000137,793,
iotfinder,dns,r,PTR,False,0.000138,726,
iotfinder,dns,r,PTR,False,0.000139,684,
iotfinder,dns,r,PTR,False,0.00014,675,1
iotfinder,dns,r,PTR,False,0.000141,570,
iotfinder,dns,r,PTR,False,0.000142,417,
iotfinder,dns,r,PTR,False,0.000143,328,
iotfinder,dns,r,PTR,False,0.000144,245,
iotfinder,dns,r,PTR,False,0.000145,204,
iotfinder,dns,r,PTR,False,0.000146,164,
iotfinder,dns,r,PTR,False,0.000147,108,
iotfinder,dns,r,PTR,False,0.000148,73,
iotfinder,dns,r,PTR,False,0.000149,69,
iotfinder,dns,r,PTR,False,0.00015,50,
iotfinder,dns,r,PTR,False,0.000151,20,
iotfinder,dns,r,PTR,False,0.000152,14,
iotfinder,dns,r,PTR,False,0.000153,3,
iotfinder,dns,r,PTR,False,0.000154,4,
iotfinder,dns,r,PTR,False,0.000155,3,
iotfinder,dns,r,PTR,False,0.000156,1,
iotfinder,dns,r,PTR,False,0.000157,2,
iotfinder,dns,r,PTR,False,0.00017,1,
iotfinder,dns,r,PTR,False,0.000171,1,
iotfinder,dns,r,PTR,False,0.000188,1,
iotfinder,dns,r,PTR,False,0.000207,,1
iotfinder,dns,r,PTR,False,0.000212,1,
moniotr,mdns,q,PTR,False,2.2e-05,,1
moniotr,mdns,q,PTR,False,2.3e-05,68,136
moniotr,mdns,q,PTR,False,2.4e-05,256,215
moniotr,mdns,q,PTR,False,2.5e-05,132,131
moniotr,mdns,q,PTR,False,2.6e-05,315,456
moniotr,mdns,q,PTR,False,2.7e-05,662,497
moniotr,mdns,q,PTR,False,2.8e-05,800,654
moniotr,mdns,q,PTR,False,2.9e-05,285,365
moniotr,mdns,q,PTR,False,3e-05,27,103
moniotr,mdns,q,PTR,False,3.1e-05,1,6
moniotr,mdns,q,PTR,False,3.2e-05,2,
moniotr,mdns,q,PTR,False,3.3e-05,8,1
moniotr,mdns,q,PTR,False,3.4e-05,1,
moniotr,mdns,q,PTR,False,3.5e-05,2,
moniotr,mdns,q,PTR,False,3.6e-05,7,
moniotr,mdns,q,PTR,False,3.9e-05,,4
moniotr,mdns,q,PTR,False,4e-05,,50
moniotr,mdns,q,PTR,False,4.1e-05,,118
moniotr,mdns,q,PTR,False,4.2e-05,,48
moniotr,mdns,q,PTR,False,4.3e-05,,56
moniotr,mdns,q,PTR,False,4.4e-05,,29
moniotr,mdns,q,PTR,False,4.5e-05,,43
moniotr,mdns,q,PTR,False,4.6e-05,,129
moniotr,mdns,q,PTR,False,4.7e-05,,128
moniotr,mdns,q,PTR,False,4.8e-05,,110
moniotr,mdns,q,PTR,False,4.9e-05,,90
moniotr,mdns,q,PTR,False,5e-05,,81
moniotr,mdns,q,PTR,False,5.1e-05,,58
moniotr,mdns,q,PTR,False,5.2e-05,,27
moniotr,mdns,q,PTR,False,5.3e-05,,1
moniotr,mdns,q,PTR,False,6.1e-05,4,
moniotr,mdns,q,PTR,False,6.2e-05,53,1
moniotr,mdns,q,PTR,False,6.3e-05,65,
moniotr,mdns,q,PTR,False,6.4e-05,66,
moniotr,mdns,q,PTR,False,6.5e-05,27,
moniotr,mdns,q,PTR,False,6.6e-05,12,
moniotr,mdns,q,PTR,False,6.7e-05,51,
moniotr,mdns,q,PTR,False,6.8e-05,11,
moniotr,mdns,q,PTR,False,6.9e-05,17,
moniotr,mdns,q,PTR,False,7e-05,18,
moniotr,mdns,q,PTR,False,7.1e-05,80,
moniotr,mdns,q,PTR,False,7.2e-05,96,
moniotr,mdns,q,PTR,False,7.3e-05,100,
moniotr,mdns,q,PTR,False,7.4e-05,66,
moniotr,mdns,q,PTR,False,7.5e-05,67,
moniotr,mdns,q,PTR,False,7.6e-05,45,
moniotr,mdns,q,PTR,False,7.7e-05,29,
moniotr,mdns,q,PTR,False,7.8e-05,42,
moniotr,mdns,q,PTR,False,7.9e-05,62,
moniotr,mdns,q,PTR,False,8e-05,36,
moniotr,mdns,q,PTR,False,8.1e-05,18,
moniotr,mdns,q,PTR,False,8.2e-05,5,
moniotr,mdns,q,PTR,False,9.1e-05,1,
moniotr,mdns,q,PTR,False,9.2e-05,1,
moniotr,mdns,q,ANY,False,4.2e-05,,3
moniotr,mdns,q,ANY,False,4.3e-05,,1
moniotr,mdns,q,ANY,False,4.4e-05,,9
moniotr,mdns,q,ANY,False,4.5e-05,,35
moniotr,mdns,q,ANY,False,4.6e-05,,15
moniotr,mdns,q,ANY,False,4.7e-05,,10
moniotr,mdns,q,ANY,False,4.8e-05,,42
moniotr,mdns,q,ANY,False,4.9e-05,,49
moniotr,mdns,q,ANY,False,5e-05,,42
moniotr,mdns,q,ANY,False,5.1e-05,,21
moniotr,mdns,q,ANY,False,5.2e-05,,10
moniotr,mdns,q,ANY,False,5.3e-05,,27
moniotr,mdns,q,ANY,False,5.4e-05,,12
moniotr,mdns,q,ANY,False,5.5e-05,,1
moniotr,mdns,q,ANY,False,5.8e-05,1,
moniotr,mdns,q,ANY,False,5.9e-05,2,
moniotr,mdns,q,ANY,False,6.1e-05,1,
moniotr,mdns,q,ANY,False,6.2e-05,5,3
moniotr,mdns,q,ANY,False,6.3e-05,4,3
moniotr,mdns,q,ANY,False,6.4e-05,8,2
moniotr,mdns,q,ANY,False,6.5e-05,26,12
moniotr,mdns,q,ANY,False,6.6e-05,14,33
moniotr,mdns,q,ANY,False,6.7e-05,7,10
moniotr,mdns,q,ANY,False,6.8e-05,14,5
moniotr,mdns,q,ANY,False,6.9e-05,22,
moniotr,mdns,q,ANY,False,7e-05,42,
moniotr,mdns,q,ANY,False,7.1e-05,12,
moniotr,mdns,q,ANY,False,7.2e-05,11,
moniotr,mdns,q,ANY,False,7.3e-05,8,
moniotr,mdns,q,ANY,False,7.4e-05,3,
moniotr,mdns,q,ANY,False,7.5e-05,1,
moniotr,mdns,q,ANY,False,7.7e-05,3,
moniotr,mdns,q,ANY,False,7.8e-05,12,
moniotr,mdns,q,ANY,False,7.9e-05,10,
moniotr,mdns,q,ANY,False,8e-05,14,
moniotr,mdns,q,ANY,False,8.1e-05,3,
moniotr,mdns,q,ANY,False,8.3e-05,5,
moniotr,mdns,q,ANY,False,8.4e-05,23,
moniotr,mdns,q,ANY,False,8.5e-05,16,
moniotr,mdns,q,ANY,False,8.6e-05,10,
moniotr,mdns,q,ANY,False,0.000104,2,
moniotr,mdns,q,ANY,False,0.000105,2,
moniotr,mdns,q,ANY,False,0.000106,2,
moniotr,mdns,q,ANY,False,0.000108,3,
moniotr,mdns,q,ANY,False,0.000109,8,
moniotr,mdns,q,ANY,False,0.00011,13,
moniotr,mdns,q,ANY,False,0.000111,18,
moniotr,mdns,q,ANY,False,0.000112,10,
moniotr,mdns,q,ANY,False,0.000113,8,
moniotr,mdns,q,ANY,False,0.000114,2,
moniotr,mdns,q,SRV,False,2.7e-05,,10
moniotr,mdns,q,SRV,False,2.8e-05,,25
moniotr,mdns,q,SRV,False,2.9e-05,4,14
moniotr,mdns,q,SRV,False,3e-05,20,41
moniotr,mdns,q,SRV,False,3.1e-05,19,30
moniotr,mdns,q,SRV,False,3.2e-05,40,27
moniotr,mdns,q,SRV,False,3.3e-05,14,30
moniotr,mdns,q,SRV,False,3.4e-05,5,32
moniotr,mdns,q,SRV,False,3.5e-05,8,28
moniotr,mdns,q,SRV,False,3.6e-05,13,7
moniotr,mdns,q,SRV,False,3.7e-05,16,1
moniotr,mdns,q,SRV,False,3.8e-05,26,
moniotr,mdns,q,SRV,False,3.9e-05,50,
moniotr,mdns,q,SRV,False,4e-05,17,
moniotr,mdns,q,SRV,False,4.1e-05,4,
moniotr,mdns,q,SRV,False,4.2e-05,5,
moniotr,mdns,q,SRV,False,4.3e-05,5,
moniotr,mdns,q,SRV,False,5.5e-05,,1
moniotr,dns,q,A,False,1.9e-05,1,
moniotr,dns,q,A,False,2e-05,8,
moniotr,dns,q,A,False,2.1e-05,4327,1
moniotr,dns,q,A,False,2.2e-05,11644,1651
moniotr,dns,q,A,False,2.3e-05,7136,12192
moniotr,dns,q,A,False,2.4e-05,7550,9148
moniotr,dns,q,A,False,2.5e-05,15311,6971
moniotr,dns,q,A,False,2.6e-05,12465,12844
moniotr,dns,q,A,False,2.7e-05,7838,16329
moniotr,dns,q,A,False,2.8e-05,4280,10225
moniotr,dns,q,A,False,2.9e-05,2482,4884
moniotr,dns,q,A,False,3e-05,1717,1989
moniotr,dns,q,A,False,3.1e-05,930,524
moniotr,dns,q,A,False,3.2e-05,788,218
moniotr,dns,q,A,False,3.3e-05,213,104
moniotr,dns,q,A,False,3.4e-05,139,26
moniotr,dns,q,A,False,3.5e-05,99,8
moniotr,dns,q,A,False,3.6e-05,103,8
moniotr,dns,q,A,False,3.7e-05,74,6
moniotr,dns,q,A,False,3.8e-05,29,8
moniotr,dns,q,A,False,3.9e-05,7,3
moniotr,dns,q,A,False,4e-05,4,7
moniotr,dns,q,A,False,4.1e-05,4,2
moniotr,dns,q,A,False,4.2e-05,3,3
moniotr,dns,q,A,False,4.3e-05,3,2
moniotr,dns,q,A,False,4.4e-05,4,2
moniotr,dns,q,A,False,4.5e-05,2,
moniotr,dns,q,A,False,4.6e-05,1,
moniotr,dns,q,A,False,4.7e-05,,1
moniotr,dns,q,A,False,4.9e-05,,1
moniotr,dns,q,A,False,5.3e-05,,1
moniotr,dns,q,A,False,5.4e-05,,1
moniotr,dns,q,A,False,5.6e-05,1,
moniotr,dns,q,A,False,6.2e-05,,1
moniotr,dns,q,A,False,6.6e-05,,1
moniotr,dns,q,A,False,6.8e-05,,1
moniotr,dns,q,A,False,7.1e-05,,1
moniotr,dns,q,A,False,8.4e-05,1,
moniotr,dns,q,A,False,8.5e-05,,1
moniotr,dns,q,A,False,8.9e-05,,1
moniotr,dns,q,A,False,9.2e-05,1,
moniotr,dns,q,A,False,9.4e-05,,1
moniotr,dns,q,A,False,0.000101,1,
moniotr,dns,q,A,False,0.000102,1,
moniotr,dns,q,A,False,0.000121,,1
moniotr,dns,q,AAAA,False,2e-05,15,
moniotr,dns,q,AAAA,False,2.1e-05,122,
moniotr,dns,q,AAAA,False,2.2e-05,392,140
moniotr,dns,q,AAAA,False,2.3e-05,455,457
moniotr,dns,q,AAAA,False,2.4e-05,509,484
moniotr,dns,q,AAAA,False,2.5e-05,920,619
moniotr,dns,q,AAAA,False,2.6e-05,933,1056
moniotr,dns,q,AAAA,False,2.7e-05,863,1413
moniotr,dns,q,AAAA,False,2.8e-05,592,1289
moniotr,dns,q,AAAA,False,2.9e-05,492,561
moniotr,dns,q,AAAA,False,3e-05,204,192
moniotr,dns,q,AAAA,False,3.1e-05,423,100
moniotr,dns,q,AAAA,False,3.2e-05,177,72
moniotr,dns,q,AAAA,False,3.3e-05,65,25
moniotr,dns,q,AAAA,False,3.4e-05,90,5
moniotr,dns,q,AAAA,False,3.5e-05,61,4
moniotr,dns,q,AAAA,False,3.6e-05,73,2
moniotr,dns,q,AAAA,False,3.7e-05,21,
moniotr,dns,q,AAAA,False,3.8e-05,6,
moniotr,dns,q,AAAA,False,3.9e-05,4,
moniotr,dns,q,AAAA,False,4e-05,2,1
moniotr,dns,q,AAAA,False,4.1e-05,3,1
moniotr,dns,q,AAAA,False,4.2e-05,1,
moniotr,dns,q,AAAA,False,4.3e-05,2,
moniotr,dns,q,AAAA,False,4.9e-05,,1
moniotr,dns,q,AAAA,False,5.2e-05,,2
moniotr,dns,q,AAAA,False,6.7e-05,,1
moniotr,dns,q,TXT,False,2.7e-05,,13
moniotr,dns,q,TXT,False,2.8e-05,,2
moniotr,dns,q,TXT,False,2.9e-05,10,
moniotr,dns,q,TXT,False,3e-05,5,3
moniotr,dns,q,TXT,False,3.1e-05,,16
moniotr,dns,q,TXT,False,3.2e-05,,1
moniotr,dns,q,TXT,False,3.3e-05,2,
moniotr,dns,q,TXT,False,3.4e-05,11,
moniotr,dns,q,TXT,False,3.5e-05,7,
moniotr,dns,q,PTR,False,2.7e-05,,3
moniotr,dns,q,PTR,False,2.8e-05,1,3
moniotr,dns,q,PTR,False,2.9e-05,2,2
moniotr,dns,q,PTR,False,3e-05,3,9
moniotr,dns,q,PTR,False,3.1e-05,2,9
moniotr,dns,q,PTR,False,3.2e-05,1,5
moniotr,dns,q,PTR,False,3.3e-05,9,5
moniotr,dns,q,PTR,False,3.4e-05,9,1
moniotr,dns,q,PTR,False,3.5e-05,9,
moniotr,dns,q,PTR,False,3.6e-05,1,
moniotr,dns,r,A,True,5.6e-05,,22
moniotr,dns,r,A,True,5.7e-05,,1599
moniotr,dns,r,A,True,5.8e-05,,4786
moniotr,dns,r,A,True,5.9e-05,,4038
moniotr,dns,r,A,True,6e-05,,1493
moniotr,dns,r,A,True,6.1e-05,,2280
moniotr,dns,r,A,True,6.2e-05,,1831
moniotr,dns,r,A,True,6.3e-05,,793
moniotr,dns,r,A,True,6.4e-05,,469
moniotr,dns,r,A,True,6.5e-05,,607
moniotr,dns,r,A,True,6.6e-05,,981
moniotr,dns,r,A,True,6.7e-05,,1253
moniotr,dns,r,A,True,6.8e-05,,1098
moniotr,dns,r,A,True,6.9e-05,,736
moniotr,dns,r,A,True,7e-05,,736
moniotr,dns,r,A,True,7.1e-05,,805
moniotr,dns,r,A,True,7.2e-05,,617
moniotr,dns,r,A,True,7.3e-05,,334
moniotr,dns,r,A,True,7.4e-05,,215
moniotr,dns,r,A,True,7.5e-05,,127
moniotr,dns,r,A,True,7.6e-05,,60
moniotr,dns,r,A,True,7.7e-05,,32
moniotr,dns,r,A,True,7.8e-05,,23
moniotr,dns,r,A,True,7.9e-05,,24
moniotr,dns,r,A,True,8e-05,1,11
moniotr,dns,r,A,True,8.1e-05,178,8
moniotr,dns,r,A,True,8.2e-05,2574,6
moniotr,dns,r,A,True,8.3e-05,5434,4
moniotr,dns,r,A,True,8.4e-05,2222,5
moniotr,dns,r,A,True,8.5e-05,789,5
moniotr,dns,r,A,True,8.6e-05,1499,1
moniotr,dns,r,A,True,8.7e-05,1865,
moniotr,dns,r,A,True,8.8e-05,1380,2
moniotr,dns,r,A,True,8.9e-05,556,3
moniotr,dns,r,A,True,9e-05,406,4
moniotr,dns,r,A,True,9.1e-05,275,2
moniotr,dns,r,A,True,9.2e-05,297,4
moniotr,dns,r,A,True,9.3e-05,537,6
moniotr,dns,r,A,True,9.4e-05,849,17
moniotr,dns,r,A,True,9.5e-05,953,22
moniotr,dns,r,A,True,9.6e-05,912,32
moniotr,dns,r,A,True,9.7e-05,722,51
moniotr,dns,r,A,True,9.8e-05,542,83
moniotr,dns,r,A,True,9.9e-05,538,77
moniotr,dns,r,A,True,0.0001,514,53
moniotr,dns,r,A,True,0.000101,443,33
moniotr,dns,r,A,True,0.000102,371,18
moniotr,dns,r,A,True,0.000103,333,59
moniotr,dns,r,A,True,0.000104,206,91
moniotr,dns,r,A,True,0.000105,174,123
moniotr,dns,r,A,True,0.000106,106,150
moniotr,dns,r,A,True,0.000107,67,181
moniotr,dns,r,A,True,0.000108,46,266
moniotr,dns,r,A,True,0.000109,51,390
moniotr,dns,r,A,True,0.00011,45,248
moniotr,dns,r,A,True,0.000111,33,136
moniotr,dns,r,A,True,0.000112,17,99
moniotr,dns,r,A,True,0.000113,21,119
moniotr,dns,r,A,True,0.000114,9,136
moniotr,dns,r,A,True,0.000115,4,151
moniotr,dns,r,A,True,0.000116,4,128
moniotr,dns,r,A,True,0.000117,1,112
moniotr,dns,r,A,True,0.000118,,86
moniotr,dns,r,A,True,0.000119,2,96
moniotr,dns,r,A,True,0.00012,8,64
moniotr,dns,r,A,True,0.000121,3,47
moniotr,dns,r,A,True,0.000122,1,88
moniotr,dns,r,A,True,0.000123,8,118
moniotr,dns,r,A,True,0.000124,3,99
moniotr,dns,r,A,True,0.000125,,62
moniotr,dns,r,A,True,0.000126,,31
moniotr,dns,r,A,True,0.000127,3,17
moniotr,dns,r,A,True,0.000128,5,21
moniotr,dns,r,A,True,0.000129,3,40
moniotr,dns,r,A,True,0.00013,,27
moniotr,dns,r,A,True,0.000131,2,1
moniotr,dns,r,A,True,0.000132,,3
moniotr,dns,r,A,True,0.000133,1,3
moniotr,dns,r,A,True,0.000134,1,2
moniotr,dns,r,A,True,0.000135,1,
moniotr,dns,r,A,True,0.000136,3,
moniotr,dns,r,A,True,0.000137,5,
moniotr,dns,r,A,True,0.000138,4,1
moniotr,dns,r,A,True,0.000139,2,
moniotr,dns,r,A,True,0.00014,8,
moniotr,dns,r,A,True,0.000141,21,
moniotr,dns,r,A,True,0.000142,50,
moniotr,dns,r,A,True,0.000143,62,
moniotr,dns,r,A,True,0.000144,40,
moniotr,dns,r,A,True,0.000145,13,
moniotr,dns,r,A,True,0.000146,7,
moniotr,dns,r,A,True,0.000147,3,
moniotr,dns,r,A,True,0.000148,4,
moniotr,dns,r,A,True,0.000149,7,
moniotr,dns,r,A,True,0.00015,10,
moniotr,dns,r,A,True,0.000151,10,
moniotr,dns,r,A,True,0.000152,6,
moniotr,dns,r,A,True,0.000153,8,
moniotr,dns,r,A,True,0.000154,3,
moniotr,dns,r,A,True,0.000155,1,
moniotr,dns,r,A,True,0.000156,2,
moniotr,dns,r,A,True,0.000157,4,
moniotr,dns,r,A,True,0.000158,5,1
moniotr,dns,r,A,True,0.000159,3,
moniotr,dns,r,A,True,0.000166,,1
moniotr,dns,r,A,True,0.000168,1,
moniotr,dns,r,A,True,0.000184,3,
moniotr,dns,r,A,True,0.000186,3,
moniotr,dns,r,A,True,0.000187,5,
moniotr,dns,r,A,True,0.000188,4,
moniotr,dns,r,A,True,0.000189,3,
moniotr,dns,r,A,True,0.00019,7,
moniotr,dns,r,A,True,0.000191,10,
moniotr,dns,r,A,True,0.000192,13,
moniotr,dns,r,A,True,0.000193,7,
moniotr,dns,r,A,True,0.000194,5,
moniotr,dns,r,A,True,0.000195,9,
moniotr,dns,r,A,True,0.000196,12,
moniotr,dns,r,A,True,0.000197,10,
moniotr,dns,r,A,True,0.000198,8,
moniotr,dns,r,A,True,0.000199,10,
moniotr,dns,r,A,True,0.0002,14,
moniotr,dns,r,A,True,0.000201,10,
moniotr,dns,r,A,True,0.000202,18,
moniotr,dns,r,A,True,0.000203,33,
moniotr,dns,r,A,True,0.000204,52,
moniotr,dns,r,A,True,0.000205,52,
moniotr,dns,r,A,True,0.000206,67,
moniotr,dns,r,A,True,0.000207,97,
moniotr,dns,r,A,True,0.000208,63,
moniotr,dns,r,A,True,0.000209,79,
moniotr,dns,r,A,True,0.00021,121,
moniotr,dns,r,A,True,0.000211,137,
moniotr,dns,r,A,True,0.000212,177,
moniotr,dns,r,A,True,0.000213,203,
moniotr,dns,r,A,True,0.000214,180,1
moniotr,dns,r,A,True,0.000215,156,
moniotr,dns,r,A,True,0.000216,83,
moniotr,dns,r,A,True,0.000217,64,
moniotr,dns,r,A,True,0.000218,38,
moniotr,dns,r,A,True,0.000219,59,
moniotr,dns,r,A,True,0.00022,56,
moniotr,dns,r,A,True,0.000221,62,
moniotr,dns,r,A,True,0.000222,68,
moniotr,dns,r,A,True,0.000223,75,
moniotr,dns,r,A,True,0.000224,87,
moniotr,dns,r,A,True,0.000225,70,
moniotr,dns,r,A,True,0.000226,51,
moniotr,dns,r,A,True,0.000227,60,
moniotr,dns,r,A,True,0.000228,45,
moniotr,dns,r,A,True,0.000229,56,
moniotr,dns,r,A,True,0.00023,37,
moniotr,dns,r,A,True,0.000231,57,
moniotr,dns,r,A,True,0.000232,52,
moniotr,dns,r,A,True,0.000233,59,
moniotr,dns,r,A,True,0.000234,46,
moniotr,dns,r,A,True,0.000235,22,
moniotr,dns,r,A,True,0.000236,28,
moniotr,dns,r,A,True,0.000237,16,
moniotr,dns,r,A,True,0.000238,15,
moniotr,dns,r,A,True,0.000239,12,
moniotr,dns,r,A,True,0.00024,11,
moniotr,dns,r,A,True,0.000241,5,
moniotr,dns,r,A,True,0.000242,5,
moniotr,dns,r,A,True,0.000243,5,
moniotr,dns,r,A,True,0.000244,16,
moniotr,dns,r,A,True,0.000245,65,
moniotr,dns,r,A,True,0.000246,93,
moniotr,dns,r,A,True,0.000247,65,
moniotr,dns,r,A,True,0.000248,56,
moniotr,dns,r,A,True,0.000249,34,
moniotr,dns,r,A,True,0.00025,28,
moniotr,dns,r,A,True,0.000251,14,
moniotr,dns,r,A,True,0.000252,12,
moniotr,dns,r,A,True,0.000253,16,
moniotr,dns,r,A,True,0.000254,7,
moniotr,dns,r,A,True,0.000255,5,
moniotr,dns,r,A,True,0.000256,16,
moniotr,dns,r,A,True,0.000257,26,
moniotr,dns,r,A,True,0.000258,10,
moniotr,dns,r,A,True,0.000259,11,
moniotr,dns,r,A,True,0.00026,10,
moniotr,dns,r,A,True,0.000261,4,1
moniotr,dns,r,A,True,0.000263,2,
moniotr,dns,r,A,True,0.000264,1,
moniotr,dns,r,A,True,0.00027,1,
moniotr,dns,r,A,True,0.000275,1,
moniotr,dns,r,A,True,0.000278,1,
moniotr,dns,r,A,True,0.000298,1,
moniotr,dns,r,A,True,0.000336,1,
moniotr,dns,r,A,False,5.9e-05,2,
moniotr,dns,r,A,False,6e-05,6,
moniotr,dns,r,A,False,6.2e-05,,1
moniotr,dns,r,A,False,6.3e-05,1,4
moniotr,dns,r,A,False,6.4e-05,,3
moniotr,dns,r,A,False,6.6e-05,7,
moniotr,dns,r,A,False,6.7e-05,4,1
moniotr,dns,r,A,False,6.8e-05,4,
moniotr,dns,r,A,False,6.9e-05,6,1
moniotr,dns,r,A,False,7e-05,9,
moniotr,dns,r,A,False,7.1e-05,14,9
moniotr,dns,r,A,False,7.2e-05,12,3
moniotr,dns,r,A,False,7.3e-05,13,4
moniotr,dns,r,A,False,7.4e-05,17,5
moniotr,dns,r,A,False,7.5e-05,4,18
moniotr,dns,r,A,False,7.6e-05,3,10
moniotr,dns,r,A,False,7.7e-05,2,6
moniotr,dns,r,A,False,7.8e-05,3,21
moniotr,dns,r,A,False,7.9e-05,2,11
moniotr,dns,r,A,False,8e-05,1,2
moniotr,dns,r,A,False,8.1e-05,1,3
moniotr,dns,r,A,False,8.2e-05,1,1
moniotr,dns,r,A,False,8.3e-05,,1
moniotr,dns,r,A,False,8.4e-05,,3
moniotr,dns,r,A,False,8.5e-05,,3
moniotr,dns,r,A,False,8.7e-05,,2
moniotr,dns,r,A,False,0.000107,,1
moniotr,dns,r,A,False,0.000108,,2
moniotr,dns,r,A,False,0.000109,,3
moniotr,dns,r,A,False,0.00011,,4
moniotr,dns,r,A,False,0.000111,,2
moniotr,dns,r,A,False,0.000112,,10
moniotr,dns,r,A,False,0.000113,,5
moniotr,dns,r,A,False,0.000114,,1
moniotr,dns,r,A,False,0.000115,2,4
moniotr,dns,r,A,False,0.000116,1,10
moniotr,dns,r,A,False,0.000117,,13
moniotr,dns,r,A,False,0.000118,,8
moniotr,dns,r,A,False,0.000119,,12
moniotr,dns,r,A,False,0.00012,,4
moniotr,dns,r,A,False,0.000121,,3
moniotr,dns,r,A,False,0.000122,,4
moniotr,dns,r,A,False,0.000124,,1
moniotr,dns,r,A,False,0.000125,,11
moniotr,dns,r,A,False,0.000126,,11
moniotr,dns,r,A,False,0.000127,,6
moniotr,dns,r,A,False,0.000128,,4
moniotr,dns,r,A,False,0.000129,,2
moniotr,dns,r,A,False,0.00013,,7
moniotr,dns,r,A,False,0.000131,,2
moniotr,dns,r,A,False,0.000132,,1
moniotr,dns,r,A,False,0.000176,1,
moniotr,dns,r,A,False,0.000178,1,
moniotr,dns,r,A,False,0.000179,1,
moniotr,dns,r,A,False,0.000181,2,
moniotr,dns,r,A,False,0.000182,1,
moniotr,dns,r,A,False,0.000183,4,
moniotr,dns,r,A,False,0.000184,1,
moniotr,dns,r,A,False,0.000185,1,
moniotr,dns,r,A,False,0.000186,1,
moniotr,dns,r,A,False,0.000187,3,
moniotr,dns,r,A,False,0.000188,4,
moniotr,dns,r,A,False,0.000189,5,
moniotr,dns,r,A,False,0.00019,8,
moniotr,dns,r,A,False,0.000191,16,
moniotr,dns,r,A,False,0.000192,18,
moniotr,dns,r,A,False,0.000193,4,
moniotr,dns,r,A,False,0.000194,3,
moniotr,dns,r,A,False,0.000195,2,
moniotr,dns,r,A,False,0.000196,1,
moniotr,dns,r,A,False,0.000197,1,
moniotr,dns,r,A,False,0.000198,1,
moniotr,dns,r,A,False,0.000199,1,
moniotr,dns,r,A,False,0.000202,2,
moniotr,dns,r,A,False,0.000204,1,
moniotr,dns,r,A,False,0.000218,1,
moniotr,dns,r,A,False,0.000219,2,
moniotr,dns,r,A,False,0.00022,4,
moniotr,dns,r,A,False,0.000221,12,
moniotr,dns,r,A,False,0.000222,5,
moniotr,dns,r,A,False,0.000223,5,
moniotr,dns,r,A,False,0.000224,4,
moniotr,dns,r,A,False,0.000225,3,
moniotr,dns,r,A,False,0.000226,2,
moniotr,dns,r,A,False,0.000227,4,
moniotr,dns,r,A,False,0.000228,2,
moniotr,dns,r,A,False,0.000229,1,
moniotr,dns,r,AAAA,True,7e-05,,2
moniotr,dns,r,AAAA,True,7.1e-05,,15
moniotr,dns,r,AAAA,True,7.2e-05,,18
moniotr,dns,r,AAAA,True,7.3e-05,,11
moniotr,dns,r,AAAA,True,7.4e-05,,23
moniotr,dns,r,AAAA,True,7.5e-05,,27
moniotr,dns,r,AAAA,True,7.6e-05,,14
moniotr,dns,r,AAAA,True,7.7e-05,,8
moniotr,dns,r,AAAA,True,7.8e-05,,13
moniotr,dns,r,AAAA,True,7.9e-05,,23
moniotr,dns,r,AAAA,True,8e-05,,16
moniotr,dns,r,AAAA,True,8.1e-05,,17
moniotr,dns,r,AAAA,True,8.2e-05,,18
moniotr,dns,r,AAAA,True,8.3e-05,,29
moniotr,dns,r,AAAA,True,8.4e-05,,25
moniotr,dns,r,AAAA,True,8.5e-05,,27
moniotr,dns,r,AAAA,True,8.6e-05,,50
moniotr,dns,r,AAAA,True,8.7e-05,,28
moniotr,dns,r,AAAA,True,8.8e-05,,7
moniotr,dns,r,AAAA,True,8.9e-05,,3
moniotr,dns,r,AAAA,True,9e-05,,6
moniotr,dns,r,AAAA,True,9.3e-05,,1
moniotr,dns,r,AAAA,True,9.4e-05,10,1
moniotr,dns,r,AAAA,True,9.5e-05,14,
moniotr,dns,r,AAAA,True,9.6e-05,16,
moniotr,dns,r,AAAA,True,9.7e-05,4,
moniotr,dns,r,AAAA,True,9.8e-05,6,
moniotr,dns,r,AAAA,True,9.9e-05,19,
moniotr,dns,r,AAAA,True,0.0001,4,
moniotr,dns,r,AAAA,True,0.000101,8,1
moniotr,dns,r,AAAA,True,0.000102,7,
moniotr,dns,r,AAAA,True,0.000103,5,
moniotr,dns,r,AAAA,True,0.000104,20,
moniotr,dns,r,AAAA,True,0.000105,12,
moniotr,dns,r,AAAA,True,0.000106,14,
moniotr,dns,r,AAAA,True,0.000107,21,
moniotr,dns,r,AAAA,True,0.000108,14,1
moniotr,dns,r,AAAA,True,0.000109,14,2
moniotr,dns,r,AAAA,True,0.00011,15,2
moniotr,dns,r,AAAA,True,0.000111,26,4
moniotr,dns,r,AAAA,True,0.000112,25,2
moniotr,dns,r,AAAA,True,0.000113,25,3
moniotr,dns,r,AAAA,True,0.000114,31,
moniotr,dns,r,AAAA,True,0.000115,20,1
moniotr,dns,r,AAAA,True,0.000116,21,
moniotr,dns,r,AAAA,True,0.000117,17,2
moniotr,dns,r,AAAA,True,0.000118,8,1
moniotr,dns,r,AAAA,True,0.000119,2,
moniotr,dns,r,AAAA,True,0.00012,2,
moniotr,dns,r,AAAA,True,0.000121,,1
moniotr,dns,r,AAAA,True,0.000122,2,
moniotr,dns,r,AAAA,True,0.000123,1,
moniotr,dns,r,AAAA,True,0.000128,,1
moniotr,dns,r,AAAA,True,0.000129,,2
moniotr,dns,r,AAAA,True,0.00013,,3
moniotr,dns,r,AAAA,True,0.000131,,1
moniotr,dns,r,AAAA,True,0.000133,,2
moniotr,dns,r,AAAA,True,0.000134,,2
moniotr,dns,r,AAAA,True,0.000205,2,
moniotr,dns,r,AAAA,True,0.000208,4,
moniotr,dns,r,AAAA,True,0.000209,2,
moniotr,dns,r,AAAA,True,0.00021,4,
moniotr,dns,r,AAAA,True,0.000211,4,
moniotr,dns,r,AAAA,True,0.00022,1,
moniotr,dns,r,AAAA,True,0.000221,1,
moniotr,dns,r,AAAA,True,0.000229,1,
moniotr,dns,r,AAAA,True,0.000242,1,
moniotr,dns,r,AAAA,True,0.000244,2,
moniotr,dns,r,AAAA,True,0.000245,2,
moniotr,dns,r,AAAA,True,0.000246,1,
moniotr,dns,r,AAAA,True,0.000248,1,
moniotr,dns,r,AAAA,True,0.000249,2,
moniotr,dns,r,AAAA,True,0.00025,1,
moniotr,dns,r,AAAA,True,0.000257,1,
moniotr,dns,r,AAAA,False,7.9e-05,1,
moniotr,dns,r,AAAA,False,8e-05,9,
moniotr,dns,r,AAAA,False,8.1e-05,3,
moniotr,dns,r,AAAA,False,8.2e-05,1,
moniotr,dns,r,AAAA,False,8.3e-05,,4
moniotr,dns,r,AAAA,False,8.4e-05,,7
moniotr,dns,r,AAAA,False,8.5e-05,2,1
moniotr,dns,r,AAAA,False,8.6e-05,1,1
moniotr,dns,r,AAAA,False,8.7e-05,,1
moniotr,dns,r,AAAA,False,8.9e-05,,3
moniotr,dns,r,PTR,True,6.8e-05,,1
moniotr,dns,r,PTR,True,7.2e-05,,1
moniotr,dns,r,PTR,True,7.5e-05,,1
moniotr,dns,r,PTR,True,8.2e-05,,2
moniotr,dns,r,PTR,True,8.4e-05,,1
moniotr,dns,r,PTR,True,0.00015,1,
moniotr,dns,r,PTR,True,0.000162,1,
moniotr,dns,r,PTR,True,0.000166,1,
moniotr,dns,r,PTR,True,0.000179,2,
moniotr,dns,r,PTR,True,0.000183,1,
yourthings,llmnr,q,PTR,False,2.7e-05,,3
yourthings,llmnr,q,PTR,False,2.8e-05,,50
yourthings,llmnr,q,PTR,False,2.9e-05,,87
yourthings,llmnr,q,PTR,False,3e-05,5,61
yourthings,llmnr,q,PTR,False,3.1e-05,35,22
yourthings,llmnr,q,PTR,False,3.2e-05,87,2
yourthings,llmnr,q,PTR,False,3.3e-05,59,
yourthings,llmnr,q,PTR,False,3.4e-05,32,
yourthings,llmnr,q,PTR,False,3.5e-05,5,
yourthings,llmnr,q,PTR,False,4e-05,1,
yourthings,llmnr,q,PTR,False,5.5e-05,1,
yourthings,mdns,q,A,False,2.4e-05,4,83
yourthings,mdns,q,A,False,2.5e-05,48,226
yourthings,mdns,q,A,False,2.6e-05,263,268
yourthings,mdns,q,A,False,2.7e-05,167,1754
yourthings,mdns,q,A,False,2.8e-05,829,6095
yourthings,mdns,q,A,False,2.9e-05,4492,4633
yourthings,mdns,q,A,False,3e-05,6302,2106
yourthings,mdns,q,A,False,3.1e-05,2879,541
yourthings,mdns,q,A,False,3.2e-05,734,79
yourthings,mdns,q,A,False,3.3e-05,71,12
yourthings,mdns,q,A,False,3.4e-05,13,4
yourthings,mdns,q,A,False,3.5e-05,1,2
yourthings,mdns,q,A,False,3.6e-05,1,1
yourthings,mdns,q,A,False,3.7e-05,1,
yourthings,mdns,q,A,False,4.1e-05,,1
yourthings,mdns,q,A,False,4.3e-05,,1
yourthings,mdns,q,A,False,4.6e-05,,1
yourthings,mdns,q,A,False,5.4e-05,1,
yourthings,mdns,q,A,False,6.6e-05,1,
yourthings,mdns,q,A,False,0.000101,1,
yourthings,mdns,q,A,False,0.000106,,1
yourthings,mdns,q,AAAA,False,2.2e-05,14,
yourthings,mdns,q,AAAA,False,2.3e-05,13,7
yourthings,mdns,q,AAAA,False,2.4e-05,17,18
yourthings,mdns,q,AAAA,False,2.5e-05,21,33
yourthings,mdns,q,AAAA,False,2.6e-05,9,463
yourthings,mdns,q,AAAA,False,2.7e-05,51,4111
yourthings,mdns,q,AAAA,False,2.8e-05,1751,4375
yourthings,mdns,q,AAAA,False,2.9e-05,5303,3094
yourthings,mdns,q,AAAA,False,3e-05,4296,1064
yourthings,mdns,q,AAAA,False,3.1e-05,1520,292
yourthings,mdns,q,AAAA,False,3.2e-05,396,50
yourthings,mdns,q,AAAA,False,3.3e-05,91,8
yourthings,mdns,q,AAAA,False,3.4e-05,33,3
yourthings,mdns,q,AAAA,False,3.5e-05,3,4
yourthings,mdns,q,AAAA,False,3.6e-05,1,
yourthings,mdns,q,AAAA,False,3.7e-05,2,
yourthings,mdns,q,AAAA,False,3.9e-05,1,
yourthings,mdns,q,AAAA,False,4e-05,1,2
yourthings,mdns,q,AAAA,False,4.3e-05,1,4
yourthings,mdns,q,AAAA,False,4.4e-05,1,1
yourthings,mdns,q,AAAA,False,4.6e-05,,5
yourthings,mdns,q,AAAA,False,4.7e-05,,16
yourthings,mdns,q,AAAA,False,4.8e-05,,30
yourthings,mdns,q,AAAA,False,4.9e-05,,23
yourthings,mdns,q,AAAA,False,5e-05,,22
yourthings,mdns,q,AAAA,False,5.1e-05,,12
yourthings,mdns,q,AAAA,False,5.2e-05,,8
yourthings,mdns,q,AAAA,False,5.5e-05,,1
yourthings,mdns,q,AAAA,False,5.6e-05,,1
yourthings,mdns,q,AAAA,False,6.7e-05,,1
yourthings,mdns,q,AAAA,False,6.9e-05,3,
yourthings,mdns,q,AAAA,False,7e-05,1,
yourthings,mdns,q,AAAA,False,7.2e-05,4,
yourthings,mdns,q,AAAA,False,7.3e-05,2,
yourthings,mdns,q,AAAA,False,7.4e-05,12,
yourthings,mdns,q,AAAA,False,7.5e-05,15,
yourthings,mdns,q,AAAA,False,7.6e-05,21,
yourthings,mdns,q,AAAA,False,7.7e-05,17,
yourthings,mdns,q,AAAA,False,7.8e-05,17,
yourthings,mdns,q,AAAA,False,7.9e-05,11,
yourthings,mdns,q,AAAA,False,8e-05,12,
yourthings,mdns,q,AAAA,False,8.1e-05,3,
yourthings,mdns,q,AAAA,False,8.3e-05,2,
yourthings,mdns,q,AAAA,False,8.4e-05,1,
yourthings,mdns,q,AAAA,False,9.6e-05,1,
yourthings,mdns,q,AAAA,False,0.00013,1,
yourthings,mdns,q,TXT,False,2.6e-05,,11
yourthings,mdns,q,TXT,False,2.7e-05,1,64
yourthings,mdns,q,TXT,False,2.8e-05,22,156
yourthings,mdns,q,TXT,False,2.9e-05,93,193
yourthings,mdns,q,TXT,False,3e-05,127,162
yourthings,mdns,q,TXT,False,3.1e-05,129,120
yourthings,mdns,q,TXT,False,3.2e-05,87,88
yourthings,mdns,q,TXT,False,3.3e-05,50,43
yourthings,mdns,q,TXT,False,3.4e-05,55,17
yourthings,mdns,q,TXT,False,3.5e-05,71,9
yourthings,mdns,q,TXT,False,3.6e-05,90,
yourthings,mdns,q,TXT,False,3.7e-05,79,1
yourthings,mdns,q,TXT,False,3.8e-05,33,
yourthings,mdns,q,TXT,False,3.9e-05,19,
yourthings,mdns,q,TXT,False,4e-05,7,
yourthings,mdns,q,TXT,False,4.1e-05,1,
yourthings,mdns,q,TXT,False,5.1e-05,,2
yourthings,mdns,q,TXT,False,5.2e-05,,2
yourthings,mdns,q,TXT,False,8.2e-05,2,
yourthings,mdns,q,TXT,False,8.4e-05,2,
yourthings,mdns,q,PTR,False,2.2e-05,7,55
yourthings,mdns,q,PTR,False,2.3e-05,1041,1333
yourthings,mdns,q,PTR,False,2.4e-05,1680,1493
yourthings,mdns,q,PTR,False,2.5e-05,6285,8023
yourthings,mdns,q,PTR,False,2.6e-05,32418,40954
yourthings,mdns,q,PTR,False,2.7e-05,51925,45267
yourthings,mdns,q,PTR,False,2.8e-05,24474,20778
yourthings,mdns,q,PTR,False,2.9e-05,5252,6823
yourthings,mdns,q,PTR,False,3e-05,691,5360
yourthings,mdns,q,PTR,False,3.1e-05,536,4154
yourthings,mdns,q,PTR,False,3.2e-05,2674,1904
yourthings,mdns,q,PTR,False,3.3e-05,4846,477
yourthings,mdns,q,PTR,False,3.4e-05,3464,103
yourthings,mdns,q,PTR,False,3.5e-05,1198,26
yourthings,mdns,q,PTR,False,3.6e-05,242,11
yourthings,mdns,q,PTR,False,3.7e-05,41,7
yourthings,mdns,q,PTR,False,3.8e-05,5,3
yourthings,mdns,q,PTR,False,3.9e-05,8,12
yourthings,mdns,q,PTR,False,4e-05,2,279
yourthings,mdns,q,PTR,False,4.1e-05,4,1572
yourthings,mdns,q,PTR,False,4.2e-05,4,790
yourthings,mdns,q,PTR,False,4.3e-05,,1047
yourthings,mdns,q,PTR,False,4.4e-05,1,1874
yourthings,mdns,q,PTR,False,4.5e-05,2,6615
yourthings,mdns,q,PTR,False,4.6e-05,,12870
yourthings,mdns,q,PTR,False,4.7e-05,,16936
yourthings,mdns,q,PTR,False,4.8e-05,,14792
yourthings,mdns,q,PTR,False,4.9e-05,2,9338
yourthings,mdns,q,PTR,False,5e-05,,6841
yourthings,mdns,q,PTR,False,5.1e-05,,3480
yourthings,mdns,q,PTR,False,5.2e-05,,935
yourthings,mdns,q,PTR,False,5.3e-05,,188
yourthings,mdns,q,PTR,False,5.4e-05,,37
yourthings,mdns,q,PTR,False,5.5e-05,,11
yourthings,mdns,q,PTR,False,5.6e-05,,11
yourthings,mdns,q,PTR,False,5.7e-05,,12
yourthings,mdns,q,PTR,False,5.8e-05,,16
yourthings,mdns,q,PTR,False,5.9e-05,,11
yourthings,mdns,q,PTR,False,6e-05,,8
yourthings,mdns,q,PTR,False,6.1e-05,,6
yourthings,mdns,q,PTR,False,6.2e-05,37,12
yourthings,mdns,q,PTR,False,6.3e-05,613,5
yourthings,mdns,q,PTR,False,6.4e-05,1240,1
yourthings,mdns,q,PTR,False,6.5e-05,399,3
yourthings,mdns,q,PTR,False,6.6e-05,381,4
yourthings,mdns,q,PTR,False,6.7e-05,795,3
yourthings,mdns,q,PTR,False,6.8e-05,780,1
yourthings,mdns,q,PTR,False,6.9e-05,1807,3
yourthings,mdns,q,PTR,False,7e-05,4230,2
yourthings,mdns,q,PTR,False,7.1e-05,6924,2
yourthings,mdns,q,PTR,False,7.2e-05,9140,1
yourthings,mdns,q,PTR,False,7.3e-05,11084,1
yourthings,mdns,q,PTR,False,7.4e-05,10167,
yourthings,mdns,q,PTR,False,7.5e-05,8695,1
yourthings,mdns,q,PTR,False,7.6e-05,6071,
yourthings,mdns,q,PTR,False,7.7e-05,5111,
yourthings,mdns,q,PTR,False,7.8e-05,5045,
yourthings,mdns,q,PTR,False,7.9e-05,2717,1
yourthings,mdns,q,PTR,False,8e-05,1428,3
yourthings,mdns,q,PTR,False,8.1e-05,629,
yourthings,mdns,q,PTR,False,8.2e-05,227,1
yourthings,mdns,q,PTR,False,8.3e-05,71,1
yourthings,mdns,q,PTR,False,8.4e-05,17,
yourthings,mdns,q,PTR,False,8.5e-05,12,1
yourthings,mdns,q,PTR,False,8.6e-05,9,1
yourthings,mdns,q,PTR,False,8.7e-05,3,
yourthings,mdns,q,PTR,False,8.8e-05,4,
yourthings,mdns,q,PTR,False,8.9e-05,8,
yourthings,mdns,q,PTR,False,9e-05,11,1
yourthings,mdns,q,PTR,False,9.1e-05,4,3
yourthings,mdns,q,PTR,False,9.2e-05,5,
yourthings,mdns,q,PTR,False,9.3e-05,2,1
yourthings,mdns,q,PTR,False,9.4e-05,3,
yourthings,mdns,q,PTR,False,9.5e-05,3,
yourthings,mdns,q,PTR,False,9.6e-05,3,
yourthings,mdns,q,PTR,False,9.7e-05,5,1
yourthings,mdns,q,PTR,False,9.8e-05,4,
yourthings,mdns,q,PTR,False,9.9e-05,3,
yourthings,mdns,q,PTR,False,0.0001,4,
yourthings,mdns,q,PTR,False,0.000101,1,
yourthings,mdns,q,PTR,False,0.000102,1,
yourthings,mdns,q,PTR,False,0.000103,1,1
yourthings,mdns,q,PTR,False,0.000104,1,
yourthings,mdns,q,PTR,False,0.000105,1,
yourthings,mdns,q,PTR,False,0.000106,2,
yourthings,mdns,q,PTR,False,0.000107,1,
yourthings,mdns,q,PTR,False,0.000108,1,1
yourthings,mdns,q,PTR,False,0.00011,1,
yourthings,mdns,q,PTR,False,0.000111,,1
yourthings,mdns,q,PTR,False,0.000116,2,
yourthings,mdns,q,PTR,False,0.000121,1,
yourthings,mdns,q,PTR,False,0.000122,1,1
yourthings,mdns,q,PTR,False,0.000124,2,
yourthings,mdns,q,PTR,False,0.000126,1,
yourthings,mdns,q,PTR,False,0.000132,1,
yourthings,mdns,q,PTR,False,0.000134,,1
yourthings,mdns,q,PTR,False,0.000137,1,
yourthings,mdns,q,PTR,False,0.000138,,1
yourthings,mdns,q,PTR,False,0.000142,1,
yourthings,mdns,q,PTR,False,0.000143,1,
yourthings,mdns,q,PTR,False,0.000151,,1
yourthings,mdns,q,PTR,False,0.000152,,1
yourthings,mdns,q,PTR,False,0.000156,,1
yourthings,mdns,q,PTR,False,0.00017,,1
yourthings,mdns,q,PTR,False,0.000172,1,
yourthings,mdns,q,PTR,False,0.000222,,1
yourthings,mdns,q,PTR,False,0.00027,1,
yourthings,mdns,q,HINFO,False,2.2e-05,3,
yourthings,mdns,q,HINFO,False,2.3e-05,3,
yourthings,mdns,q,HINFO,False,2.4e-05,12,1
yourthings,mdns,q,HINFO,False,2.5e-05,5,9
yourthings,mdns,q,HINFO,False,2.6e-05,5,9
yourthings,mdns,q,HINFO,False,2.7e-05,3,10
yourthings,mdns,q,HINFO,False,2.8e-05,3,7
yourthings,mdns,q,HINFO,False,2.9e-05,3,2
yourthings,mdns,q,HINFO,False,8.8e-05,1,
yourthings,mdns,q,ANY,False,4.1e-05,,5
yourthings,mdns,q,ANY,False,4.2e-05,,1
yourthings,mdns,q,ANY,False,4.3e-05,,2
yourthings,mdns,q,ANY,False,4.6e-05,,4
yourthings,mdns,q,ANY,False,4.7e-05,,18
yourthings,mdns,q,ANY,False,4.8e-05,,38
yourthings,mdns,q,ANY,False,4.9e-05,,27
yourthings,mdns,q,ANY,False,5e-05,,10
yourthings,mdns,q,ANY,False,5.1e-05,,3
yourthings,mdns,q,ANY,False,5.8e-05,4,
yourthings,mdns,q,ANY,False,5.9e-05,3,
yourthings,mdns,q,ANY,False,6e-05,1,
yourthings,mdns,q,ANY,False,6.5e-05,,1
yourthings,mdns,q,ANY,False,6.6e-05,8,6
yourthings,mdns,q,ANY,False,6.7e-05,13,
yourthings,mdns,q,ANY,False,6.8e-05,25,
yourthings,mdns,q,ANY,False,6.9e-05,29,4
yourthings,mdns,q,ANY,False,7e-05,10,1
yourthings,mdns,q,ANY,False,7.1e-05,10,
yourthings,mdns,q,ANY,False,7.2e-05,2,
yourthings,mdns,q,ANY,False,7.3e-05,3,
yourthings,mdns,q,ANY,False,0.00011,4,
yourthings,mdns,q,ANY,False,0.000111,3,
yourthings,mdns,q,ANY,False,0.000112,1,
yourthings,mdns,q,ANY,False,0.000116,2,
yourthings,mdns,q,ANY,False,0.000117,2,
yourthings,mdns,q,SRV,False,2.6e-05,,16
yourthings,mdns,q,SRV,False,2.7e-05,5,229
yourthings,mdns,q,SRV,False,2.8e-05,106,421
yourthings,mdns,q,SRV,False,2.9e-05,386,452
yourthings,mdns,q,SRV,False,3e-05,250,594
yourthings,mdns,q,SRV,False,3.1e-05,60,1727
yourthings,mdns,q,SRV,False,3.2e-05,47,4295
yourthings,mdns,q,SRV,False,3.3e-05,90,7348
yourthings,mdns,q,SRV,False,3.4e-05,118,7757
yourthings,mdns,q,SRV,False,3.5e-05,442,4220
yourthings,mdns,q,SRV,False,3.6e-05,1292,1572
yourthings,mdns,q,SRV,False,3.7e-05,2915,331
yourthings,mdns,q,SRV,False,3.8e-05,3323,61
yourthings,mdns,q,SRV,False,3.9e-05,3416,12
yourthings,mdns,q,SRV,False,4e-05,5140,2
yourthings,mdns,q,SRV,False,4.1e-05,6091,4
yourthings,mdns,q,SRV,False,4.2e-05,3650,3
yourthings,mdns,q,SRV,False,4.3e-05,1386,
yourthings,mdns,q,SRV,False,4.4e-05,266,2
yourthings,mdns,q,SRV,False,4.5e-05,42,1
yourthings,mdns,q,SRV,False,4.6e-05,14,1
yourthings,mdns,q,SRV,False,4.7e-05,4,
yourthings,mdns,q,SRV,False,4.8e-05,,2
yourthings,mdns,q,SRV,False,4.9e-05,4,3
yourthings,mdns,q,SRV,False,5.1e-05,,4
yourthings,mdns,q,SRV,False,5.2e-05,1,6
yourthings,mdns,q,SRV,False,5.3e-05,2,2
yourthings,mdns,q,SRV,False,5.6e-05,,1
yourthings,mdns,q,SRV,False,5.9e-05,,1
yourthings,mdns,q,SRV,False,7.7e-05,2,
yourthings,mdns,q,SRV,False,7.8e-05,2,
yourthings,mdns,q,SRV,False,8.1e-05,3,
yourthings,mdns,q,SRV,False,8.2e-05,4,
yourthings,mdns,q,SRV,False,8.3e-05,5,
yourthings,mdns,q,SRV,False,9.1e-05,1,
yourthings,mdns,q,SRV,False,9.5e-05,,1
yourthings,mdns,q,SRV,False,9.9e-05,,1
yourthings,mdns,q,SRV,False,0.000106,1,
yourthings,mdns,q,SRV,False,0.000109,1,
yourthings,mdns,q,SRV,False,0.000127,,1
yourthings,mdns,q,SRV,False,0.00013,1,
yourthings,mdns,r,PTR,True,7e-05,,2
yourthings,mdns,r,PTR,True,7.1e-05,,1
yourthings,mdns,r,PTR,True,7.2e-05,,5
yourthings,mdns,r,PTR,True,7.3e-05,,2
yourthings,mdns,r,PTR,True,7.4e-05,,3
yourthings,mdns,r,PTR,True,7.5e-05,,1
yourthings,mdns,r,PTR,True,7.6e-05,,4
yourthings,mdns,r,PTR,True,7.7e-05,,1
yourthings,mdns,r,PTR,True,7.8e-05,,2
yourthings,mdns,r,PTR,True,8.1e-05,,3
yourthings,mdns,r,PTR,True,0.000152,1,
yourthings,mdns,r,PTR,True,0.000155,1,
yourthings,mdns,r,PTR,True,0.000157,2,
yourthings,mdns,r,PTR,True,0.000158,1,
yourthings,mdns,r,PTR,True,0.00016,2,
yourthings,mdns,r,PTR,True,0.000161,1,
yourthings,mdns,r,PTR,True,0.000162,2,
yourthings,mdns,r,PTR,True,0.000163,3,
yourthings,mdns,r,PTR,True,0.000164,1,
yourthings,mdns,r,PTR,True,0.000165,1,
yourthings,mdns,r,PTR,True,0.000166,1,
yourthings,mdns,r,PTR,True,0.000168,2,
yourthings,mdns,r,PTR,True,0.000169,2,
yourthings,mdns,r,PTR,True,0.000171,1,
yourthings,mdns,r,PTR,True,0.000177,1,
yourthings,mdns,r,PTR,True,0.000179,1,
yourthings,mdns,r,PTR,True,0.000182,1,
yourthings,dns,q,A,False,1.8e-05,39,
yourthings,dns,q,A,False,1.9e-05,138,
yourthings,dns,q,A,False,2e-05,173,
yourthings,dns,q,A,False,2.1e-05,729,15
yourthings,dns,q,A,False,2.2e-05,2813,176
yourthings,dns,q,A,False,2.3e-05,7410,2197
yourthings,dns,q,A,False,2.4e-05,36711,4986
yourthings,dns,q,A,False,2.5e-05,94244,21611
yourthings,dns,q,A,False,2.6e-05,114393,96941
yourthings,dns,q,A,False,2.7e-05,98019,158817
yourthings,dns,q,A,False,2.8e-05,61561,118338
yourthings,dns,q,A,False,2.9e-05,31722,58158
yourthings,dns,q,A,False,3e-05,17257,28567
yourthings,dns,q,A,False,3.1e-05,10547,40930
yourthings,dns,q,A,False,3.2e-05,5552,28951
yourthings,dns,q,A,False,3.3e-05,5718,13467
yourthings,dns,q,A,False,3.4e-05,15371,3282
yourthings,dns,q,A,False,3.5e-05,35050,464
yourthings,dns,q,A,False,3.6e-05,27492,206
yourthings,dns,q,A,False,3.7e-05,9874,105
yourthings,dns,q,A,False,3.8e-05,1562,61
yourthings,dns,q,A,False,3.9e-05,301,26
yourthings,dns,q,A,False,4e-05,185,20
yourthings,dns,q,A,False,4.1e-05,144,15
yourthings,dns,q,A,False,4.2e-05,117,22
yourthings,dns,q,A,False,4.3e-05,105,17
yourthings,dns,q,A,False,4.4e-05,98,16
yourthings,dns,q,A,False,4.5e-05,33,8
yourthings,dns,q,A,False,4.6e-05,16,10
yourthings,dns,q,A,False,4.7e-05,12,5
yourthings,dns,q,A,False,4.8e-05,5,3
yourthings,dns,q,A,False,4.9e-05,4,2
yourthings,dns,q,A,False,5e-05,4,2
yourthings,dns,q,A,False,5.1e-05,1,3
yourthings,dns,q,A,False,5.2e-05,2,2
yourthings,dns,q,A,False,5.3e-05,1,3
yourthings,dns,q,A,False,5.4e-05,,1
yourthings,dns,q,A,False,5.5e-05,1,1
yourthings,dns,q,A,False,5.6e-05,1,1
yourthings,dns,q,A,False,5.8e-05,4,1
yourthings,dns,q,A,False,5.9e-05,3,
yourthings,dns,q,A,False,6e-05,7,
yourthings,dns,q,A,False,6.1e-05,2,1
yourthings,dns,q,A,False,6.2e-05,2,1
yourthings,dns,q,A,False,6.3e-05,2,2
yourthings,dns,q,A,False,6.4e-05,3,
yourthings,dns,q,A,False,6.5e-05,2,
yourthings,dns,q,A,False,6.6e-05,3,1
yourthings,dns,q,A,False,6.7e-05,,2
yourthings,dns,q,A,False,6.8e-05,1,1
yourthings,dns,q,A,False,6.9e-05,2,1
yourthings,dns,q,A,False,7e-05,,2
yourthings,dns,q,A,False,7.1e-05,1,1
yourthings,dns,q,A,False,7.2e-05,,2
yourthings,dns,q,A,False,7.3e-05,,1
yourthings,dns,q,A,False,7.4e-05,2,1
yourthings,dns,q,A,False,7.6e-05,,1
yourthings,dns,q,A,False,7.7e-05,2,
yourthings,dns,q,A,False,7.8e-05,2,1
yourthings,dns,q,A,False,7.9e-05,1,1
yourthings,dns,q,A,False,8e-05,2,1
yourthings,dns,q,A,False,8.1e-05,2,
yourthings,dns,q,A,False,8.2e-05,,1
yourthings,dns,q,A,False,8.3e-05,1,2
yourthings,dns,q,A,False,8.4e-05,1,1
yourthings,dns,q,A,False,8.5e-05,1,1
yourthings,dns,q,A,False,8.7e-05,1,1
yourthings,dns,q,A,False,8.8e-05,1,
yourthings,dns,q,A,False,8.9e-05,2,
yourthings,dns,q,A,False,9e-05,1,1
yourthings,dns,q,A,False,9.2e-05,,1
yourthings,dns,q,A,False,9.3e-05,2,2
yourthings,dns,q,A,False,9.5e-05,1,1
yourthings,dns,q,A,False,0.000101,,2
yourthings,dns,q,A,False,0.000105,1,1
yourthings,dns,q,A,False,0.000106,1,
yourthings,dns,q,A,False,0.000107,,1
yourthings,dns,q,A,False,0.000113,1,1
yourthings,dns,q,A,False,0.000115,1,1
yourthings,dns,q,A,False,0.000118,1,
yourthings,dns,q,A,False,0.000119,1,
yourthings,dns,q,A,False,0.00012,,1
yourthings,dns,q,A,False,0.000122,1,
yourthings,dns,q,A,False,0.000123,,1
yourthings,dns,q,A,False,0.000124,1,1
yourthings,dns,q,A,False,0.000125,,1
yourthings,dns,q,A,False,0.000128,,1
yourthings,dns,q,A,False,0.000132,1,
yourthings,dns,q,A,False,0.000142,1,
yourthings,dns,q,A,False,0.000143,1,
yourthings,dns,q,A,False,0.000171,,1
yourthings,dns,q,A,False,0.000172,1,
yourthings,dns,q,A,False,0.000186,1,
yourthings,dns,q,A,False,0.000187,1,
yourthings,dns,q,A,False,0.000189,,1
yourthings,dns,q,A,False,0.00019,1,1
yourthings,dns,q,A,False,0.000191,1,
yourthings,dns,q,AAAA,False,1.6e-05,1,
yourthings,dns,q,AAAA,False,1.7e-05,8,
yourthings,dns,q,AAAA,False,1.8e-05,12,
yourthings,dns,q,AAAA,False,1.9e-05,6,
yourthings,dns,q,AAAA,False,2e-05,30,
yourthings,dns,q,AAAA,False,2.1e-05,562,5
yourthings,dns,q,AAAA,False,2.2e-05,1507,476
yourthings,dns,q,AAAA,False,2.3e-05,6096,1334
yourthings,dns,q,AAAA,False,2.4e-05,33020,3671
yourthings,dns,q,AAAA,False,2.5e-05,52160,25893
yourthings,dns,q,AAAA,False,2.6e-05,33969,55808
yourthings,dns,q,AAAA,False,2.7e-05,14125,43350
yourthings,dns,q,AAAA,False,2.8e-05,9283,24168
yourthings,dns,q,AAAA,False,2.9e-05,8951,8928
yourthings,dns,q,AAAA,False,3e-05,4839,2723
yourthings,dns,q,AAAA,False,3.1e-05,1642,762
yourthings,dns,q,AAAA,False,3.2e-05,581,285
yourthings,dns,q,AAAA,False,3.3e-05,221,153
yourthings,dns,q,AAAA,False,3.4e-05,87,170
yourthings,dns,q,AAAA,False,3.5e-05,108,167
yourthings,dns,q,AAAA,False,3.6e-05,172,98
yourthings,dns,q,AAAA,False,3.7e-05,122,42
yourthings,dns,q,AAAA,False,3.8e-05,79,19
yourthings,dns,q,AAAA,False,3.9e-05,80,6
yourthings,dns,q,AAAA,False,4e-05,59,5
yourthings,dns,q,AAAA,False,4.1e-05,100,3
yourthings,dns,q,AAAA,False,4.2e-05,105,3
yourthings,dns,q,AAAA,False,4.3e-05,98,1
yourthings,dns,q,AAAA,False,4.4e-05,37,
yourthings,dns,q,AAAA,False,4.5e-05,15,4
yourthings,dns,q,AAAA,False,4.6e-05,6,
yourthings,dns,q,AAAA,False,4.7e-05,1,1
yourthings,dns,q,AAAA,False,4.8e-05,,1
yourthings,dns,q,AAAA,False,4.9e-05,1,1
yourthings,dns,q,AAAA,False,5e-05,,1
yourthings,dns,q,AAAA,False,5.1e-05,,1
yourthings,dns,q,AAAA,False,5.2e-05,,1
yourthings,dns,q,AAAA,False,5.3e-05,,1
yourthings,dns,q,AAAA,False,6.2e-05,1,1
yourthings,dns,q,AAAA,False,6.3e-05,1,
yourthings,dns,q,AAAA,False,6.4e-05,1,2
yourthings,dns,q,AAAA,False,6.6e-05,1,
yourthings,dns,q,AAAA,False,6.8e-05,,1
yourthings,dns,q,AAAA,False,7.7e-05,1,1
yourthings,dns,q,AAAA,False,8.6e-05,1,1
yourthings,dns,q,AAAA,False,8.8e-05,1,
yourthings,dns,q,AAAA,False,8.9e-05,,1
yourthings,dns,q,AAAA,False,9.4e-05,,1
yourthings,dns,q,AAAA,False,9.7e-05,1,
yourthings,dns,q,AAAA,False,0.000101,,1
yourthings,dns,q,AAAA,False,0.000187,,1
yourthings,dns,q,TXT,False,2.2e-05,36,
yourthings,dns,q,TXT,False,2.3e-05,52,
yourthings,dns,q,TXT,False,2.4e-05,66,13
yourthings,dns,q,TXT,False,2.5e-05,44,60
yourthings,dns,q,TXT,False,2.6e-05,18,74
yourthings,dns,q,TXT,False,2.7e-05,7,68
yourthings,dns,q,TXT,False,2.8e-05,25,45
yourthings,dns,q,TXT,False,2.9e-05,24,29
yourthings,dns,q,TXT,False,3e-05,32,33
yourthings,dns,q,TXT,False,3.1e-05,29,12
yourthings,dns,q,TXT,False,3.2e-05,6,4
yourthings,dns,q,TXT,False,3.6e-05,,1
yourthings,dns,q,PTR,False,2.6e-05,,43
yourthings,dns,q,PTR,False,2.7e-05,1,66
yourthings,dns,q,PTR,False,2.8e-05,25,172
yourthings,dns,q,PTR,False,2.9e-05,72,1307
yourthings,dns,q,PTR,False,3e-05,87,3859
yourthings,dns,q,PTR,False,3.1e-05,396,3427
yourthings,dns,q,PTR,False,3.2e-05,2024,1608
yourthings,dns,q,PTR,False,3.3e-05,3926,490
yourthings,dns,q,PTR,False,3.4e-05,3024,234
yourthings,dns,q,PTR,False,3.5e-05,1144,169
yourthings,dns,q,PTR,False,3.6e-05,212,75
yourthings,dns,q,PTR,False,3.7e-05,30,14
yourthings,dns,q,PTR,False,3.8e-05,12,3
yourthings,dns,q,PTR,False,3.9e-05,16,1
yourthings,dns,q,PTR,False,4e-05,51,
yourthings,dns,q,PTR,False,4.1e-05,112,
yourthings,dns,q,PTR,False,4.2e-05,196,
yourthings,dns,q,PTR,False,4.3e-05,91,
yourthings,dns,q,PTR,False,4.4e-05,32,
yourthings,dns,q,PTR,False,4.5e-05,14,
yourthings,dns,q,PTR,False,4.6e-05,1,
yourthings,dns,q,PTR,False,4.9e-05,1,
yourthings,dns,q,PTR,False,0.000116,1,
yourthings,dns,q,SRV,False,2.7e-05,,2
yourthings,dns,q,SRV,False,2.8e-05,,1
yourthings,dns,q,SRV,False,2.9e-05,,5
yourthings,dns,q,SRV,False,3e-05,1,28
yourthings,dns,q,SRV,False,3.1e-05,5,25
yourthings,dns,q,SRV,False,3.2e-05,10,16
yourthings,dns,q,SRV,False,3.3e-05,22,12
yourthings,dns,q,SRV,False,3.4e-05,24,1
yourthings,dns,q,SRV,False,3.5e-05,12,
yourthings,dns,q,SRV,False,3.6e-05,9,
yourthings,dns,q,SRV,False,3.7e-05,7,
yourthings,dns,r,A,True,2.8e-05,,1
yourthings,dns,r,A,True,2.9e-05,,6
yourthings,dns,r,A,True,3e-05,,6
yourthings,dns,r,A,True,3.1e-05,,12
yourthings,dns,r,A,True,3.2e-05,,48
yourthings,dns,r,A,True,3.3e-05,,127
yourthings,dns,r,A,True,3.4e-05,,120
yourthings,dns,r,A,True,3.5e-05,,73
yourthings,dns,r,A,True,3.6e-05,,29
yourthings,dns,r,A,True,3.7e-05,,9
yourthings,dns,r,A,True,3.8e-05,,4
yourthings,dns,r,A,True,3.9e-05,,8
yourthings,dns,r,A,True,4e-05,,4
yourthings,dns,r,A,True,4.5e-05,2,
yourthings,dns,r,A,True,4.6e-05,7,
yourthings,dns,r,A,True,4.8e-05,8,
yourthings,dns,r,A,True,4.9e-05,17,
yourthings,dns,r,A,True,5e-05,12,
yourthings,dns,r,A,True,5.1e-05,7,
yourthings,dns,r,A,True,5.2e-05,13,
yourthings,dns,r,A,True,5.3e-05,16,
yourthings,dns,r,A,True,5.4e-05,41,
yourthings,dns,r,A,True,5.5e-05,59,
yourthings,dns,r,A,True,5.6e-05,87,1
yourthings,dns,r,A,True,5.7e-05,77,14
yourthings,dns,r,A,True,5.8e-05,44,108
yourthings,dns,r,A,True,5.9e-05,18,212
yourthings,dns,r,A,True,6e-05,5,130
yourthings,dns,r,A,True,6.1e-05,8,149
yourthings,dns,r,A,True,6.2e-05,5,205
yourthings,dns,r,A,True,6.3e-05,2,491
yourthings,dns,r,A,True,6.4e-05,4,1564
yourthings,dns,r,A,True,6.5e-05,1,3178
yourthings,dns,r,A,True,6.6e-05,1,5500
yourthings,dns,r,A,True,6.7e-05,2,7443
yourthings,dns,r,A,True,6.8e-05,3,7286
yourthings,dns,r,A,True,6.9e-05,1,6249
yourthings,dns,r,A,True,7e-05,,5162
yourthings,dns,r,A,True,7.1e-05,,4040
yourthings,dns,r,A,True,7.2e-05,,3087
yourthings,dns,r,A,True,7.3e-05,,2186
yourthings,dns,r,A,True,7.4e-05,,1348
yourthings,dns,r,A,True,7.5e-05,1,858
yourthings,dns,r,A,True,7.6e-05,2,502
yourthings,dns,r,A,True,7.7e-05,,269
yourthings,dns,r,A,True,7.8e-05,,129
yourthings,dns,r,A,True,7.9e-05,1,62
yourthings,dns,r,A,True,8e-05,2,29
yourthings,dns,r,A,True,8.1e-05,2,16
yourthings,dns,r,A,True,8.2e-05,37,11
yourthings,dns,r,A,True,8.3e-05,132,8
yourthings,dns,r,A,True,8.4e-05,134,8
yourthings,dns,r,A,True,8.5e-05,100,8
yourthings,dns,r,A,True,8.6e-05,73,3
yourthings,dns,r,A,True,8.7e-05,93,5
yourthings,dns,r,A,True,8.8e-05,131,7
yourthings,dns,r,A,True,8.9e-05,173,7
yourthings,dns,r,A,True,9e-05,341,12
yourthings,dns,r,A,True,9.1e-05,786,26
yourthings,dns,r,A,True,9.2e-05,1477,28
yourthings,dns,r,A,True,9.3e-05,2609,37
yourthings,dns,r,A,True,9.4e-05,3686,42
yourthings,dns,r,A,True,9.5e-05,4759,48
yourthings,dns,r,A,True,9.6e-05,5250,61
yourthings,dns,r,A,True,9.7e-05,5018,75
yourthings,dns,r,A,True,9.8e-05,4229,116
yourthings,dns,r,A,True,9.9e-05,3686,88
yourthings,dns,r,A,True,0.0001,3229,60
yourthings,dns,r,A,True,0.000101,2900,72
yourthings,dns,r,A,True,0.000102,2451,63
yourthings,dns,r,A,True,0.000103,2054,79
yourthings,dns,r,A,True,0.000104,1661,127
yourthings,dns,r,A,True,0.000105,1307,235
yourthings,dns,r,A,True,0.000106,1091,501
yourthings,dns,r,A,True,0.000107,799,763
yourthings,dns,r,A,True,0.000108,617,1050
yourthings,dns,r,A,True,0.000109,431,1392
yourthings,dns,r,A,True,0.00011,282,1669
yourthings,dns,r,A,True,0.000111,218,2194
yourthings,dns,r,A,True,0.000112,173,2304
yourthings,dns,r,A,True,0.000113,108,2115
yourthings,dns,r,A,True,0.000114,59,1951
yourthings,dns,r,A,True,0.000115,44,1872
yourthings,dns,r,A,True,0.000116,28,1544
yourthings,dns,r,A,True,0.000117,20,1107
yourthings,dns,r,A,True,0.000118,12,780
yourthings,dns,r,A,True,0.000119,5,620
yourthings,dns,r,A,True,0.00012,5,521
yourthings,dns,r,A,True,0.000121,2,379
yourthings,dns,r,A,True,0.000122,5,284
yourthings,dns,r,A,True,0.000123,1,186
yourthings,dns,r,A,True,0.000124,4,127
yourthings,dns,r,A,True,0.000125,3,70
yourthings,dns,r,A,True,0.000126,1,44
yourthings,dns,r,A,True,0.000127,3,19
yourthings,dns,r,A,True,0.000128,7,16
yourthings,dns,r,A,True,0.000129,2,7
yourthings,dns,r,A,True,0.00013,6,5
yourthings,dns,r,A,True,0.000131,9,2
yourthings,dns,r,A,True,0.000132,16,3
yourthings,dns,r,A,True,0.000133,16,2
yourthings,dns,r,A,True,0.000134,27,4
yourthings,dns,r,A,True,0.000135,23,1
yourthings,dns,r,A,True,0.000136,26,1
yourthings,dns,r,A,True,0.000137,29,1
yourthings,dns,r,A,True,0.000138,28,1
yourthings,dns,r,A,True,0.000139,28,1
yourthings,dns,r,A,True,0.00014,27,
yourthings,dns,r,A,True,0.000141,39,1
yourthings,dns,r,A,True,0.000142,18,1
yourthings,dns,r,A,True,0.000143,34,1
yourthings,dns,r,A,True,0.000144,14,1
yourthings,dns,r,A,True,0.000145,28,
yourthings,dns,r,A,True,0.000146,17,
yourthings,dns,r,A,True,0.000147,22,1
yourthings,dns,r,A,True,0.000148,18,
yourthings,dns,r,A,True,0.000149,15,
yourthings,dns,r,A,True,0.00015,3,1
yourthings,dns,r,A,True,0.000151,2,
yourthings,dns,r,A,True,0.000152,4,
yourthings,dns,r,A,True,0.000153,6,
yourthings,dns,r,A,True,0.000154,3,
yourthings,dns,r,A,True,0.000155,6,
yourthings,dns,r,A,True,0.000156,3,1
yourthings,dns,r,A,True,0.000158,2,
yourthings,dns,r,A,True,0.000159,,1
yourthings,dns,r,A,True,0.00016,1,
yourthings,dns,r,A,True,0.000161,1,
yourthings,dns,r,A,True,0.000166,1,
yourthings,dns,r,A,True,0.000168,2,
yourthings,dns,r,A,True,0.00017,1,
yourthings,dns,r,A,True,0.000171,2,1
yourthings,dns,r,A,True,0.000174,1,
yourthings,dns,r,A,True,0.000177,1,
yourthings,dns,r,A,True,0.00018,,1
yourthings,dns,r,A,True,0.000181,1,
yourthings,dns,r,A,True,0.000183,1,
yourthings,dns,r,A,True,0.000184,1,
yourthings,dns,r,A,True,0.000193,4,1
yourthings,dns,r,A,True,0.000195,10,
yourthings,dns,r,A,True,0.000196,34,
yourthings,dns,r,A,True,0.000197,46,
yourthings,dns,r,A,True,0.000198,34,
yourthings,dns,r,A,True,0.000199,28,
yourthings,dns,r,A,True,0.0002,29,
yourthings,dns,r,A,True,0.000201,21,
yourthings,dns,r,A,True,0.000202,30,
yourthings,dns,r,A,True,0.000203,33,
yourthings,dns,r,A,True,0.000204,39,
yourthings,dns,r,A,True,0.000205,38,
yourthings,dns,r,A,True,0.000206,57,
yourthings,dns,r,A,True,0.000207,68,
yourthings,dns,r,A,True,0.000208,79,
yourthings,dns,r,A,True,0.000209,102,
yourthings,dns,r,A,True,0.00021,96,
yourthings,dns,r,A,True,0.000211,106,
yourthings,dns,r,A,True,0.000212,113,
yourthings,dns,r,A,True,0.000213,130,
yourthings,dns,r,A,True,0.000214,174,
yourthings,dns,r,A,True,0.000215,273,
yourthings,dns,r,A,True,0.000216,383,
yourthings,dns,r,A,True,0.000217,429,
yourthings,dns,r,A,True,0.000218,520,
yourthings,dns,r,A,True,0.000219,571,
yourthings,dns,r,A,True,0.00022,662,
yourthings,dns,r,A,True,0.000221,713,
yourthings,dns,r,A,True,0.000222,888,
yourthings,dns,r,A,True,0.000223,912,
yourthings,dns,r,A,True,0.000224,1081,
yourthings,dns,r,A,True,0.000225,1127,
yourthings,dns,r,A,True,0.000226,1139,
yourthings,dns,r,A,True,0.000227,1065,
yourthings,dns,r,A,True,0.000228,1026,
yourthings,dns,r,A,True,0.000229,1027,
yourthings,dns,r,A,True,0.00023,943,
yourthings,dns,r,A,True,0.000231,957,
yourthings,dns,r,A,True,0.000232,967,
yourthings,dns,r,A,True,0.000233,908,
yourthings,dns,r,A,True,0.000234,819,
yourthings,dns,r,A,True,0.000235,689,
yourthings,dns,r,A,True,0.000236,598,
yourthings,dns,r,A,True,0.000237,468,
yourthings,dns,r,A,True,0.000238,447,
yourthings,dns,r,A,True,0.000239,335,
yourthings,dns,r,A,True,0.00024,312,
yourthings,dns,r,A,True,0.000241,276,
yourthings,dns,r,A,True,0.000242,241,
yourthings,dns,r,A,True,0.000243,218,
yourthings,dns,r,A,True,0.000244,208,
yourthings,dns,r,A,True,0.000245,147,
yourthings,dns,r,A,True,0.000246,133,
yourthings,dns,r,A,True,0.000247,112,
yourthings,dns,r,A,True,0.000248,91,
yourthings,dns,r,A,True,0.000249,70,
yourthings,dns,r,A,True,0.00025,42,
yourthings,dns,r,A,True,0.000251,51,
yourthings,dns,r,A,True,0.000252,36,
yourthings,dns,r,A,True,0.000253,21,
yourthings,dns,r,A,True,0.000254,14,
yourthings,dns,r,A,True,0.000255,9,
yourthings,dns,r,A,True,0.000256,11,
yourthings,dns,r,A,True,0.000257,7,
yourthings,dns,r,A,True,0.000258,7,
yourthings,dns,r,A,True,0.000259,7,
yourthings,dns,r,A,True,0.00026,3,
yourthings,dns,r,A,True,0.000261,4,
yourthings,dns,r,A,True,0.000262,2,
yourthings,dns,r,A,True,0.000263,1,
yourthings,dns,r,A,True,0.000264,1,
yourthings,dns,r,A,True,0.000266,2,
yourthings,dns,r,A,True,0.000268,1,
yourthings,dns,r,A,True,0.000271,1,
yourthings,dns,r,A,True,0.000274,1,
yourthings,dns,r,A,True,0.000275,1,
yourthings,dns,r,A,True,0.000276,2,
yourthings,dns,r,A,True,0.000284,1,
yourthings,dns,r,A,True,0.000286,1,
yourthings,dns,r,A,True,0.000289,1,
yourthings,dns,r,A,True,0.000292,1,
yourthings,dns,r,A,True,0.000294,1,
yourthings,dns,r,A,True,0.000296,1,
yourthings,dns,r,A,True,0.000299,1,
yourthings,dns,r,A,True,0.000303,2,
yourthings,dns,r,A,True,0.000309,1,
yourthings,dns,r,A,True,0.00031,1,
yourthings,dns,r,A,True,0.000311,3,
yourthings,dns,r,A,True,0.000314,1,
yourthings,dns,r,A,True,0.000319,1,
yourthings,dns,r,A,True,0.000322,2,
yourthings,dns,r,A,True,0.000328,1,
yourthings,dns,r,A,True,0.000332,1,
yourthings,dns,r,A,True,0.000358,1,
yourthings,dns,r,A,True,0.000393,1,
yourthings,dns,r,A,False,2.6e-05,1,
yourthings,dns,r,A,False,2.7e-05,3,
yourthings,dns,r,A,False,2.8e-05,4,
yourthings,dns,r,A,False,2.9e-05,2,
yourthings,dns,r,A,False,3e-05,1,
yourthings,dns,r,A,False,3.7e-05,,1
yourthings,dns,r,A,False,3.9e-05,,3
yourthings,dns,r,A,False,4e-05,,4
yourthings,dns,r,A,False,4.1e-05,,2
yourthings,dns,r,A,False,4.2e-05,,1
yourthings,dns,r,A,False,6.2e-05,1,
yourthings,dns,r,A,False,6.4e-05,1,
yourthings,dns,r,A,False,6.6e-05,1,
yourthings,dns,r,A,False,6.7e-05,7,
yourthings,dns,r,A,False,6.8e-05,12,2
yourthings,dns,r,A,False,6.9e-05,22,
yourthings,dns,r,A,False,7e-05,20,2
yourthings,dns,r,A,False,7.1e-05,24,6
yourthings,dns,r,A,False,7.2e-05,17,10
yourthings,dns,r,A,False,7.3e-05,14,15
yourthings,dns,r,A,False,7.4e-05,8,30
yourthings,dns,r,A,False,7.5e-05,9,20
yourthings,dns,r,A,False,7.6e-05,5,15
yourthings,dns,r,A,False,7.7e-05,3,16
yourthings,dns,r,A,False,7.8e-05,2,10
yourthings,dns,r,A,False,7.9e-05,,7
yourthings,dns,r,A,False,8e-05,1,7
yourthings,dns,r,A,False,8.1e-05,,3
yourthings,dns,r,A,False,8.2e-05,,2
yourthings,dns,r,A,False,8.3e-05,,1
yourthings,dns,r,A,False,8.4e-05,,1
yourthings,dns,r,A,False,9.6e-05,,1
yourthings,dns,r,A,False,9.7e-05,,1
yourthings,dns,r,A,False,9.8e-05,,2
yourthings,dns,r,A,False,0.0001,,4
yourthings,dns,r,A,False,0.000101,1,2
yourthings,dns,r,A,False,0.000102,,1
yourthings,dns,r,A,False,0.000106,5,
yourthings,dns,r,A,False,0.000108,2,1
yourthings,dns,r,A,False,0.000109,1,4
yourthings,dns,r,A,False,0.00011,1,1
yourthings,dns,r,A,False,0.000111,,2
yourthings,dns,r,A,False,0.000112,,5
yourthings,dns,r,A,False,0.000113,1,9
yourthings,dns,r,A,False,0.000114,,31
yourthings,dns,r,A,False,0.000115,,32
yourthings,dns,r,A,False,0.000116,,40
yourthings,dns,r,A,False,0.000117,,41
yourthings,dns,r,A,False,0.000118,,36
yourthings,dns,r,A,False,0.000119,,25
yourthings,dns,r,A,False,0.00012,,22
yourthings,dns,r,A,False,0.000121,,24
yourthings,dns,r,A,False,0.000122,,16
yourthings,dns,r,A,False,0.000123,,16
yourthings,dns,r,A,False,0.000124,,11
yourthings,dns,r,A,False,0.000125,,12
yourthings,dns,r,A,False,0.000126,,4
yourthings,dns,r,A,False,0.000127,,1
yourthings,dns,r,A,False,0.000128,,2
yourthings,dns,r,A,False,0.000129,,2
yourthings,dns,r,A,False,0.00013,,1
yourthings,dns,r,A,False,0.000131,,1
yourthings,dns,r,A,False,0.000132,,1
yourthings,dns,r,A,False,0.000133,,1
yourthings,dns,r,A,False,0.000134,,1
yourthings,dns,r,A,False,0.000185,2,
yourthings,dns,r,A,False,0.000186,1,
yourthings,dns,r,A,False,0.000187,1,
yourthings,dns,r,A,False,0.000189,3,
yourthings,dns,r,A,False,0.00019,3,
yourthings,dns,r,A,False,0.000191,1,
yourthings,dns,r,A,False,0.000192,3,
yourthings,dns,r,A,False,0.000193,9,
yourthings,dns,r,A,False,0.000194,10,
yourthings,dns,r,A,False,0.000195,17,
yourthings,dns,r,A,False,0.000196,16,
yourthings,dns,r,A,False,0.000197,24,
yourthings,dns,r,A,False,0.000198,34,
yourthings,dns,r,A,False,0.000199,26,
yourthings,dns,r,A,False,0.0002,27,
yourthings,dns,r,A,False,0.000201,15,
yourthings,dns,r,A,False,0.000202,24,
yourthings,dns,r,A,False,0.000203,9,
yourthings,dns,r,A,False,0.000204,13,
yourthings,dns,r,A,False,0.000205,9,
yourthings,dns,r,A,False,0.000206,15,
yourthings,dns,r,A,False,0.000207,14,
yourthings,dns,r,A,False,0.000208,12,
yourthings,dns,r,A,False,0.000209,10,
yourthings,dns,r,A,False,0.00021,10,
yourthings,dns,r,A,False,0.000211,11,
yourthings,dns,r,A,False,0.000212,4,
yourthings,dns,r,A,False,0.000213,5,
yourthings,dns,r,A,False,0.000214,3,
yourthings,dns,r,A,False,0.000216,4,
yourthings,dns,r,A,False,0.000217,1,
yourthings,dns,r,A,False,0.000219,3,
yourthings,dns,r,A,False,0.000221,1,
yourthings,dns,r,A,False,0.000225,1,
yourthings,dns,r,A,False,0.000226,1,
yourthings,dns,r,AAAA,True,2.7e-05,,1
yourthings,dns,r,AAAA,True,2.8e-05,,17
yourthings,dns,r,AAAA,True,2.9e-05,,54
yourthings,dns,r,AAAA,True,3e-05,,104
yourthings,dns,r,AAAA,True,3.1e-05,,344
yourthings,dns,r,AAAA,True,3.2e-05,,1822
yourthings,dns,r,AAAA,True,3.3e-05,,4104
yourthings,dns,r,AAAA,True,3.4e-05,,4605
yourthings,dns,r,AAAA,True,3.5e-05,,3661
yourthings,dns,r,AAAA,True,3.6e-05,1,1903
yourthings,dns,r,AAAA,True,3.7e-05,4,862
yourthings,dns,r,AAAA,True,3.8e-05,3,331
yourthings,dns,r,AAAA,True,3.9e-05,4,106
yourthings,dns,r,AAAA,True,4e-05,2,50
yourthings,dns,r,AAAA,True,4.1e-05,3,26
yourthings,dns,r,AAAA,True,4.2e-05,3,17
yourthings,dns,r,AAAA,True,4.3e-05,7,4
yourthings,dns,r,AAAA,True,4.4e-05,6,5
yourthings,dns,r,AAAA,True,4.5e-05,27,1
yourthings,dns,r,AAAA,True,4.6e-05,40,2
yourthings,dns,r,AAAA,True,4.7e-05,39,2
yourthings,dns,r,AAAA,True,4.8e-05,93,2
yourthings,dns,r,AAAA,True,4.9e-05,312,2
yourthings,dns,r,AAAA,True,5e-05,851,
yourthings,dns,r,AAAA,True,5.1e-05,1457,1
yourthings,dns,r,AAAA,True,5.2e-05,1899,3
yourthings,dns,r,AAAA,True,5.3e-05,1664,
yourthings,dns,r,AAAA,True,5.4e-05,1475,
yourthings,dns,r,AAAA,True,5.5e-05,1536,
yourthings,dns,r,AAAA,True,5.6e-05,1676,
yourthings,dns,r,AAAA,True,5.7e-05,1809,
yourthings,dns,r,AAAA,True,5.8e-05,1643,1
yourthings,dns,r,AAAA,True,5.9e-05,1249,
yourthings,dns,r,AAAA,True,6e-05,955,
yourthings,dns,r,AAAA,True,6.1e-05,520,
yourthings,dns,r,AAAA,True,6.2e-05,306,
yourthings,dns,r,AAAA,True,6.3e-05,161,
yourthings,dns,r,AAAA,True,6.4e-05,63,3
yourthings,dns,r,AAAA,True,6.5e-05,24,10
yourthings,dns,r,AAAA,True,6.6e-05,7,3
yourthings,dns,r,AAAA,True,6.7e-05,2,4
yourthings,dns,r,AAAA,True,6.8e-05,4,7
yourthings,dns,r,AAAA,True,6.9e-05,2,34
yourthings,dns,r,AAAA,True,7e-05,,148
yourthings,dns,r,AAAA,True,7.1e-05,3,295
yourthings,dns,r,AAAA,True,7.2e-05,3,321
yourthings,dns,r,AAAA,True,7.3e-05,5,349
yourthings,dns,r,AAAA,True,7.4e-05,13,404
yourthings,dns,r,AAAA,True,7.5e-05,13,456
yourthings,dns,r,AAAA,True,7.6e-05,12,598
yourthings,dns,r,AAAA,True,7.7e-05,26,1044
yourthings,dns,r,AAAA,True,7.8e-05,17,1989
yourthings,dns,r,AAAA,True,7.9e-05,21,3592
yourthings,dns,r,AAAA,True,8e-05,20,6163
yourthings,dns,r,AAAA,True,8.1e-05,17,7929
yourthings,dns,r,AAAA,True,8.2e-05,10,7839
yourthings,dns,r,AAAA,True,8.3e-05,8,6436
yourthings,dns,r,AAAA,True,8.4e-05,7,4909
yourthings,dns,r,AAAA,True,8.5e-05,5,3818
yourthings,dns,r,AAAA,True,8.6e-05,2,2887
yourthings,dns,r,AAAA,True,8.7e-05,,2242
yourthings,dns,r,AAAA,True,8.8e-05,1,1334
yourthings,dns,r,AAAA,True,8.9e-05,,750
yourthings,dns,r,AAAA,True,9e-05,,433
yourthings,dns,r,AAAA,True,9.1e-05,,227
yourthings,dns,r,AAAA,True,9.2e-05,2,111
yourthings,dns,r,AAAA,True,9.3e-05,26,38
yourthings,dns,r,AAAA,True,9.4e-05,115,19
yourthings,dns,r,AAAA,True,9.5e-05,178,9
yourthings,dns,r,AAAA,True,9.6e-05,149,8
yourthings,dns,r,AAAA,True,9.7e-05,73,3
yourthings,dns,r,AAAA,True,9.8e-05,91,10
yourthings,dns,r,AAAA,True,9.9e-05,114,7
yourthings,dns,r,AAAA,True,0.0001,129,5
yourthings,dns,r,AAAA,True,0.000101,153,1
yourthings,dns,r,AAAA,True,0.000102,325,9
yourthings,dns,r,AAAA,True,0.000103,606,1
yourthings,dns,r,AAAA,True,0.000104,1234,2
yourthings,dns,r,AAAA,True,0.000105,1806,2
yourthings,dns,r,AAAA,True,0.000106,3085,1
yourthings,dns,r,AAAA,True,0.000107,4821,4
yourthings,dns,r,AAAA,True,0.000108,5848,4
yourthings,dns,r,AAAA,True,0.000109,6197,6
yourthings,dns,r,AAAA,True,0.00011,5778,20
yourthings,dns,r,AAAA,True,0.000111,4478,28
yourthings,dns,r,AAAA,True,0.000112,3841,35
yourthings,dns,r,AAAA,True,0.000113,3195,20
yourthings,dns,r,AAAA,True,0.000114,2535,23
yourthings,dns,r,AAAA,True,0.000115,2271,35
yourthings,dns,r,AAAA,True,0.000116,1629,26
yourthings,dns,r,AAAA,True,0.000117,1245,35
yourthings,dns,r,AAAA,True,0.000118,848,50
yourthings,dns,r,AAAA,True,0.000119,563,64
yourthings,dns,r,AAAA,True,0.00012,376,137
yourthings,dns,r,AAAA,True,0.000121,258,213
yourthings,dns,r,AAAA,True,0.000122,182,273
yourthings,dns,r,AAAA,True,0.000123,84,392
yourthings,dns,r,AAAA,True,0.000124,58,517
yourthings,dns,r,AAAA,True,0.000125,26,773
yourthings,dns,r,AAAA,True,0.000126,14,923
yourthings,dns,r,AAAA,True,0.000127,12,1017
yourthings,dns,r,AAAA,True,0.000128,8,1128
yourthings,dns,r,AAAA,True,0.000129,6,1041
yourthings,dns,r,AAAA,True,0.00013,8,862
yourthings,dns,r,AAAA,True,0.000131,7,684
yourthings,dns,r,AAAA,True,0.000132,6,539
yourthings,dns,r,AAAA,True,0.000133,6,519
yourthings,dns,r,AAAA,True,0.000134,4,404
yourthings,dns,r,AAAA,True,0.000135,2,342
yourthings,dns,r,AAAA,True,0.000136,6,235
yourthings,dns,r,AAAA,True,0.000137,6,154
yourthings,dns,r,AAAA,True,0.000138,5,92
yourthings,dns,r,AAAA,True,0.000139,6,75
yourthings,dns,r,AAAA,True,0.00014,4,43
yourthings,dns,r,AAAA,True,0.000141,4,34
yourthings,dns,r,AAAA,True,0.000142,4,14
yourthings,dns,r,AAAA,True,0.000143,5,11
yourthings,dns,r,AAAA,True,0.000144,5,7
yourthings,dns,r,AAAA,True,0.000145,,2
yourthings,dns,r,AAAA,True,0.000146,5,4
yourthings,dns,r,AAAA,True,0.000147,13,
yourthings,dns,r,AAAA,True,0.000148,5,1
yourthings,dns,r,AAAA,True,0.000149,20,
yourthings,dns,r,AAAA,True,0.00015,26,1
yourthings,dns,r,AAAA,True,0.000151,35,1
yourthings,dns,r,AAAA,True,0.000152,45,2
yourthings,dns,r,AAAA,True,0.000153,68,
yourthings,dns,r,AAAA,True,0.000154,95,
yourthings,dns,r,AAAA,True,0.000155,116,1
yourthings,dns,r,AAAA,True,0.000156,105,
yourthings,dns,r,AAAA,True,0.000157,141,
yourthings,dns,r,AAAA,True,0.000158,126,
yourthings,dns,r,AAAA,True,0.000159,124,
yourthings,dns,r,AAAA,True,0.00016,100,
yourthings,dns,r,AAAA,True,0.000161,102,
yourthings,dns,r,AAAA,True,0.000162,97,
yourthings,dns,r,AAAA,True,0.000163,104,
yourthings,dns,r,AAAA,True,0.000164,86,
yourthings,dns,r,AAAA,True,0.000165,84,
yourthings,dns,r,AAAA,True,0.000166,65,
yourthings,dns,r,AAAA,True,0.000167,75,
yourthings,dns,r,AAAA,True,0.000168,53,
yourthings,dns,r,AAAA,True,0.000169,49,
yourthings,dns,r,AAAA,True,0.00017,49,2
yourthings,dns,r,AAAA,True,0.000171,57,
yourthings,dns,r,AAAA,True,0.000172,32,
yourthings,dns,r,AAAA,True,0.000173,23,
yourthings,dns,r,AAAA,True,0.000174,26,
yourthings,dns,r,AAAA,True,0.000175,17,
yourthings,dns,r,AAAA,True,0.000176,21,
yourthings,dns,r,AAAA,True,0.000177,16,
yourthings,dns,r,AAAA,True,0.000178,10,1
yourthings,dns,r,AAAA,True,0.000179,8,
yourthings,dns,r,AAAA,True,0.00018,6,
yourthings,dns,r,AAAA,True,0.000181,5,
yourthings,dns,r,AAAA,True,0.000182,2,
yourthings,dns,r,AAAA,True,0.000183,3,
yourthings,dns,r,AAAA,True,0.000184,4,
yourthings,dns,r,AAAA,True,0.000185,6,
yourthings,dns,r,AAAA,True,0.000186,4,
yourthings,dns,r,AAAA,True,0.000187,1,
yourthings,dns,r,AAAA,True,0.000188,3,
yourthings,dns,r,AAAA,True,0.000189,3,
yourthings,dns,r,AAAA,True,0.000194,2,
yourthings,dns,r,AAAA,True,0.000195,,1
yourthings,dns,r,AAAA,True,0.000198,2,
yourthings,dns,r,AAAA,True,0.000199,1,
yourthings,dns,r,AAAA,True,0.0002,1,
yourthings,dns,r,AAAA,True,0.000201,1,
yourthings,dns,r,AAAA,True,0.000203,1,
yourthings,dns,r,AAAA,True,0.000204,2,
yourthings,dns,r,AAAA,True,0.000205,1,
yourthings,dns,r,AAAA,True,0.000206,7,
yourthings,dns,r,AAAA,True,0.000207,7,
yourthings,dns,r,AAAA,True,0.000208,15,
yourthings,dns,r,AAAA,True,0.000209,23,
yourthings,dns,r,AAAA,True,0.00021,18,
yourthings,dns,r,AAAA,True,0.000211,17,
yourthings,dns,r,AAAA,True,0.000212,19,
yourthings,dns,r,AAAA,True,0.000213,10,
yourthings,dns,r,AAAA,True,0.000214,5,
yourthings,dns,r,AAAA,True,0.000215,15,
yourthings,dns,r,AAAA,True,0.000216,16,
yourthings,dns,r,AAAA,True,0.000217,25,
yourthings,dns,r,AAAA,True,0.000218,26,
yourthings,dns,r,AAAA,True,0.000219,44,
yourthings,dns,r,AAAA,True,0.00022,59,
yourthings,dns,r,AAAA,True,0.000221,59,
yourthings,dns,r,AAAA,True,0.000222,63,
yourthings,dns,r,AAAA,True,0.000223,46,
yourthings,dns,r,AAAA,True,0.000224,63,
yourthings,dns,r,AAAA,True,0.000225,56,
yourthings,dns,r,AAAA,True,0.000226,65,
yourthings,dns,r,AAAA,True,0.000227,62,
yourthings,dns,r,AAAA,True,0.000228,83,
yourthings,dns,r,AAAA,True,0.000229,101,
yourthings,dns,r,AAAA,True,0.00023,131,
yourthings,dns,r,AAAA,True,0.000231,133,
yourthings,dns,r,AAAA,True,0.000232,171,
yourthings,dns,r,AAAA,True,0.000233,197,
yourthings,dns,r,AAAA,True,0.000234,280,
yourthings,dns,r,AAAA,True,0.000235,394,
yourthings,dns,r,AAAA,True,0.000236,479,
yourthings,dns,r,AAAA,True,0.000237,510,
yourthings,dns,r,AAAA,True,0.000238,520,
yourthings,dns,r,AAAA,True,0.000239,541,
yourthings,dns,r,AAAA,True,0.00024,587,
yourthings,dns,r,AAAA,True,0.000241,617,
yourthings,dns,r,AAAA,True,0.000242,589,
yourthings,dns,r,AAAA,True,0.000243,542,
yourthings,dns,r,AAAA,True,0.000244,450,
yourthings,dns,r,AAAA,True,0.000245,427,1
yourthings,dns,r,AAAA,True,0.000246,368,
yourthings,dns,r,AAAA,True,0.000247,356,
yourthings,dns,r,AAAA,True,0.000248,342,
yourthings,dns,r,AAAA,True,0.000249,298,
yourthings,dns,r,AAAA,True,0.00025,299,
yourthings,dns,r,AAAA,True,0.000251,244,
yourthings,dns,r,AAAA,True,0.000252,223,
yourthings,dns,r,AAAA,True,0.000253,216,
yourthings,dns,r,AAAA,True,0.000254,179,
yourthings,dns,r,AAAA,True,0.000255,130,
yourthings,dns,r,AAAA,True,0.000256,114,
yourthings,dns,r,AAAA,True,0.000257,119,
yourthings,dns,r,AAAA,True,0.000258,76,
yourthings,dns,r,AAAA,True,0.000259,61,
yourthings,dns,r,AAAA,True,0.00026,54,
yourthings,dns,r,AAAA,True,0.000261,41,
yourthings,dns,r,AAAA,True,0.000262,29,
yourthings,dns,r,AAAA,True,0.000263,33,
yourthings,dns,r,AAAA,True,0.000264,19,
yourthings,dns,r,AAAA,True,0.000265,18,
yourthings,dns,r,AAAA,True,0.000266,10,
yourthings,dns,r,AAAA,True,0.000267,9,
yourthings,dns,r,AAAA,True,0.000268,8,
yourthings,dns,r,AAAA,True,0.000269,3,
yourthings,dns,r,AAAA,True,0.00027,2,
yourthings,dns,r,AAAA,True,0.000271,4,
yourthings,dns,r,AAAA,True,0.000273,2,
yourthings,dns,r,AAAA,True,0.000275,2,
yourthings,dns,r,AAAA,True,0.000281,1,
yourthings,dns,r,AAAA,True,0.000282,1,
yourthings,dns,r,AAAA,True,0.000283,1,
yourthings,dns,r,AAAA,True,0.000286,2,
yourthings,dns,r,AAAA,True,0.000288,1,
yourthings,dns,r,AAAA,True,0.000289,3,
yourthings,dns,r,AAAA,True,0.000291,1,
yourthings,dns,r,AAAA,True,0.000292,1,
yourthings,dns,r,AAAA,True,0.000293,1,
yourthings,dns,r,AAAA,True,0.000294,1,
yourthings,dns,r,AAAA,True,0.000295,2,
yourthings,dns,r,AAAA,True,0.000297,1,
yourthings,dns,r,AAAA,True,0.000298,1,
yourthings,dns,r,AAAA,True,0.000299,2,
yourthings,dns,r,AAAA,True,0.0003,1,
yourthings,dns,r,AAAA,True,0.000301,2,
yourthings,dns,r,AAAA,True,0.000302,2,
yourthings,dns,r,AAAA,True,0.000303,1,
yourthings,dns,r,AAAA,True,0.000305,1,
yourthings,dns,r,AAAA,True,0.000307,1,
yourthings,dns,r,AAAA,True,0.000314,1,
yourthings,dns,r,AAAA,True,0.000315,1,
yourthings,dns,r,AAAA,True,0.000316,1,
yourthings,dns,r,AAAA,True,0.000317,1,
yourthings,dns,r,AAAA,True,0.00032,1,
yourthings,dns,r,AAAA,False,2.3e-05,5,
yourthings,dns,r,AAAA,False,2.4e-05,5,
yourthings,dns,r,AAAA,False,2.5e-05,46,
yourthings,dns,r,AAAA,False,2.6e-05,300,
yourthings,dns,r,AAAA,False,2.7e-05,423,
yourthings,dns,r,AAAA,False,2.8e-05,225,
yourthings,dns,r,AAAA,False,2.9e-05,61,
yourthings,dns,r,AAAA,False,3e-05,10,
yourthings,dns,r,AAAA,False,3.1e-05,1,
yourthings,dns,r,AAAA,False,3.3e-05,1,4
yourthings,dns,r,AAAA,False,3.4e-05,,2
yourthings,dns,r,AAAA,False,3.5e-05,,11
yourthings,dns,r,AAAA,False,3.6e-05,,36
yourthings,dns,r,AAAA,False,3.7e-05,,167
yourthings,dns,r,AAAA,False,3.8e-05,,326
yourthings,dns,r,AAAA,False,3.9e-05,,240
yourthings,dns,r,AAAA,False,4e-05,,163
yourthings,dns,r,AAAA,False,4.1e-05,,94
yourthings,dns,r,AAAA,False,4.2e-05,,25
yourthings,dns,r,AAAA,False,4.3e-05,,6
yourthings,dns,r,AAAA,False,4.4e-05,,3
yourthings,dns,r,AAAA,False,7.4e-05,1,
yourthings,dns,r,AAAA,False,7.5e-05,1,
yourthings,dns,r,AAAA,False,7.8e-05,1,2
yourthings,dns,r,AAAA,False,7.9e-05,3,
yourthings,dns,r,AAAA,False,8e-05,5,
yourthings,dns,r,AAAA,False,8.1e-05,17,
yourthings,dns,r,AAAA,False,8.2e-05,24,
yourthings,dns,r,AAAA,False,8.3e-05,20,5
yourthings,dns,r,AAAA,False,8.4e-05,11,10
yourthings,dns,r,AAAA,False,8.5e-05,6,22
yourthings,dns,r,AAAA,False,8.6e-05,11,22
yourthings,dns,r,AAAA,False,8.7e-05,9,22
yourthings,dns,r,AAAA,False,8.8e-05,6,6
yourthings,dns,r,AAAA,False,8.9e-05,6,13
yourthings,dns,r,AAAA,False,9e-05,2,7
yourthings,dns,r,AAAA,False,9.1e-05,,10
yourthings,dns,r,AAAA,False,9.2e-05,,1
yourthings,dns,r,AAAA,False,9.3e-05,,2
yourthings,dns,r,AAAA,False,9.4e-05,1,2
yourthings,dns,r,AAAA,False,9.9e-05,,1
yourthings,dns,r,AAAA,False,0.000121,,3
yourthings,dns,r,AAAA,False,0.000124,,1
yourthings,dns,r,AAAA,False,0.000128,,5
yourthings,dns,r,AAAA,False,0.000129,,9
yourthings,dns,r,AAAA,False,0.00013,,9
yourthings,dns,r,AAAA,False,0.000131,,8
yourthings,dns,r,AAAA,False,0.000132,,6
yourthings,dns,r,AAAA,False,0.000133,,6
yourthings,dns,r,AAAA,False,0.000134,,4
yourthings,dns,r,AAAA,False,0.000135,,2
yourthings,dns,r,AAAA,False,0.000136,1,2
yourthings,dns,r,AAAA,False,0.000137,,1
yourthings,dns,r,AAAA,False,0.000138,,2
yourthings,dns,r,AAAA,False,0.000139,,1
yourthings,dns,r,AAAA,False,0.00014,,1
yourthings,dns,r,AAAA,False,0.000164,,1
yourthings,dns,r,AAAA,False,0.000201,1,
yourthings,dns,r,AAAA,False,0.000202,1,
yourthings,dns,r,AAAA,False,0.000206,1,
yourthings,dns,r,AAAA,False,0.000208,1,
yourthings,dns,r,AAAA,False,0.000209,1,
yourthings,dns,r,AAAA,False,0.00021,4,
yourthings,dns,r,AAAA,False,0.000211,1,
yourthings,dns,r,AAAA,False,0.000212,3,
yourthings,dns,r,AAAA,False,0.000213,7,
yourthings,dns,r,AAAA,False,0.000214,7,
yourthings,dns,r,AAAA,False,0.000215,6,
yourthings,dns,r,AAAA,False,0.000216,2,
yourthings,dns,r,AAAA,False,0.000217,7,
yourthings,dns,r,AAAA,False,0.000218,1,
yourthings,dns,r,AAAA,False,0.000219,2,
yourthings,dns,r,AAAA,False,0.00022,4,
yourthings,dns,r,AAAA,False,0.000221,1,
yourthings,dns,r,AAAA,False,0.000222,2,
yourthings,dns,r,AAAA,False,0.000223,1,
yourthings,dns,r,AAAA,False,0.000224,4,
yourthings,dns,r,AAAA,False,0.000225,1,
yourthings,dns,r,AAAA,False,0.000227,1,
yourthings,dns,r,AAAA,False,0.000237,1,
yourthings,dns,r,AAAA,False,0.000238,1,
yourthings,dns,r,TXT,True,2.9e-05,,4
yourthings,dns,r,TXT,True,3e-05,,24
yourthings,dns,r,TXT,True,3.1e-05,,26
yourthings,dns,r,TXT,True,3.2e-05,,25
yourthings,dns,r,TXT,True,3.3e-05,,24
yourthings,dns,r,TXT,True,3.4e-05,,21
yourthings,dns,r,TXT,True,3.5e-05,,16
yourthings,dns,r,TXT,True,3.6e-05,,16
yourthings,dns,r,TXT,True,3.7e-05,,1
yourthings,dns,r,TXT,True,3.8e-05,,3
yourthings,dns,r,TXT,True,4.5e-05,1,
yourthings,dns,r,TXT,True,4.6e-05,9,
yourthings,dns,r,TXT,True,4.7e-05,12,
yourthings,dns,r,TXT,True,4.8e-05,23,
yourthings,dns,r,TXT,True,4.9e-05,22,
yourthings,dns,r,TXT,True,5e-05,22,
yourthings,dns,r,TXT,True,5.1e-05,16,
yourthings,dns,r,TXT,True,5.2e-05,10,
yourthings,dns,r,TXT,True,5.3e-05,2,
yourthings,dns,r,TXT,True,5.4e-05,2,
yourthings,dns,r,TXT,True,5.5e-05,1,
yourthings,dns,r,TXT,True,5.8e-05,2,
yourthings,dns,r,TXT,True,5.9e-05,3,
yourthings,dns,r,TXT,True,6e-05,4,
yourthings,dns,r,TXT,True,6.1e-05,6,
yourthings,dns,r,TXT,True,6.2e-05,6,
yourthings,dns,r,TXT,True,6.3e-05,5,
yourthings,dns,r,TXT,True,6.4e-05,6,
yourthings,dns,r,TXT,True,6.5e-05,7,
yourthings,dns,r,TXT,True,6.7e-05,1,
yourthings,dns,r,TXT,True,7.3e-05,,8
yourthings,dns,r,TXT,True,7.4e-05,,12
yourthings,dns,r,TXT,True,7.5e-05,,4
yourthings,dns,r,TXT,True,7.6e-05,,5
yourthings,dns,r,TXT,True,7.7e-05,,8
yourthings,dns,r,TXT,True,7.8e-05,,8
yourthings,dns,r,TXT,True,7.9e-05,,11
yourthings,dns,r,TXT,True,8e-05,,1
yourthings,dns,r,TXT,True,8.1e-05,,3
yourthings,dns,r,TXT,True,8.2e-05,,3
yourthings,dns,r,TXT,True,8.3e-05,,7
yourthings,dns,r,TXT,True,8.4e-05,,6
yourthings,dns,r,TXT,True,8.5e-05,,3
yourthings,dns,r,TXT,True,8.6e-05,,1
yourthings,dns,r,TXT,True,9.8e-05,5,
yourthings,dns,r,TXT,True,9.9e-05,14,
yourthings,dns,r,TXT,True,0.0001,2,
yourthings,dns,r,TXT,True,0.000101,3,
yourthings,dns,r,TXT,True,0.000102,3,
yourthings,dns,r,TXT,True,0.000103,1,
yourthings,dns,r,TXT,True,0.000104,6,
yourthings,dns,r,TXT,True,0.000105,13,
yourthings,dns,r,TXT,True,0.000106,7,
yourthings,dns,r,TXT,True,0.000107,1,
yourthings,dns,r,TXT,True,0.000108,1,
yourthings,dns,r,TXT,True,0.000109,2,
yourthings,dns,r,TXT,True,0.00011,4,
yourthings,dns,r,TXT,True,0.000111,6,
yourthings,dns,r,TXT,True,0.000112,1,
yourthings,dns,r,TXT,True,0.000113,3,
yourthings,dns,r,TXT,True,0.000114,6,
yourthings,dns,r,TXT,True,0.000116,2,
yourthings,dns,r,PTR,True,3e-05,,7
yourthings,dns,r,PTR,True,3.2e-05,,1
yourthings,dns,r,PTR,True,3.3e-05,,37
yourthings,dns,r,PTR,True,3.4e-05,,174
yourthings,dns,r,PTR,True,3.5e-05,,470
yourthings,dns,r,PTR,True,3.6e-05,,376
yourthings,dns,r,PTR,True,3.7e-05,,214
yourthings,dns,r,PTR,True,3.8e-05,,81
yourthings,dns,r,PTR,True,3.9e-05,,34
yourthings,dns,r,PTR,True,4e-05,,7
yourthings,dns,r,PTR,True,4.1e-05,,1
yourthings,dns,r,PTR,True,4.5e-05,,1
yourthings,dns,r,PTR,True,5.8e-05,5,
yourthings,dns,r,PTR,True,5.9e-05,1,
yourthings,dns,r,PTR,True,6e-05,2,
yourthings,dns,r,PTR,True,6.1e-05,,1
yourthings,dns,r,PTR,True,6.3e-05,3,1
yourthings,dns,r,PTR,True,6.4e-05,32,1
yourthings,dns,r,PTR,True,6.5e-05,83,5
yourthings,dns,r,PTR,True,6.6e-05,147,21
yourthings,dns,r,PTR,True,6.7e-05,222,17
yourthings,dns,r,PTR,True,6.8e-05,254,9
yourthings,dns,r,PTR,True,6.9e-05,265,13
yourthings,dns,r,PTR,True,7e-05,181,25
yourthings,dns,r,PTR,True,7.1e-05,131,44
yourthings,dns,r,PTR,True,7.2e-05,50,85
yourthings,dns,r,PTR,True,7.3e-05,20,135
yourthings,dns,r,PTR,True,7.4e-05,3,303
yourthings,dns,r,PTR,True,7.5e-05,2,542
yourthings,dns,r,PTR,True,7.6e-05,,660
yourthings,dns,r,PTR,True,7.7e-05,,622
yourthings,dns,r,PTR,True,7.8e-05,,512
yourthings,dns,r,PTR,True,7.9e-05,,306
yourthings,dns,r,PTR,True,8e-05,,269
yourthings,dns,r,PTR,True,8.1e-05,,226
yourthings,dns,r,PTR,True,8.2e-05,,116
yourthings,dns,r,PTR,True,8.3e-05,,58
yourthings,dns,r,PTR,True,8.4e-05,1,31
yourthings,dns,r,PTR,True,8.5e-05,,19
yourthings,dns,r,PTR,True,8.6e-05,,11
yourthings,dns,r,PTR,True,8.7e-05,,3
yourthings,dns,r,PTR,True,8.9e-05,,1
yourthings,dns,r,PTR,True,9e-05,,2
yourthings,dns,r,PTR,True,9.1e-05,1,1
yourthings,dns,r,PTR,True,9.2e-05,,3
yourthings,dns,r,PTR,True,9.3e-05,,2
yourthings,dns,r,PTR,True,0.000129,1,
yourthings,dns,r,PTR,True,0.000132,1,
yourthings,dns,r,PTR,True,0.000136,2,
yourthings,dns,r,PTR,True,0.000137,5,
yourthings,dns,r,PTR,True,0.000138,1,
yourthings,dns,r,PTR,True,0.000139,1,
yourthings,dns,r,PTR,True,0.00014,4,
yourthings,dns,r,PTR,True,0.000142,3,
yourthings,dns,r,PTR,True,0.000143,4,1
yourthings,dns,r,PTR,True,0.000144,7,
yourthings,dns,r,PTR,True,0.000145,2,
yourthings,dns,r,PTR,True,0.000146,12,
yourthings,dns,r,PTR,True,0.000147,14,
yourthings,dns,r,PTR,True,0.000148,18,
yourthings,dns,r,PTR,True,0.000149,12,
yourthings,dns,r,PTR,True,0.00015,6,
yourthings,dns,r,PTR,True,0.000151,6,
yourthings,dns,r,PTR,True,0.000152,5,
yourthings,dns,r,PTR,True,0.000153,2,
yourthings,dns,r,PTR,True,0.000154,3,
yourthings,dns,r,PTR,True,0.000155,3,
yourthings,dns,r,PTR,True,0.000156,6,
yourthings,dns,r,PTR,True,0.000157,5,
yourthings,dns,r,PTR,True,0.000158,5,
yourthings,dns,r,PTR,True,0.000159,5,
yourthings,dns,r,PTR,True,0.00016,9,
yourthings,dns,r,PTR,True,0.000161,20,
yourthings,dns,r,PTR,True,0.000162,34,
yourthings,dns,r,PTR,True,0.000163,57,
yourthings,dns,r,PTR,True,0.000164,71,
yourthings,dns,r,PTR,True,0.000165,78,
yourthings,dns,r,PTR,True,0.000166,102,
yourthings,dns,r,PTR,True,0.000167,172,
yourthings,dns,r,PTR,True,0.000168,241,
yourthings,dns,r,PTR,True,0.000169,296,
yourthings,dns,r,PTR,True,0.00017,305,
yourthings,dns,r,PTR,True,0.000171,321,
yourthings,dns,r,PTR,True,0.000172,322,
yourthings,dns,r,PTR,True,0.000173,327,
yourthings,dns,r,PTR,True,0.000174,239,
yourthings,dns,r,PTR,True,0.000175,203,
yourthings,dns,r,PTR,True,0.000176,181,
yourthings,dns,r,PTR,True,0.000177,182,
yourthings,dns,r,PTR,True,0.000178,144,
yourthings,dns,r,PTR,True,0.000179,151,
yourthings,dns,r,PTR,True,0.00018,114,
yourthings,dns,r,PTR,True,0.000181,90,
yourthings,dns,r,PTR,True,0.000182,73,
yourthings,dns,r,PTR,True,0.000183,37,
yourthings,dns,r,PTR,True,0.000184,38,
yourthings,dns,r,PTR,True,0.000185,32,
yourthings,dns,r,PTR,True,0.000186,27,
yourthings,dns,r,PTR,True,0.000187,17,
yourthings,dns,r,PTR,True,0.000188,2,
yourthings,dns,r,PTR,True,0.000189,9,
yourthings,dns,r,PTR,True,0.00019,5,
yourthings,dns,r,PTR,True,0.000191,3,
yourthings,dns,r,PTR,True,0.000192,2,
yourthings,dns,r,PTR,True,0.000193,2,
yourthings,dns,r,PTR,True,0.000195,3,
yourthings,dns,r,PTR,True,0.000196,1,
yourthings,dns,r,PTR,True,0.000215,1,
yourthings,dns,r,PTR,True,0.00023,1,
yourthings,dns,r,PTR,False,3.4e-05,1,
yourthings,dns,r,PTR,False,4.7e-05,,1
yourthings,dns,r,PTR,False,8.5e-05,,1
yourthings,dns,r,PTR,False,8.8e-05,,1
yourthings,dns,r,PTR,False,0.000138,1,
yourthings,dns,r,PTR,False,0.000141,1,
