dataset,protocol,msg,qtype,w_query,x,application/dns-message decode,application/dns-message encode
iotfinder,dns,r,A,,6.7e-05,,1
iotfinder,dns,r,A,,6.8e-05,,1
iotfinder,dns,r,A,,7.5e-05,,1
iotfinder,dns,r,A,,7.6e-05,,4
iotfinder,dns,r,A,,7.7e-05,,10
iotfinder,dns,r,A,,7.8e-05,,10
iotfinder,dns,r,A,,7.9e-05,,18
iotfinder,dns,r,A,,8e-05,,11
iotfinder,dns,r,A,,8.1e-05,,8
iotfinder,dns,r,A,,8.2e-05,,3
iotfinder,dns,r,A,,8.3e-05,,3
iotfinder,dns,r,A,,8.4e-05,,2
iotfinder,dns,r,A,,8.5e-05,,2
iotfinder,dns,r,A,,9.1e-05,,1
iotfinder,dns,r,A,,9.2e-05,,1
iotfinder,dns,r,A,,9.3e-05,,2
iotfinder,dns,r,A,,9.6e-05,,4
iotfinder,dns,r,A,,9.7e-05,,4
iotfinder,dns,r,A,,9.8e-05,,10
iotfinder,dns,r,A,,9.9e-05,,11
iotfinder,dns,r,A,,0.0001,,21
iotfinder,dns,r,A,,0.000101,,26
iotfinder,dns,r,A,,0.000102,,59
iotfinder,dns,r,A,,0.000103,,153
iotfinder,dns,r,A,,0.000104,,317
iotfinder,dns,r,A,,0.000105,,704
iotfinder,dns,r,A,,0.000106,,1651
iotfinder,dns,r,A,,0.000107,,3310
iotfinder,dns,r,A,,0.000108,,5164
iotfinder,dns,r,A,,0.000109,,6630
iotfinder,dns,r,A,,0.00011,,7502
iotfinder,dns,r,A,,0.000111,,8019
iotfinder,dns,r,A,,0.000112,,8695
iotfinder,dns,r,A,,0.000113,,9457
iotfinder,dns,r,A,,0.000114,,9029
iotfinder,dns,r,A,,0.000115,,7697
iotfinder,dns,r,A,,0.000116,1,5743
iotfinder,dns,r,A,,0.000117,,4137
iotfinder,dns,r,A,,0.000118,2,2818
iotfinder,dns,r,A,,0.000119,7,1816
iotfinder,dns,r,A,,0.00012,6,1102
iotfinder,dns,r,A,,0.000121,7,697
iotfinder,dns,r,A,,0.000122,11,334
iotfinder,dns,r,A,,0.000123,7,186
iotfinder,dns,r,A,,0.000124,7,84
iotfinder,dns,r,A,,0.000125,6,46
iotfinder,dns,r,A,,0.000126,6,25
iotfinder,dns,r,A,,0.000127,8,16
iotfinder,dns,r,A,,0.000128,6,10
iotfinder,dns,r,A,,0.000129,,5
iotfinder,dns,r,A,,0.00013,,7
iotfinder,dns,r,A,,0.000131,2,5
iotfinder,dns,r,A,,0.000132,2,2
iotfinder,dns,r,A,,0.000133,,3
iotfinder,dns,r,A,,0.000134,,2
iotfinder,dns,r,A,,0.000135,,4
iotfinder,dns,r,A,,0.000136,,3
iotfinder,dns,r,A,,0.000137,,1
iotfinder,dns,r,A,,0.000141,,2
iotfinder,dns,r,A,,0.000143,,7
iotfinder,dns,r,A,,0.000144,,1
iotfinder,dns,r,A,,0.000145,,4
iotfinder,dns,r,A,,0.000146,,3
iotfinder,dns,r,A,,0.000147,,4
iotfinder,dns,r,A,,0.000148,,4
iotfinder,dns,r,A,,0.000149,,6
iotfinder,dns,r,A,,0.00015,,3
iotfinder,dns,r,A,,0.000151,,5
iotfinder,dns,r,A,,0.000152,,5
iotfinder,dns,r,A,,0.000153,,4
iotfinder,dns,r,A,,0.000154,,3
iotfinder,dns,r,A,,0.000155,,5
iotfinder,dns,r,A,,0.000156,,5
iotfinder,dns,r,A,,0.000157,,5
iotfinder,dns,r,A,,0.000158,,3
iotfinder,dns,r,A,,0.000159,,3
iotfinder,dns,r,A,,0.00016,,3
iotfinder,dns,r,A,,0.000161,,1
iotfinder,dns,r,A,,0.000162,,1
iotfinder,dns,r,A,,0.000163,,2
iotfinder,dns,r,A,,0.000164,,2
iotfinder,dns,r,A,,0.000165,,3
iotfinder,dns,r,A,,0.000166,,1
iotfinder,dns,r,A,,0.000167,,3
iotfinder,dns,r,A,,0.000168,,2
iotfinder,dns,r,A,,0.000169,,3
iotfinder,dns,r,A,,0.00017,,1
iotfinder,dns,r,A,,0.000171,,2
iotfinder,dns,r,A,,0.000172,,4
iotfinder,dns,r,A,,0.000173,,1
iotfinder,dns,r,A,,0.000174,,1
iotfinder,dns,r,A,,0.000175,,1
iotfinder,dns,r,A,,0.000176,,2
iotfinder,dns,r,A,,0.000177,,2
iotfinder,dns,r,A,,0.000179,,1
iotfinder,dns,r,A,,0.000181,,1
iotfinder,dns,r,A,,0.000182,,2
iotfinder,dns,r,A,,0.000183,,1
iotfinder,dns,r,A,,0.000185,,1
iotfinder,dns,r,A,,0.000187,,1
iotfinder,dns,r,A,,0.000191,,1
iotfinder,dns,r,A,,0.000193,,1
iotfinder,dns,r,A,,0.000195,,1
iotfinder,dns,r,A,,0.000197,,1
iotfinder,dns,r,A,,0.000199,,1
iotfinder,dns,r,A,,0.000203,,1
iotfinder,dns,r,A,,0.000204,1,
iotfinder,dns,r,A,,0.000205,1,
iotfinder,dns,r,A,,0.000206,4,
iotfinder,dns,r,A,,0.000207,9,
iotfinder,dns,r,A,,0.000208,3,
iotfinder,dns,r,A,,0.000209,,1
iotfinder,dns,r,A,,0.00021,1,1
iotfinder,dns,r,A,,0.000211,3,
iotfinder,dns,r,A,,0.000212,3,
iotfinder,dns,r,A,,0.000213,4,
iotfinder,dns,r,A,,0.000214,4,
iotfinder,dns,r,A,,0.000215,5,
iotfinder,dns,r,A,,0.000216,7,
iotfinder,dns,r,A,,0.000217,15,
iotfinder,dns,r,A,,0.000218,27,
iotfinder,dns,r,A,,0.000219,64,1
iotfinder,dns,r,A,,0.00022,129,
iotfinder,dns,r,A,,0.000221,277,
iotfinder,dns,r,A,,0.000222,513,
iotfinder,dns,r,A,,0.000223,888,1
iotfinder,dns,r,A,,0.000224,1392,
iotfinder,dns,r,A,,0.000225,1992,
iotfinder,dns,r,A,,0.000226,2566,1
iotfinder,dns,r,A,,0.000227,2996,
iotfinder,dns,r,A,,0.000228,3328,
iotfinder,dns,r,A,,0.000229,3402,
iotfinder,dns,r,A,,0.00023,3503,
iotfinder,dns,r,A,,0.000231,3582,1
iotfinder,dns,r,A,,0.000232,3622,
iotfinder,dns,r,A,,0.000233,3733,
iotfinder,dns,r,A,,0.000234,3936,1
iotfinder,dns,r,A,,0.000235,4229,1
iotfinder,dns,r,A,,0.000236,4684,
iotfinder,dns,r,A,,0.000237,4728,
iotfinder,dns,r,A,,0.000238,4770,
iotfinder,dns,r,A,,0.000239,4612,
iotfinder,dns,r,A,,0.00024,4204,1
iotfinder,dns,r,A,,0.000241,3635,
iotfinder,dns,r,A,,0.000242,3203,
iotfinder,dns,r,A,,0.000243,2676,
iotfinder,dns,r,A,,0.000244,2228,
iotfinder,dns,r,A,,0.000245,1789,
iotfinder,dns,r,A,,0.000246,1600,
iotfinder,dns,r,A,,0.000247,1329,
iotfinder,dns,r,A,,0.000248,1122,
iotfinder,dns,r,A,,0.000249,954,
iotfinder,dns,r,A,,0.00025,850,
iotfinder,dns,r,A,,0.000251,675,
iotfinder,dns,r,A,,0.000252,579,
iotfinder,dns,r,A,,0.000253,427,
iotfinder,dns,r,A,,0.000254,325,
iotfinder,dns,r,A,,0.000255,238,1
iotfinder,dns,r,A,,0.000256,166,
iotfinder,dns,r,A,,0.000257,123,
iotfinder,dns,r,A,,0.000258,93,
iotfinder,dns,r,A,,0.000259,74,
iotfinder,dns,r,A,,0.00026,46,
iotfinder,dns,r,A,,0.000261,37,
iotfinder,dns,r,A,,0.000262,24,
iotfinder,dns,r,A,,0.000263,17,
iotfinder,dns,r,A,,0.000264,6,
iotfinder,dns,r,A,,0.000265,13,
iotfinder,dns,r,A,,0.000266,10,
iotfinder,dns,r,A,,0.000267,7,
iotfinder,dns,r,A,,0.000268,5,
iotfinder,dns,r,A,,0.000269,3,
iotfinder,dns,r,A,,0.00027,1,
iotfinder,dns,r,A,,0.000271,3,
iotfinder,dns,r,A,,0.000272,1,
iotfinder,dns,r,A,,0.000273,5,
iotfinder,dns,r,A,,0.000274,4,1
iotfinder,dns,r,A,,0.000275,4,
iotfinder,dns,r,A,,0.000276,2,
iotfinder,dns,r,A,,0.000277,3,1
iotfinder,dns,r,A,,0.000278,,1
iotfinder,dns,r,A,,0.000279,1,
iotfinder,dns,r,A,,0.00028,4,
iotfinder,dns,r,A,,0.000282,3,
iotfinder,dns,r,A,,0.000283,1,
iotfinder,dns,r,A,,0.000284,2,
iotfinder,dns,r,A,,0.000285,4,
iotfinder,dns,r,A,,0.000286,1,
iotfinder,dns,r,A,,0.000287,3,
iotfinder,dns,r,A,,0.000288,7,
iotfinder,dns,r,A,,0.000289,2,
iotfinder,dns,r,A,,0.00029,4,
iotfinder,dns,r,A,,0.000291,1,
iotfinder,dns,r,A,,0.000292,2,
iotfinder,dns,r,A,,0.000294,2,
iotfinder,dns,r,A,,0.000295,5,
iotfinder,dns,r,A,,0.000296,2,
iotfinder,dns,r,A,,0.000297,5,
iotfinder,dns,r,A,,0.000298,5,
iotfinder,dns,r,A,,0.000299,1,
iotfinder,dns,r,A,,0.0003,2,
iotfinder,dns,r,A,,0.000301,2,
iotfinder,dns,r,A,,0.000302,5,
iotfinder,dns,r,A,,0.000303,3,
iotfinder,dns,r,A,,0.000304,3,
iotfinder,dns,r,A,,0.000305,2,
iotfinder,dns,r,A,,0.000306,5,
iotfinder,dns,r,A,,0.000307,3,
iotfinder,dns,r,A,,0.000308,2,
iotfinder,dns,r,A,,0.00031,1,
iotfinder,dns,r,A,,0.000311,3,
iotfinder,dns,r,A,,0.000312,5,
iotfinder,dns,r,A,,0.000313,1,
iotfinder,dns,r,A,,0.000314,3,
iotfinder,dns,r,A,,0.000317,2,
iotfinder,dns,r,A,,0.000319,2,
iotfinder,dns,r,A,,0.00032,3,
iotfinder,dns,r,A,,0.000323,3,
iotfinder,dns,r,A,,0.000325,1,
iotfinder,dns,r,A,,0.000326,4,
iotfinder,dns,r,A,,0.000328,2,
iotfinder,dns,r,A,,0.000329,1,
iotfinder,dns,r,A,,0.000332,1,
iotfinder,dns,r,A,,0.000333,1,
iotfinder,dns,r,A,,0.000334,2,
iotfinder,dns,r,A,,0.000335,1,
iotfinder,dns,r,A,,0.000337,1,
iotfinder,dns,r,A,,0.00034,2,
iotfinder,dns,r,A,,0.000344,1,
iotfinder,dns,r,A,,0.00035,1,
iotfinder,dns,r,A,,0.000353,1,
iotfinder,dns,r,A,,0.000358,1,
iotfinder,dns,r,A,,0.000359,1,
iotfinder,dns,r,A,,0.00036,1,
iotfinder,dns,r,A,,0.000408,1,
iotfinder,dns,r,AAAA,,5.4e-05,,6
iotfinder,dns,r,AAAA,,5.5e-05,,9
iotfinder,dns,r,AAAA,,5.6e-05,,13
iotfinder,dns,r,AAAA,,5.7e-05,,16
iotfinder,dns,r,AAAA,,5.8e-05,,32
iotfinder,dns,r,AAAA,,5.9e-05,,28
iotfinder,dns,r,AAAA,,6e-05,,35
iotfinder,dns,r,AAAA,,6.1e-05,,810
iotfinder,dns,r,AAAA,,6.2e-05,,7320
iotfinder,dns,r,AAAA,,6.3e-05,,21501
iotfinder,dns,r,AAAA,,6.4e-05,,32869
iotfinder,dns,r,AAAA,,6.5e-05,,39682
iotfinder,dns,r,AAAA,,6.6e-05,,45693
iotfinder,dns,r,AAAA,,6.7e-05,,42062
iotfinder,dns,r,AAAA,,6.8e-05,,28461
iotfinder,dns,r,AAAA,,6.9e-05,,16757
iotfinder,dns,r,AAAA,,7e-05,,8865
iotfinder,dns,r,AAAA,,7.1e-05,,4103
iotfinder,dns,r,AAAA,,7.2e-05,,1852
iotfinder,dns,r,AAAA,,7.3e-05,,973
iotfinder,dns,r,AAAA,,7.4e-05,,662
iotfinder,dns,r,AAAA,,7.5e-05,,575
iotfinder,dns,r,AAAA,,7.6e-05,,537
iotfinder,dns,r,AAAA,,7.7e-05,,527
iotfinder,dns,r,AAAA,,7.8e-05,,437
iotfinder,dns,r,AAAA,,7.9e-05,,340
iotfinder,dns,r,AAAA,,8e-05,,348
iotfinder,dns,r,AAAA,,8.1e-05,,352
iotfinder,dns,r,AAAA,,8.2e-05,,358
iotfinder,dns,r,AAAA,,8.3e-05,,483
iotfinder,dns,r,AAAA,,8.4e-05,,616
iotfinder,dns,r,AAAA,,8.5e-05,,653
iotfinder,dns,r,AAAA,,8.6e-05,,755
iotfinder,dns,r,AAAA,,8.7e-05,,806
iotfinder,dns,r,AAAA,,8.8e-05,,892
iotfinder,dns,r,AAAA,,8.9e-05,,887
iotfinder,dns,r,AAAA,,9e-05,,832
iotfinder,dns,r,AAAA,,9.1e-05,,765
iotfinder,dns,r,AAAA,,9.2e-05,,769
iotfinder,dns,r,AAAA,,9.3e-05,,624
iotfinder,dns,r,AAAA,,9.4e-05,,588
iotfinder,dns,r,AAAA,,9.5e-05,,516
iotfinder,dns,r,AAAA,,9.6e-05,,383
iotfinder,dns,r,AAAA,,9.7e-05,,373
iotfinder,dns,r,AAAA,,9.8e-05,,317
iotfinder,dns,r,AAAA,,9.9e-05,,251
iotfinder,dns,r,AAAA,,0.0001,,175
iotfinder,dns,r,AAAA,,0.000101,,152
iotfinder,dns,r,AAAA,,0.000102,,96
iotfinder,dns,r,AAAA,,0.000103,,76
iotfinder,dns,r,AAAA,,0.000104,,43
iotfinder,dns,r,AAAA,,0.000105,,19
iotfinder,dns,r,AAAA,,0.000106,,10
iotfinder,dns,r,AAAA,,0.000107,,10
iotfinder,dns,r,AAAA,,0.000108,,8
iotfinder,dns,r,AAAA,,0.000109,,16
iotfinder,dns,r,AAAA,,0.00011,,20
iotfinder,dns,r,AAAA,,0.000111,1,20
iotfinder,dns,r,AAAA,,0.000112,12,22
iotfinder,dns,r,AAAA,,0.000113,31,25
iotfinder,dns,r,AAAA,,0.000114,8,49
iotfinder,dns,r,AAAA,,0.000115,1,92
iotfinder,dns,r,AAAA,,0.000116,2,126
iotfinder,dns,r,AAAA,,0.000117,8,182
iotfinder,dns,r,AAAA,,0.000118,49,236
iotfinder,dns,r,AAAA,,0.000119,282,236
iotfinder,dns,r,AAAA,,0.00012,1291,278
iotfinder,dns,r,AAAA,,0.000121,4221,329
iotfinder,dns,r,AAAA,,0.000122,8911,351
iotfinder,dns,r,AAAA,,0.000123,14509,334
iotfinder,dns,r,AAAA,,0.000124,17638,347
iotfinder,dns,r,AAAA,,0.000125,18674,258
iotfinder,dns,r,AAAA,,0.000126,19381,258
iotfinder,dns,r,AAAA,,0.000127,20927,227
iotfinder,dns,r,AAAA,,0.000128,23710,194
iotfinder,dns,r,AAAA,,0.000129,25422,165
iotfinder,dns,r,AAAA,,0.00013,24006,180
iotfinder,dns,r,AAAA,,0.000131,19662,169
iotfinder,dns,r,AAAA,,0.000132,14938,175
iotfinder,dns,r,AAAA,,0.000133,10732,177
iotfinder,dns,r,AAAA,,0.000134,7827,201
iotfinder,dns,r,AAAA,,0.000135,5862,166
iotfinder,dns,r,AAAA,,0.000136,4782,151
iotfinder,dns,r,AAAA,,0.000137,3241,136
iotfinder,dns,r,AAAA,,0.000138,2097,93
iotfinder,dns,r,AAAA,,0.000139,1248,94
iotfinder,dns,r,AAAA,,0.00014,724,59
iotfinder,dns,r,AAAA,,0.000141,410,41
iotfinder,dns,r,AAAA,,0.000142,328,36
iotfinder,dns,r,AAAA,,0.000143,290,24
iotfinder,dns,r,AAAA,,0.000144,288,7
iotfinder,dns,r,AAAA,,0.000145,307,3
iotfinder,dns,r,AAAA,,0.000146,379,3
iotfinder,dns,r,AAAA,,0.000147,392,1
iotfinder,dns,r,AAAA,,0.000148,481,3
iotfinder,dns,r,AAAA,,0.000149,562,1
iotfinder,dns,r,AAAA,,0.00015,620,2
iotfinder,dns,r,AAAA,,0.000151,694,1
iotfinder,dns,r,AAAA,,0.000152,738,1
iotfinder,dns,r,AAAA,,0.000153,814,1
iotfinder,dns,r,AAAA,,0.000154,878,
iotfinder,dns,r,AAAA,,0.000155,884,2
iotfinder,dns,r,AAAA,,0.000156,891,2
iotfinder,dns,r,AAAA,,0.000157,845,1
iotfinder,dns,r,AAAA,,0.000158,815,2
iotfinder,dns,r,AAAA,,0.000159,750,
iotfinder,dns,r,AAAA,,0.00016,712,4
iotfinder,dns,r,AAAA,,0.000161,641,4
iotfinder,dns,r,AAAA,,0.000162,630,1
iotfinder,dns,r,AAAA,,0.000163,584,
iotfinder,dns,r,AAAA,,0.000164,528,
iotfinder,dns,r,AAAA,,0.000165,471,
iotfinder,dns,r,AAAA,,0.000166,414,1
iotfinder,dns,r,AAAA,,0.000167,412,2
iotfinder,dns,r,AAAA,,0.000168,396,
iotfinder,dns,r,AAAA,,0.000169,361,
iotfinder,dns,r,AAAA,,0.00017,332,
iotfinder,dns,r,AAAA,,0.000171,337,
iotfinder,dns,r,AAAA,,0.000172,341,
iotfinder,dns,r,AAAA,,0.000173,332,
iotfinder,dns,r,AAAA,,0.000174,356,
iotfinder,dns,r,AAAA,,0.000175,408,
iotfinder,dns,r,AAAA,,0.000176,380,2
iotfinder,dns,r,AAAA,,0.000177,378,
iotfinder,dns,r,AAAA,,0.000178,345,1
iotfinder,dns,r,AAAA,,0.000179,343,
iotfinder,dns,r,AAAA,,0.00018,287,
iotfinder,dns,r,AAAA,,0.000181,259,
iotfinder,dns,r,AAAA,,0.000182,195,
iotfinder,dns,r,AAAA,,0.000183,152,
iotfinder,dns,r,AAAA,,0.000184,116,
iotfinder,dns,r,AAAA,,0.000185,101,
iotfinder,dns,r,AAAA,,0.000186,97,
iotfinder,dns,r,AAAA,,0.000187,66,
iotfinder,dns,r,AAAA,,0.000188,59,1
iotfinder,dns,r,AAAA,,0.000189,49,1
iotfinder,dns,r,AAAA,,0.00019,34,
iotfinder,dns,r,AAAA,,0.000191,24,
iotfinder,dns,r,AAAA,,0.000192,11,
iotfinder,dns,r,AAAA,,0.000193,10,
iotfinder,dns,r,AAAA,,0.000194,10,
iotfinder,dns,r,AAAA,,0.000195,11,
iotfinder,dns,r,AAAA,,0.000196,5,
iotfinder,dns,r,AAAA,,0.000197,4,
iotfinder,dns,r,AAAA,,0.000198,1,
iotfinder,dns,r,AAAA,,0.000199,2,
iotfinder,dns,r,AAAA,,0.0002,2,
iotfinder,dns,r,AAAA,,0.000201,1,
iotfinder,dns,r,AAAA,,0.000202,1,1
iotfinder,dns,r,AAAA,,0.000203,1,
iotfinder,dns,r,AAAA,,0.000205,3,
iotfinder,dns,r,AAAA,,0.000206,1,
iotfinder,dns,r,AAAA,,0.000207,2,
iotfinder,dns,r,AAAA,,0.000208,2,
iotfinder,dns,r,AAAA,,0.000209,1,
iotfinder,dns,r,AAAA,,0.000211,1,
iotfinder,dns,r,AAAA,,0.000212,5,
iotfinder,dns,r,AAAA,,0.000213,3,
iotfinder,dns,r,AAAA,,0.000214,3,
iotfinder,dns,r,AAAA,,0.000215,3,
iotfinder,dns,r,AAAA,,0.000216,2,
iotfinder,dns,r,AAAA,,0.000218,2,
iotfinder,dns,r,AAAA,,0.00022,1,
iotfinder,dns,r,AAAA,,0.000221,4,
iotfinder,dns,r,AAAA,,0.000222,2,
iotfinder,dns,r,AAAA,,0.000223,2,
iotfinder,dns,r,AAAA,,0.000224,2,
iotfinder,dns,r,AAAA,,0.000225,1,
iotfinder,dns,r,AAAA,,0.000226,1,
iotfinder,dns,r,AAAA,,0.000227,1,
iotfinder,dns,r,AAAA,,0.000228,2,
iotfinder,dns,r,AAAA,,0.000229,1,
iotfinder,dns,r,AAAA,,0.00023,1,
iotfinder,dns,r,AAAA,,0.000233,1,1
iotfinder,dns,r,AAAA,,0.000235,1,
iotfinder,dns,r,AAAA,,0.000236,2,
iotfinder,dns,r,AAAA,,0.00024,,1
iotfinder,dns,r,AAAA,,0.000242,1,
iotfinder,dns,r,AAAA,,0.000243,2,
iotfinder,dns,r,AAAA,,0.000245,1,
iotfinder,dns,r,AAAA,,0.000246,1,
iotfinder,dns,r,AAAA,,0.000248,3,
iotfinder,dns,r,AAAA,,0.000251,1,
iotfinder,dns,r,AAAA,,0.000252,,1
iotfinder,dns,r,AAAA,,0.000254,1,
iotfinder,dns,r,AAAA,,0.000255,2,
iotfinder,dns,r,AAAA,,0.000256,2,
iotfinder,dns,r,AAAA,,0.000261,1,1
iotfinder,dns,r,AAAA,,0.000266,1,
iotfinder,dns,r,AAAA,,0.000269,1,
iotfinder,dns,r,AAAA,,0.000277,1,
iotfinder,dns,r,AAAA,,0.000281,1,
iotfinder,dns,r,AAAA,,0.000284,2,
iotfinder,dns,r,AAAA,,0.000288,2,
iotfinder,dns,r,AAAA,,0.000289,1,
iotfinder,dns,r,AAAA,,0.000292,1,
iotfinder,dns,r,AAAA,,0.000307,1,
iotfinder,dns,r,AAAA,,0.000312,1,
iotfinder,dns,r,AAAA,,0.000352,1,
iotfinder,dns,r,AAAA,,0.000387,1,
iotfinder,dns,r,PTR,,9.2e-05,,2
iotfinder,dns,r,PTR,,9.3e-05,,3
iotfinder,dns,r,PTR,,9.4e-05,,10
iotfinder,dns,r,PTR,,9.5e-05,,6
iotfinder,dns,r,PTR,,9.6e-05,,7
iotfinder,dns,r,PTR,,9.7e-05,,18
iotfinder,dns,r,PTR,,9.8e-05,,55
iotfinder,dns,r,PTR,,9.9e-05,,125
iotfinder,dns,r,PTR,,0.0001,,207
iotfinder,dns,r,PTR,,0.000101,,307
iotfinder,dns,r,PTR,,0.000102,,441
iotfinder,dns,r,PTR,,0.000103,,547
iotfinder,dns,r,PTR,,0.000104,,661
iotfinder,dns,r,PTR,,0.000105,,774
iotfinder,dns,r,PTR,,0.000106,,896
iotfinder,dns,r,PTR,,0.000107,,833
iotfinder,dns,r,PTR,,0.000108,,771
iotfinder,dns,r,PTR,,0.000109,,607
iotfinder,dns,r,PTR,,0.00011,,452
iotfinder,dns,r,PTR,,0.000111,,309
iotfinder,dns,r,PTR,,0.000112,,171
iotfinder,dns,r,PTR,,0.000113,,138
iotfinder,dns,r,PTR,,0.000114,,154
iotfinder,dns,r,PTR,,0.000115,,244
iotfinder,dns,r,PTR,,0.000116,,394
iotfinder,dns,r,PTR,,0.000117,,548
iotfinder,dns,r,PTR,,0.000118,,690
iotfinder,dns,r,PTR,,0.000119,,734
iotfinder,dns,r,PTR,,0.00012,,821
iotfinder,dns,r,PTR,,0.000121,,937
iotfinder,dns,r,PTR,,0.000122,,912
iotfinder,dns,r,PTR,,0.000123,,864
iotfinder,dns,r,PTR,,0.000124,,826
iotfinder,dns,r,PTR,,0.000125,,594
iotfinder,dns,r,PTR,,0.000126,,464
iotfinder,dns,r,PTR,,0.000127,5,303
iotfinder,dns,r,PTR,,0.000128,7,213
iotfinder,dns,r,PTR,,0.000129,4,150
iotfinder,dns,r,PTR,,0.00013,,72
iotfinder,dns,r,PTR,,0.000131,1,42
iotfinder,dns,r,PTR,,0.000132,7,29
iotfinder,dns,r,PTR,,0.000133,6,12
iotfinder,dns,r,PTR,,0.000134,9,8
iotfinder,dns,r,PTR,,0.000135,28,7
iotfinder,dns,r,PTR,,0.000136,46,11
iotfinder,dns,r,PTR,,0.000137,73,11
iotfinder,dns,r,PTR,,0.000138,147,9
iotfinder,dns,r,PTR,,0.000139,222,12
iotfinder,dns,r,PTR,,0.00014,255,10
iotfinder,dns,r,PTR,,0.000141,408,8
iotfinder,dns,r,PTR,,0.000142,443,10
iotfinder,dns,r,PTR,,0.000143,519,13
iotfinder,dns,r,PTR,,0.000144,504,5
iotfinder,dns,r,PTR,,0.000145,452,6
iotfinder,dns,r,PTR,,0.000146,584,8
iotfinder,dns,r,PTR,,0.000147,594,7
iotfinder,dns,r,PTR,,0.000148,589,8
iotfinder,dns,r,PTR,,0.000149,555,2
iotfinder,dns,r,PTR,,0.00015,477,2
iotfinder,dns,r,PTR,,0.000151,364,1
iotfinder,dns,r,PTR,,0.000152,258,
iotfinder,dns,r,PTR,,0.000153,247,
iotfinder,dns,r,PTR,,0.000154,186,
iotfinder,dns,r,PTR,,0.000155,144,
iotfinder,dns,r,PTR,,0.000156,131,
iotfinder,dns,r,PTR,,0.000157,214,
iotfinder,dns,r,PTR,,0.000158,258,
iotfinder,dns,r,PTR,,0.000159,333,2
iotfinder,dns,r,PTR,,0.00016,390,6
iotfinder,dns,r,PTR,,0.000161,442,15
iotfinder,dns,r,PTR,,0.000162,476,16
iotfinder,dns,r,PTR,,0.000163,510,30
iotfinder,dns,r,PTR,,0.000164,526,28
iotfinder,dns,r,PTR,,0.000165,543,45
iotfinder,dns,r,PTR,,0.000166,686,42
iotfinder,dns,r,PTR,,0.000167,673,27
iotfinder,dns,r,PTR,,0.000168,617,44
iotfinder,dns,r,PTR,,0.000169,577,43
iotfinder,dns,r,PTR,,0.00017,510,49
iotfinder,dns,r,PTR,,0.000171,363,53
iotfinder,dns,r,PTR,,0.000172,286,53
iotfinder,dns,r,PTR,,0.000173,245,56
iotfinder,dns,r,PTR,,0.000174,202,51
iotfinder,dns,r,PTR,,0.000175,162,44
iotfinder,dns,r,PTR,,0.000176,130,33
iotfinder,dns,r,PTR,,0.000177,71,30
iotfinder,dns,r,PTR,,0.000178,53,13
iotfinder,dns,r,PTR,,0.000179,35,14
iotfinder,dns,r,PTR,,0.00018,29,3
iotfinder,dns,r,PTR,,0.000181,14,4
iotfinder,dns,r,PTR,,0.000182,9,7
iotfinder,dns,r,PTR,,0.000183,3,1
iotfinder,dns,r,PTR,,0.000184,7,2
iotfinder,dns,r,PTR,,0.000185,3,
iotfinder,dns,r,PTR,,0.000186,2,
iotfinder,dns,r,PTR,,0.000187,1,1
iotfinder,dns,r,PTR,,0.000188,,1
iotfinder,dns,r,PTR,,0.000189,1,
iotfinder,dns,r,PTR,,0.00019,1,
iotfinder,dns,r,PTR,,0.000191,1,
iotfinder,dns,r,PTR,,0.000192,,1
iotfinder,dns,r,PTR,,0.000193,1,
iotfinder,dns,r,PTR,,0.000194,3,
iotfinder,dns,r,PTR,,0.000195,3,
iotfinder,dns,r,PTR,,0.000196,7,
iotfinder,dns,r,PTR,,0.000197,16,1
iotfinder,dns,r,PTR,,0.000198,22,
iotfinder,dns,r,PTR,,0.000199,43,
iotfinder,dns,r,PTR,,0.0002,30,
iotfinder,dns,r,PTR,,0.000201,23,
iotfinder,dns,r,PTR,,0.000202,29,
iotfinder,dns,r,PTR,,0.000203,28,
iotfinder,dns,r,PTR,,0.000204,35,
iotfinder,dns,r,PTR,,0.000205,41,
iotfinder,dns,r,PTR,,0.000206,28,
iotfinder,dns,r,PTR,,0.000207,28,
iotfinder,dns,r,PTR,,0.000208,46,
iotfinder,dns,r,PTR,,0.000209,51,
iotfinder,dns,r,PTR,,0.00021,59,
iotfinder,dns,r,PTR,,0.000211,44,
iotfinder,dns,r,PTR,,0.000212,33,
iotfinder,dns,r,PTR,,0.000213,39,
iotfinder,dns,r,PTR,,0.000214,21,
iotfinder,dns,r,PTR,,0.000215,19,
iotfinder,dns,r,PTR,,0.000216,16,
iotfinder,dns,r,PTR,,0.000217,12,
iotfinder,dns,r,PTR,,0.000218,7,
iotfinder,dns,r,PTR,,0.000219,11,
iotfinder,dns,r,PTR,,0.00022,8,
iotfinder,dns,r,PTR,,0.000221,6,
iotfinder,dns,r,PTR,,0.000222,3,
iotfinder,dns,r,PTR,,0.000223,1,
iotfinder,dns,r,PTR,,0.000224,2,
iotfinder,dns,r,PTR,,0.000225,2,
iotfinder,dns,r,PTR,,0.000227,1,
iotfinder,dns,r,PTR,,0.000234,1,
iotfinder,dns,r,PTR,,0.000235,1,
iotfinder,dns,r,PTR,,0.000236,2,
iotfinder,dns,r,PTR,,0.000237,2,
iotfinder,dns,r,PTR,,0.000238,1,
iotfinder,dns,r,PTR,,0.000239,9,
iotfinder,dns,r,PTR,,0.00024,6,
iotfinder,dns,r,PTR,,0.000241,6,
iotfinder,dns,r,PTR,,0.000242,4,
iotfinder,dns,r,PTR,,0.000243,4,
iotfinder,dns,r,PTR,,0.000244,9,
iotfinder,dns,r,PTR,,0.000245,5,
iotfinder,dns,r,PTR,,0.000246,5,
iotfinder,dns,r,PTR,,0.000247,3,
iotfinder,dns,r,PTR,,0.000248,7,
iotfinder,dns,r,PTR,,0.000249,7,
iotfinder,dns,r,PTR,,0.00025,4,
iotfinder,dns,r,PTR,,0.000251,2,
iotfinder,dns,r,PTR,,0.000252,10,
iotfinder,dns,r,PTR,,0.000253,6,
iotfinder,dns,r,PTR,,0.000254,6,1
iotfinder,dns,r,PTR,,0.000255,4,
iotfinder,dns,r,PTR,,0.000256,4,
iotfinder,dns,r,PTR,,0.000257,4,
iotfinder,dns,r,PTR,,0.000258,2,
iotfinder,dns,r,PTR,,0.000259,4,
iotfinder,dns,r,PTR,,0.00026,2,
iotfinder,dns,r,PTR,,0.000261,1,
iotfinder,dns,r,PTR,,0.000262,3,1
iotfinder,dns,r,PTR,,0.000265,2,
iotfinder,dns,r,PTR,,0.000266,3,
iotfinder,dns,r,PTR,,0.000267,,1
iotfinder,dns,r,PTR,,0.000268,1,
iotfinder,dns,r,PTR,,0.000271,,1
iotfinder,dns,r,PTR,,0.000275,1,
iotfinder,dns,r,PTR,,0.000276,1,
iotfinder,dns,r,PTR,,0.000277,3,
iotfinder,dns,r,PTR,,0.000278,2,
iotfinder,dns,r,PTR,,0.000279,3,
iotfinder,dns,r,PTR,,0.00028,5,
iotfinder,dns,r,PTR,,0.000281,9,
iotfinder,dns,r,PTR,,0.000282,18,
iotfinder,dns,r,PTR,,0.000283,18,
iotfinder,dns,r,PTR,,0.000284,13,
iotfinder,dns,r,PTR,,0.000285,13,
iotfinder,dns,r,PTR,,0.000286,23,
iotfinder,dns,r,PTR,,0.000287,19,
iotfinder,dns,r,PTR,,0.000288,16,
iotfinder,dns,r,PTR,,0.000289,17,
iotfinder,dns,r,PTR,,0.00029,21,
iotfinder,dns,r,PTR,,0.000291,11,
iotfinder,dns,r,PTR,,0.000292,24,
iotfinder,dns,r,PTR,,0.000293,25,
iotfinder,dns,r,PTR,,0.000294,29,
iotfinder,dns,r,PTR,,0.000295,39,
iotfinder,dns,r,PTR,,0.000296,36,
iotfinder,dns,r,PTR,,0.000297,51,
iotfinder,dns,r,PTR,,0.000298,37,
iotfinder,dns,r,PTR,,0.000299,29,
iotfinder,dns,r,PTR,,0.0003,43,
iotfinder,dns,r,PTR,,0.000301,30,
iotfinder,dns,r,PTR,,0.000302,17,
iotfinder,dns,r,PTR,,0.000303,22,
iotfinder,dns,r,PTR,,0.000304,18,
iotfinder,dns,r,PTR,,0.000305,11,
iotfinder,dns,r,PTR,,0.000306,18,
iotfinder,dns,r,PTR,,0.000307,12,
iotfinder,dns,r,PTR,,0.000308,11,
iotfinder,dns,r,PTR,,0.000309,9,
iotfinder,dns,r,PTR,,0.00031,9,
iotfinder,dns,r,PTR,,0.000311,15,
iotfinder,dns,r,PTR,,0.000312,5,
iotfinder,dns,r,PTR,,0.000313,5,
iotfinder,dns,r,PTR,,0.000314,3,
iotfinder,dns,r,PTR,,0.000315,4,
iotfinder,dns,r,PTR,,0.000316,6,
iotfinder,dns,r,PTR,,0.000317,4,
iotfinder,dns,r,PTR,,0.000318,3,
iotfinder,dns,r,PTR,,0.000319,4,
iotfinder,dns,r,PTR,,0.000321,2,
moniotr,mdns,q,PTR,,3.1e-05,,2
moniotr,mdns,q,PTR,,3.2e-05,,121
moniotr,mdns,q,PTR,,3.3e-05,,133
moniotr,mdns,q,PTR,,3.4e-05,,42
moniotr,mdns,q,PTR,,3.5e-05,1,51
moniotr,mdns,q,PTR,,3.6e-05,111,206
moniotr,mdns,q,PTR,,3.7e-05,144,449
moniotr,mdns,q,PTR,,3.8e-05,31,371
moniotr,mdns,q,PTR,,3.9e-05,37,144
moniotr,mdns,q,PTR,,4e-05,30,38
moniotr,mdns,q,PTR,,4.1e-05,279,2
moniotr,mdns,q,PTR,,4.2e-05,374,3
moniotr,mdns,q,PTR,,4.3e-05,363,7
moniotr,mdns,q,PTR,,4.4e-05,154,
moniotr,mdns,q,PTR,,4.5e-05,36,
moniotr,mdns,q,PTR,,4.6e-05,9,
moniotr,mdns,q,PTR,,4.7e-05,4,
moniotr,mdns,q,PTR,,4.8e-05,1,
moniotr,mdns,q,PTR,,4.9e-05,,1
moniotr,mdns,q,PTR,,5e-05,,4
moniotr,mdns,q,PTR,,5.1e-05,,3
moniotr,mdns,q,PTR,,5.2e-05,1,1
moniotr,mdns,q,PTR,,5.4e-05,1,
moniotr,mdns,q,PTR,,5.9e-05,1,
moniotr,mdns,q,PTR,,6.1e-05,1,
moniotr,mdns,q,PTR,,7.8e-05,,5
moniotr,mdns,q,PTR,,7.9e-05,,54
moniotr,mdns,q,PTR,,8e-05,,69
moniotr,mdns,q,PTR,,8.1e-05,,67
moniotr,mdns,q,PTR,,8.2e-05,,46
moniotr,mdns,q,PTR,,8.3e-05,,24
moniotr,mdns,q,PTR,,8.4e-05,,14
moniotr,mdns,q,PTR,,8.5e-05,,23
moniotr,mdns,q,PTR,,8.6e-05,,21
moniotr,mdns,q,PTR,,8.7e-05,,30
moniotr,mdns,q,PTR,,8.8e-05,,47
moniotr,mdns,q,PTR,,8.9e-05,,94
moniotr,mdns,q,PTR,,9e-05,,110
moniotr,mdns,q,PTR,,9.1e-05,,126
moniotr,mdns,q,PTR,,9.2e-05,,100
moniotr,mdns,q,PTR,,9.3e-05,,70
moniotr,mdns,q,PTR,,9.4e-05,,45
moniotr,mdns,q,PTR,,9.5e-05,,26
moniotr,mdns,q,PTR,,9.6e-05,,12
moniotr,mdns,q,PTR,,9.7e-05,,3
moniotr,mdns,q,PTR,,9.9e-05,,1
moniotr,mdns,q,PTR,,0.00011,,1
moniotr,mdns,q,PTR,,0.000141,4,
moniotr,mdns,q,PTR,,0.000142,59,
moniotr,mdns,q,PTR,,0.000143,73,
moniotr,mdns,q,PTR,,0.000144,44,
moniotr,mdns,q,PTR,,0.000145,27,
moniotr,mdns,q,PTR,,0.000146,8,
moniotr,mdns,q,PTR,,0.000147,17,
moniotr,mdns,q,PTR,,0.000148,19,
moniotr,mdns,q,PTR,,0.000149,10,
moniotr,mdns,q,PTR,,0.00015,8,
moniotr,mdns,q,PTR,,0.000151,9,
moniotr,mdns,q,PTR,,0.000152,11,
moniotr,mdns,q,PTR,,0.000153,13,
moniotr,mdns,q,PTR,,0.000154,7,
moniotr,mdns,q,PTR,,0.000155,5,
moniotr,mdns,q,PTR,,0.000156,4,
moniotr,mdns,q,PTR,,0.000157,5,
moniotr,mdns,q,PTR,,0.000158,5,
moniotr,mdns,q,PTR,,0.000159,16,
moniotr,mdns,q,PTR,,0.00016,17,
moniotr,mdns,q,PTR,,0.000161,30,
moniotr,mdns,q,PTR,,0.000162,28,
moniotr,mdns,q,PTR,,0.000163,53,
moniotr,mdns,q,PTR,,0.000164,64,
moniotr,mdns,q,PTR,,0.000165,58,
moniotr,mdns,q,PTR,,0.000166,75,
moniotr,mdns,q,PTR,,0.000167,65,
moniotr,mdns,q,PTR,,0.000168,63,
moniotr,mdns,q,PTR,,0.000169,45,
moniotr,mdns,q,PTR,,0.00017,33,
moniotr,mdns,q,PTR,,0.000171,19,
moniotr,mdns,q,PTR,,0.000172,29,
moniotr,mdns,q,PTR,,0.000173,27,
moniotr,mdns,q,PTR,,0.000174,15,
moniotr,mdns,q,PTR,,0.000175,7,
moniotr,mdns,q,PTR,,0.000176,5,
moniotr,mdns,q,PTR,,0.000177,4,
moniotr,mdns,q,PTR,,0.000178,3,
moniotr,mdns,q,PTR,,0.000179,1,
moniotr,mdns,q,PTR,,0.000189,1,
moniotr,mdns,q,PTR,,0.000198,1,
moniotr,mdns,q,PTR,,0.000212,1,
moniotr,mdns,q,ANY,,4.9e-05,,3
moniotr,mdns,q,ANY,,5e-05,,1
moniotr,mdns,q,ANY,,5.1e-05,,2
moniotr,mdns,q,ANY,,5.3e-05,,4
moniotr,mdns,q,ANY,,5.6e-05,,2
moniotr,mdns,q,ANY,,5.7e-05,,16
moniotr,mdns,q,ANY,,5.8e-05,,43
moniotr,mdns,q,ANY,,5.9e-05,,22
moniotr,mdns,q,ANY,,6e-05,,13
moniotr,mdns,q,ANY,,6.1e-05,,1
moniotr,mdns,q,ANY,,8.6e-05,,1
moniotr,mdns,q,ANY,,8.7e-05,,4
moniotr,mdns,q,ANY,,8.8e-05,,14
moniotr,mdns,q,ANY,,8.9e-05,,11
moniotr,mdns,q,ANY,,9e-05,,12
moniotr,mdns,q,ANY,,9.1e-05,,13
moniotr,mdns,q,ANY,,9.2e-05,,6
moniotr,mdns,q,ANY,,9.3e-05,,9
moniotr,mdns,q,ANY,,9.4e-05,,2
moniotr,mdns,q,ANY,,9.5e-05,,1
moniotr,mdns,q,ANY,,9.6e-05,4,
moniotr,mdns,q,ANY,,9.7e-05,2,1
moniotr,mdns,q,ANY,,0.000109,3,
moniotr,mdns,q,ANY,,0.000112,1,
moniotr,mdns,q,ANY,,0.000113,1,
moniotr,mdns,q,ANY,,0.000114,2,
moniotr,mdns,q,ANY,,0.000115,2,
moniotr,mdns,q,ANY,,0.000117,3,
moniotr,mdns,q,ANY,,0.000118,11,
moniotr,mdns,q,ANY,,0.000119,23,
moniotr,mdns,q,ANY,,0.00012,15,
moniotr,mdns,q,ANY,,0.000121,12,
moniotr,mdns,q,ANY,,0.000122,11,
moniotr,mdns,q,ANY,,0.000123,5,
moniotr,mdns,q,ANY,,0.000124,4,
moniotr,mdns,q,ANY,,0.000125,6,
moniotr,mdns,q,ANY,,0.000126,1,
moniotr,mdns,q,ANY,,0.000127,1,
moniotr,mdns,q,ANY,,0.000142,2,
moniotr,mdns,q,ANY,,0.000143,6,
moniotr,mdns,q,ANY,,0.000144,3,
moniotr,mdns,q,ANY,,0.000145,1,
moniotr,mdns,q,ANY,,0.000146,7,
moniotr,mdns,q,ANY,,0.000147,9,
moniotr,mdns,q,ANY,,0.000148,8,
moniotr,mdns,q,ANY,,0.000149,12,
moniotr,mdns,q,ANY,,0.00015,6,
moniotr,mdns,q,ANY,,0.000151,6,
moniotr,mdns,q,ANY,,0.000152,3,
moniotr,mdns,q,ANY,,0.000153,3,
moniotr,mdns,q,ANY,,0.000154,1,
moniotr,mdns,q,ANY,,0.000157,1,
moniotr,mdns,q,ANY,,0.000158,1,
moniotr,mdns,q,ANY,,0.000159,2,
moniotr,mdns,q,ANY,,0.00016,1,
moniotr,mdns,q,ANY,,0.000161,1,
moniotr,mdns,q,ANY,,0.000162,1,
moniotr,mdns,q,SRV,,3.9e-05,7,
moniotr,mdns,q,SRV,,4e-05,3,
moniotr,mdns,q,SRV,,4.1e-05,4,
moniotr,mdns,q,SRV,,4.2e-05,23,3
moniotr,mdns,q,SRV,,4.3e-05,10,6
moniotr,mdns,q,SRV,,4.4e-05,20,2
moniotr,mdns,q,SRV,,4.5e-05,20,
moniotr,mdns,q,SRV,,4.6e-05,28,1
moniotr,mdns,q,SRV,,4.7e-05,33,4
moniotr,mdns,q,SRV,,4.8e-05,31,29
moniotr,mdns,q,SRV,,4.9e-05,31,22
moniotr,mdns,q,SRV,,5e-05,23,24
moniotr,mdns,q,SRV,,5.1e-05,11,26
moniotr,mdns,q,SRV,,5.2e-05,2,12
moniotr,mdns,q,SRV,,5.3e-05,,8
moniotr,mdns,q,SRV,,5.4e-05,,11
moniotr,mdns,q,SRV,,5.5e-05,,20
moniotr,mdns,q,SRV,,5.6e-05,,26
moniotr,mdns,q,SRV,,5.7e-05,,16
moniotr,mdns,q,SRV,,5.8e-05,,21
moniotr,mdns,q,SRV,,5.9e-05,,5
moniotr,mdns,q,SRV,,6e-05,,6
moniotr,mdns,q,SRV,,6.1e-05,,4
moniotr,dns,q,A,,2.3e-05,,4
moniotr,dns,q,A,,2.4e-05,,3
moniotr,dns,q,A,,2.5e-05,,4
moniotr,dns,q,A,,2.6e-05,,3
moniotr,dns,q,A,,2.7e-05,,16
moniotr,dns,q,A,,2.8e-05,,24
moniotr,dns,q,A,,2.9e-05,,629
moniotr,dns,q,A,,3e-05,,6140
moniotr,dns,q,A,,3.1e-05,,7096
moniotr,dns,q,A,,3.2e-05,,4970
moniotr,dns,q,A,,3.3e-05,1,4634
moniotr,dns,q,A,,3.4e-05,31,11178
moniotr,dns,q,A,,3.5e-05,1531,13576
moniotr,dns,q,A,,3.6e-05,10294,9840
moniotr,dns,q,A,,3.7e-05,6057,6078
moniotr,dns,q,A,,3.8e-05,3572,3427
moniotr,dns,q,A,,3.9e-05,3042,1935
moniotr,dns,q,A,,4e-05,7827,1101
moniotr,dns,q,A,,4.1e-05,15271,552
moniotr,dns,q,A,,4.2e-05,13002,447
moniotr,dns,q,A,,4.3e-05,7654,403
moniotr,dns,q,A,,4.4e-05,4528,454
moniotr,dns,q,A,,4.5e-05,2443,621
moniotr,dns,q,A,,4.6e-05,1037,625
moniotr,dns,q,A,,4.7e-05,361,521
moniotr,dns,q,A,,4.8e-05,197,420
moniotr,dns,q,A,,4.9e-05,152,490
moniotr,dns,q,A,,5e-05,84,370
moniotr,dns,q,A,,5.1e-05,29,235
moniotr,dns,q,A,,5.2e-05,14,130
moniotr,dns,q,A,,5.3e-05,6,93
moniotr,dns,q,A,,5.4e-05,19,90
moniotr,dns,q,A,,5.5e-05,10,81
moniotr,dns,q,A,,5.6e-05,7,82
moniotr,dns,q,A,,5.7e-05,2,54
moniotr,dns,q,A,,5.8e-05,2,63
moniotr,dns,q,A,,5.9e-05,2,51
moniotr,dns,q,A,,6e-05,1,50
moniotr,dns,q,A,,6.1e-05,1,29
moniotr,dns,q,A,,6.2e-05,1,23
moniotr,dns,q,A,,6.3e-05,,16
moniotr,dns,q,A,,6.4e-05,2,9
moniotr,dns,q,A,,6.5e-05,,10
moniotr,dns,q,A,,6.6e-05,2,4
moniotr,dns,q,A,,6.7e-05,,9
moniotr,dns,q,A,,6.8e-05,1,5
moniotr,dns,q,A,,6.9e-05,2,3
moniotr,dns,q,A,,7e-05,,6
moniotr,dns,q,A,,7.1e-05,,47
moniotr,dns,q,A,,7.2e-05,,179
moniotr,dns,q,A,,7.3e-05,,137
moniotr,dns,q,A,,7.4e-05,,69
moniotr,dns,q,A,,7.5e-05,,26
moniotr,dns,q,A,,7.6e-05,,10
moniotr,dns,q,A,,7.7e-05,,12
moniotr,dns,q,A,,7.8e-05,,16
moniotr,dns,q,A,,7.9e-05,,13
moniotr,dns,q,A,,8e-05,,17
moniotr,dns,q,A,,8.1e-05,1,18
moniotr,dns,q,A,,8.2e-05,,23
moniotr,dns,q,A,,8.3e-05,,8
moniotr,dns,q,A,,8.4e-05,,6
moniotr,dns,q,A,,8.5e-05,,1
moniotr,dns,q,A,,9.2e-05,1,1
moniotr,dns,q,A,,9.3e-05,,1
moniotr,dns,q,A,,9.4e-05,2,
moniotr,dns,q,A,,9.6e-05,1,
moniotr,dns,q,A,,9.8e-05,1,
moniotr,dns,q,A,,9.9e-05,1,
moniotr,dns,q,A,,0.000101,1,
moniotr,dns,q,A,,0.000102,1,
moniotr,dns,q,A,,0.000103,,1
moniotr,dns,q,A,,0.000104,,3
moniotr,dns,q,A,,0.000105,,2
moniotr,dns,q,A,,0.000108,,1
moniotr,dns,q,A,,0.000164,1,
moniotr,dns,q,AAAA,,2.8e-05,,5
moniotr,dns,q,AAAA,,2.9e-05,,24
moniotr,dns,q,AAAA,,3e-05,,123
moniotr,dns,q,AAAA,,3.1e-05,,265
moniotr,dns,q,AAAA,,3.2e-05,,419
moniotr,dns,q,AAAA,,3.3e-05,,272
moniotr,dns,q,AAAA,,3.4e-05,,368
moniotr,dns,q,AAAA,,3.5e-05,47,435
moniotr,dns,q,AAAA,,3.6e-05,456,463
moniotr,dns,q,AAAA,,3.7e-05,556,705
moniotr,dns,q,AAAA,,3.8e-05,283,562
moniotr,dns,q,AAAA,,3.9e-05,246,393
moniotr,dns,q,AAAA,,4e-05,380,255
moniotr,dns,q,AAAA,,4.1e-05,693,157
moniotr,dns,q,AAAA,,4.2e-05,922,134
moniotr,dns,q,AAAA,,4.3e-05,877,130
moniotr,dns,q,AAAA,,4.4e-05,830,123
moniotr,dns,q,AAAA,,4.5e-05,481,116
moniotr,dns,q,AAAA,,4.6e-05,236,90
moniotr,dns,q,AAAA,,4.7e-05,134,75
moniotr,dns,q,AAAA,,4.8e-05,91,79
moniotr,dns,q,AAAA,,4.9e-05,94,119
moniotr,dns,q,AAAA,,5e-05,50,74
moniotr,dns,q,AAAA,,5.1e-05,22,27
moniotr,dns,q,AAAA,,5.2e-05,6,64
moniotr,dns,q,AAAA,,5.3e-05,7,55
moniotr,dns,q,AAAA,,5.4e-05,2,59
moniotr,dns,q,AAAA,,5.5e-05,2,59
moniotr,dns,q,AAAA,,5.6e-05,1,46
moniotr,dns,q,AAAA,,5.7e-05,2,31
moniotr,dns,q,AAAA,,5.8e-05,1,27
moniotr,dns,q,AAAA,,5.9e-05,1,26
moniotr,dns,q,AAAA,,6e-05,1,35
moniotr,dns,q,AAAA,,6.1e-05,,18
moniotr,dns,q,AAAA,,6.2e-05,,13
moniotr,dns,q,AAAA,,6.3e-05,,3
moniotr,dns,q,AAAA,,6.4e-05,,1
moniotr,dns,q,AAAA,,6.5e-05,,1
moniotr,dns,q,AAAA,,6.7e-05,,1
moniotr,dns,q,AAAA,,6.8e-05,,2
moniotr,dns,q,AAAA,,6.9e-05,,1
moniotr,dns,q,AAAA,,7e-05,,3
moniotr,dns,q,AAAA,,7.1e-05,,28
moniotr,dns,q,AAAA,,7.2e-05,,159
moniotr,dns,q,AAAA,,7.3e-05,,139
moniotr,dns,q,AAAA,,7.4e-05,,75
moniotr,dns,q,AAAA,,7.5e-05,,37
moniotr,dns,q,AAAA,,7.6e-05,,13
moniotr,dns,q,AAAA,,7.7e-05,,8
moniotr,dns,q,AAAA,,7.8e-05,1,12
moniotr,dns,q,AAAA,,7.9e-05,,17
moniotr,dns,q,AAAA,,8e-05,,18
moniotr,dns,q,AAAA,,8.1e-05,,17
moniotr,dns,q,AAAA,,8.2e-05,,16
moniotr,dns,q,AAAA,,8.3e-05,,13
moniotr,dns,q,AAAA,,8.4e-05,,7
moniotr,dns,q,AAAA,,8.5e-05,,3
moniotr,dns,q,AAAA,,8.6e-05,,1
moniotr,dns,q,AAAA,,8.7e-05,,1
moniotr,dns,q,AAAA,,8.9e-05,1,
moniotr,dns,q,AAAA,,9.1e-05,,1
moniotr,dns,q,AAAA,,9.2e-05,,1
moniotr,dns,q,AAAA,,9.4e-05,,1
moniotr,dns,q,AAAA,,0.000103,1,
moniotr,dns,q,AAAA,,0.000115,1,
moniotr,dns,q,TXT,,4.1e-05,14,
moniotr,dns,q,TXT,,4.7e-05,2,
moniotr,dns,q,TXT,,4.8e-05,9,
moniotr,dns,q,TXT,,4.9e-05,6,
moniotr,dns,q,TXT,,5e-05,3,
moniotr,dns,q,TXT,,5.1e-05,,2
moniotr,dns,q,TXT,,5.2e-05,,4
moniotr,dns,q,TXT,,5.3e-05,,5
moniotr,dns,q,TXT,,5.4e-05,,4
moniotr,dns,q,TXT,,5.5e-05,1,
moniotr,dns,q,TXT,,5.7e-05,,3
moniotr,dns,q,TXT,,5.8e-05,,2
moniotr,dns,q,TXT,,5.9e-05,,3
moniotr,dns,q,TXT,,6e-05,,5
moniotr,dns,q,TXT,,6.1e-05,,3
moniotr,dns,q,TXT,,6.2e-05,,2
moniotr,dns,q,TXT,,6.3e-05,,2
moniotr,dns,q,PTR,,4.2e-05,6,
moniotr,dns,q,PTR,,4.3e-05,3,
moniotr,dns,q,PTR,,4.4e-05,1,
moniotr,dns,q,PTR,,4.5e-05,1,
moniotr,dns,q,PTR,,4.6e-05,2,
moniotr,dns,q,PTR,,4.7e-05,5,
moniotr,dns,q,PTR,,4.8e-05,8,
moniotr,dns,q,PTR,,4.9e-05,9,
moniotr,dns,q,PTR,,5e-05,1,
moniotr,dns,q,PTR,,5.1e-05,1,
moniotr,dns,q,PTR,,5.7e-05,,2
moniotr,dns,q,PTR,,5.8e-05,,3
moniotr,dns,q,PTR,,5.9e-05,,5
moniotr,dns,q,PTR,,6.3e-05,,3
moniotr,dns,q,PTR,,6.4e-05,,3
moniotr,dns,q,PTR,,6.5e-05,,1
moniotr,dns,q,PTR,,6.6e-05,,4
moniotr,dns,q,PTR,,6.7e-05,,9
moniotr,dns,q,PTR,,6.8e-05,,4
moniotr,dns,q,PTR,,7e-05,,2
moniotr,dns,q,PTR,,7.1e-05,,1
moniotr,dns,r,A,,8.3e-05,,1
moniotr,dns,r,A,,8.4e-05,,2
moniotr,dns,r,A,,8.5e-05,,2
moniotr,dns,r,A,,8.6e-05,,11
moniotr,dns,r,A,,8.7e-05,,5
moniotr,dns,r,A,,8.8e-05,,5
moniotr,dns,r,A,,8.9e-05,,5
moniotr,dns,r,A,,9e-05,,1
moniotr,dns,r,A,,9.2e-05,,1
moniotr,dns,r,A,,9.3e-05,,2
moniotr,dns,r,A,,9.4e-05,,3
moniotr,dns,r,A,,9.5e-05,,5
moniotr,dns,r,A,,9.6e-05,,4
moniotr,dns,r,A,,9.7e-05,,1
moniotr,dns,r,A,,9.8e-05,,1
moniotr,dns,r,A,,9.9e-05,,3
moniotr,dns,r,A,,0.0001,,4
moniotr,dns,r,A,,0.000101,,1
moniotr,dns,r,A,,0.000102,,2
moniotr,dns,r,A,,0.000103,,3
moniotr,dns,r,A,,0.000104,,5
moniotr,dns,r,A,,0.000105,,3
moniotr,dns,r,A,,0.000106,,8
moniotr,dns,r,A,,0.000107,,13
moniotr,dns,r,A,,0.000108,,9
moniotr,dns,r,A,,0.000109,,9
moniotr,dns,r,A,,0.00011,,6
moniotr,dns,r,A,,0.000111,,4
moniotr,dns,r,A,,0.000112,1,2
moniotr,dns,r,A,,0.000113,,2
moniotr,dns,r,A,,0.000115,,1
moniotr,dns,r,A,,0.000117,1,2
moniotr,dns,r,A,,0.000118,,1
moniotr,dns,r,A,,0.000119,,1
moniotr,dns,r,A,,0.00012,,1
moniotr,dns,r,A,,0.000121,,1
moniotr,dns,r,A,,0.000124,2,
moniotr,dns,r,A,,0.000125,2,
moniotr,dns,r,A,,0.000126,8,
moniotr,dns,r,A,,0.000127,5,
moniotr,dns,r,A,,0.000128,3,
moniotr,dns,r,A,,0.000129,2,
moniotr,dns,r,A,,0.00013,2,
moniotr,dns,r,A,,0.000131,3,
moniotr,dns,r,A,,0.000132,1,
moniotr,dns,r,A,,0.000192,1,
moniotr,dns,r,A,,0.000193,1,
moniotr,dns,r,A,,0.000194,3,
moniotr,dns,r,A,,0.000195,1,
moniotr,dns,r,A,,0.000196,1,
moniotr,dns,r,A,,0.000197,3,
moniotr,dns,r,A,,0.000199,1,
moniotr,dns,r,A,,0.0002,1,
moniotr,dns,r,A,,0.000201,1,
moniotr,dns,r,A,,0.000202,2,
moniotr,dns,r,A,,0.000203,1,
moniotr,dns,r,A,,0.000205,2,
moniotr,dns,r,A,,0.000206,1,
moniotr,dns,r,A,,0.000207,1,
moniotr,dns,r,A,,0.000209,2,
moniotr,dns,r,A,,0.000211,1,
moniotr,dns,r,A,,0.000212,1,
moniotr,dns,r,A,,0.000213,1,
moniotr,dns,r,A,,0.000214,3,
moniotr,dns,r,A,,0.000216,1,
moniotr,dns,r,A,,0.000217,1,
moniotr,dns,r,A,,0.000218,1,
moniotr,dns,r,A,,0.000219,3,
moniotr,dns,r,A,,0.00022,5,
moniotr,dns,r,A,,0.000221,5,
moniotr,dns,r,A,,0.000222,6,
moniotr,dns,r,A,,0.000223,4,
moniotr,dns,r,A,,0.000224,1,
moniotr,dns,r,A,,0.000225,6,
moniotr,dns,r,A,,0.000226,5,
moniotr,dns,r,A,,0.000227,6,
moniotr,dns,r,A,,0.000228,2,
moniotr,dns,r,A,,0.000229,2,
moniotr,dns,r,A,,0.000231,2,
moniotr,dns,r,A,,0.000234,2,
moniotr,dns,r,A,,0.000235,1,
moniotr,dns,r,A,,0.000236,5,
moniotr,dns,r,A,,0.000237,1,
moniotr,dns,r,A,,0.000238,2,
moniotr,dns,r,A,,0.000239,1,
moniotr,dns,r,A,,0.00024,2,
moniotr,dns,r,A,,0.000241,2,
moniotr,dns,r,A,,0.000242,1,
moniotr,dns,r,A,,0.000244,2,
moniotr,dns,r,A,,0.000246,1,
moniotr,dns,r,A,,0.000252,1,
moniotr,dns,r,A,,0.000254,1,
moniotr,dns,r,AAAA,,5.5e-05,,3
moniotr,dns,r,AAAA,,5.6e-05,,19
moniotr,dns,r,AAAA,,5.7e-05,,44
moniotr,dns,r,AAAA,,5.8e-05,,39
moniotr,dns,r,AAAA,,5.9e-05,,12
moniotr,dns,r,AAAA,,6e-05,,9
moniotr,dns,r,AAAA,,6.1e-05,,2
moniotr,dns,r,AAAA,,6.2e-05,,7
moniotr,dns,r,AAAA,,6.3e-05,,9
moniotr,dns,r,AAAA,,6.4e-05,,29
moniotr,dns,r,AAAA,,6.5e-05,,46
moniotr,dns,r,AAAA,,6.6e-05,,49
moniotr,dns,r,AAAA,,6.7e-05,,52
moniotr,dns,r,AAAA,,6.8e-05,,32
moniotr,dns,r,AAAA,,6.9e-05,,21
moniotr,dns,r,AAAA,,7e-05,,6
moniotr,dns,r,AAAA,,7.1e-05,,1
moniotr,dns,r,AAAA,,7.2e-05,,2
moniotr,dns,r,AAAA,,7.7e-05,,2
moniotr,dns,r,AAAA,,7.8e-05,,1
moniotr,dns,r,AAAA,,7.9e-05,,6
moniotr,dns,r,AAAA,,8e-05,,3
moniotr,dns,r,AAAA,,8.1e-05,,3
moniotr,dns,r,AAAA,,8.2e-05,,2
moniotr,dns,r,AAAA,,0.000108,3,
moniotr,dns,r,AAAA,,0.000109,30,1
moniotr,dns,r,AAAA,,0.00011,34,
moniotr,dns,r,AAAA,,0.000111,30,
moniotr,dns,r,AAAA,,0.000112,13,
moniotr,dns,r,AAAA,,0.000113,5,
moniotr,dns,r,AAAA,,0.000114,3,
moniotr,dns,r,AAAA,,0.000115,4,
moniotr,dns,r,AAAA,,0.000116,8,
moniotr,dns,r,AAAA,,0.000117,6,
moniotr,dns,r,AAAA,,0.000118,6,
moniotr,dns,r,AAAA,,0.000119,5,
moniotr,dns,r,AAAA,,0.00012,1,
moniotr,dns,r,AAAA,,0.000121,3,
moniotr,dns,r,AAAA,,0.000122,2,
moniotr,dns,r,AAAA,,0.000123,7,
moniotr,dns,r,AAAA,,0.000124,21,
moniotr,dns,r,AAAA,,0.000125,30,
moniotr,dns,r,AAAA,,0.000126,22,
moniotr,dns,r,AAAA,,0.000127,40,
moniotr,dns,r,AAAA,,0.000128,23,
moniotr,dns,r,AAAA,,0.000129,25,
moniotr,dns,r,AAAA,,0.00013,18,
moniotr,dns,r,AAAA,,0.000131,11,
moniotr,dns,r,AAAA,,0.000132,15,
moniotr,dns,r,AAAA,,0.000133,13,
moniotr,dns,r,AAAA,,0.000134,4,
moniotr,dns,r,AAAA,,0.000135,4,
moniotr,dns,r,AAAA,,0.000137,5,
moniotr,dns,r,AAAA,,0.000138,2,
moniotr,dns,r,AAAA,,0.000139,2,
moniotr,dns,r,AAAA,,0.00014,1,
moniotr,dns,r,AAAA,,0.000141,2,
moniotr,dns,r,AAAA,,0.000142,1,
moniotr,dns,r,AAAA,,0.000146,1,
moniotr,dns,r,PTR,,0.000106,,2
moniotr,dns,r,PTR,,0.000117,,1
moniotr,dns,r,PTR,,0.000121,,1
moniotr,dns,r,PTR,,0.000125,,2
moniotr,dns,r,PTR,,0.000144,1,
moniotr,dns,r,PTR,,0.000145,1,
moniotr,dns,r,PTR,,0.00016,1,
moniotr,dns,r,PTR,,0.000165,1,
moniotr,dns,r,PTR,,0.000166,1,
moniotr,dns,r,PTR,,0.000168,1,
yourthings,llmnr,q,PTR,,2.3e-05,,41
yourthings,llmnr,q,PTR,,2.4e-05,,144
yourthings,llmnr,q,PTR,,2.5e-05,,35
yourthings,llmnr,q,PTR,,2.6e-05,,5
yourthings,llmnr,q,PTR,,3.7e-05,49,
yourthings,llmnr,q,PTR,,3.8e-05,83,
yourthings,llmnr,q,PTR,,3.9e-05,55,
yourthings,llmnr,q,PTR,,4e-05,24,
yourthings,llmnr,q,PTR,,4.1e-05,10,
yourthings,llmnr,q,PTR,,4.2e-05,2,
yourthings,llmnr,q,PTR,,4.3e-05,1,
yourthings,llmnr,q,PTR,,0.000155,1,
yourthings,mdns,q,A,,2.9e-05,,47
yourthings,mdns,q,A,,3e-05,,128
yourthings,mdns,q,A,,3.1e-05,,67
yourthings,mdns,q,A,,3.2e-05,,601
yourthings,mdns,q,A,,3.3e-05,,3819
yourthings,mdns,q,A,,3.4e-05,,6457
yourthings,mdns,q,A,,3.5e-05,,3519
yourthings,mdns,q,A,,3.6e-05,25,978
yourthings,mdns,q,A,,3.7e-05,126,136
yourthings,mdns,q,A,,3.8e-05,49,17
yourthings,mdns,q,A,,3.9e-05,50,4
yourthings,mdns,q,A,,4e-05,644,2
yourthings,mdns,q,A,,4.1e-05,3124,3
yourthings,mdns,q,A,,4.2e-05,5684,
yourthings,mdns,q,A,,4.3e-05,3598,
yourthings,mdns,q,A,,4.4e-05,1774,2
yourthings,mdns,q,A,,4.5e-05,534,
yourthings,mdns,q,A,,4.6e-05,134,
yourthings,mdns,q,A,,4.7e-05,23,
yourthings,mdns,q,A,,4.9e-05,3,
yourthings,mdns,q,A,,5e-05,3,
yourthings,mdns,q,A,,5.1e-05,1,
yourthings,mdns,q,A,,5.3e-05,2,
yourthings,mdns,q,A,,5.4e-05,,1
yourthings,mdns,q,A,,5.5e-05,1,5
yourthings,mdns,q,A,,5.6e-05,2,7
yourthings,mdns,q,A,,5.7e-05,,7
yourthings,mdns,q,A,,5.8e-05,1,2
yourthings,mdns,q,A,,5.9e-05,1,1
yourthings,mdns,q,A,,6e-05,1,2
yourthings,mdns,q,A,,6.1e-05,,1
yourthings,mdns,q,A,,8.6e-05,1,
yourthings,mdns,q,A,,9.1e-05,,1
yourthings,mdns,q,A,,0.000106,4,
yourthings,mdns,q,A,,0.000107,3,
yourthings,mdns,q,A,,0.000108,6,
yourthings,mdns,q,A,,0.000109,5,
yourthings,mdns,q,A,,0.00011,4,
yourthings,mdns,q,A,,0.000116,2,
yourthings,mdns,q,A,,0.000118,1,
yourthings,mdns,q,A,,0.000119,1,
yourthings,mdns,q,A,,0.000194,,1
yourthings,mdns,q,A,,0.000325,1,
yourthings,mdns,q,AAAA,,2.7e-05,,4
yourthings,mdns,q,AAAA,,2.8e-05,,13
yourthings,mdns,q,AAAA,,2.9e-05,,20
yourthings,mdns,q,AAAA,,3e-05,,22
yourthings,mdns,q,AAAA,,3.1e-05,,15
yourthings,mdns,q,AAAA,,3.2e-05,,464
yourthings,mdns,q,AAAA,,3.3e-05,,3626
yourthings,mdns,q,AAAA,,3.4e-05,,5186
yourthings,mdns,q,AAAA,,3.5e-05,,3095
yourthings,mdns,q,AAAA,,3.6e-05,,781
yourthings,mdns,q,AAAA,,3.7e-05,1,121
yourthings,mdns,q,AAAA,,3.8e-05,9,40
yourthings,mdns,q,AAAA,,3.9e-05,20,10
yourthings,mdns,q,AAAA,,4e-05,424,2
yourthings,mdns,q,AAAA,,4.1e-05,2104,3
yourthings,mdns,q,AAAA,,4.2e-05,3164,
yourthings,mdns,q,AAAA,,4.3e-05,2601,
yourthings,mdns,q,AAAA,,4.4e-05,1535,
yourthings,mdns,q,AAAA,,4.5e-05,1385,2
yourthings,mdns,q,AAAA,,4.6e-05,1141,1
yourthings,mdns,q,AAAA,,4.7e-05,663,1
yourthings,mdns,q,AAAA,,4.8e-05,289,1
yourthings,mdns,q,AAAA,,4.9e-05,123,10
yourthings,mdns,q,AAAA,,5e-05,36,34
yourthings,mdns,q,AAAA,,5.1e-05,13,37
yourthings,mdns,q,AAAA,,5.2e-05,4,35
yourthings,mdns,q,AAAA,,5.3e-05,3,20
yourthings,mdns,q,AAAA,,5.4e-05,2,32
yourthings,mdns,q,AAAA,,5.5e-05,1,27
yourthings,mdns,q,AAAA,,5.6e-05,1,18
yourthings,mdns,q,AAAA,,5.7e-05,2,7
yourthings,mdns,q,AAAA,,5.8e-05,2,3
yourthings,mdns,q,AAAA,,5.9e-05,,2
yourthings,mdns,q,AAAA,,6.1e-05,1,
yourthings,mdns,q,AAAA,,6.2e-05,,1
yourthings,mdns,q,AAAA,,7e-05,,3
yourthings,mdns,q,AAAA,,7.1e-05,,1
yourthings,mdns,q,AAAA,,8e-05,1,
yourthings,mdns,q,AAAA,,0.000108,11,
yourthings,mdns,q,AAAA,,0.000109,12,
yourthings,mdns,q,AAAA,,0.00011,7,
yourthings,mdns,q,AAAA,,0.000111,11,
yourthings,mdns,q,AAAA,,0.000112,13,
yourthings,mdns,q,AAAA,,0.000113,17,
yourthings,mdns,q,AAAA,,0.000114,10,
yourthings,mdns,q,AAAA,,0.000115,7,
yourthings,mdns,q,AAAA,,0.000116,9,
yourthings,mdns,q,AAAA,,0.000117,5,
yourthings,mdns,q,AAAA,,0.000118,6,
yourthings,mdns,q,AAAA,,0.000119,3,
yourthings,mdns,q,AAAA,,0.00012,1,
yourthings,mdns,q,AAAA,,0.000121,1,
yourthings,mdns,q,AAAA,,0.000122,1,
yourthings,mdns,q,AAAA,,0.00013,1,
yourthings,mdns,q,AAAA,,0.000166,,1
yourthings,mdns,q,AAAA,,0.000196,,1
yourthings,mdns,q,AAAA,,0.000197,,1
yourthings,mdns,q,TXT,,4.2e-05,2,
yourthings,mdns,q,TXT,,4.3e-05,34,
yourthings,mdns,q,TXT,,4.4e-05,59,2
yourthings,mdns,q,TXT,,4.5e-05,76,7
yourthings,mdns,q,TXT,,4.6e-05,78,21
yourthings,mdns,q,TXT,,4.7e-05,102,49
yourthings,mdns,q,TXT,,4.8e-05,79,51
yourthings,mdns,q,TXT,,4.9e-05,42,52
yourthings,mdns,q,TXT,,5e-05,21,37
yourthings,mdns,q,TXT,,5.1e-05,3,34
yourthings,mdns,q,TXT,,5.2e-05,,40
yourthings,mdns,q,TXT,,5.3e-05,,43
yourthings,mdns,q,TXT,,5.4e-05,,66
yourthings,mdns,q,TXT,,5.5e-05,,50
yourthings,mdns,q,TXT,,5.6e-05,,29
yourthings,mdns,q,TXT,,5.7e-05,,8
yourthings,mdns,q,TXT,,5.8e-05,,3
yourthings,mdns,q,TXT,,5.9e-05,,2
yourthings,mdns,q,TXT,,6e-05,,1
yourthings,mdns,q,TXT,,6.7e-05,,1
yourthings,mdns,q,TXT,,6.8e-05,,1
yourthings,mdns,q,TXT,,6.9e-05,,8
yourthings,mdns,q,TXT,,7e-05,,6
yourthings,mdns,q,TXT,,7.1e-05,,24
yourthings,mdns,q,TXT,,7.2e-05,,28
yourthings,mdns,q,TXT,,7.3e-05,,38
yourthings,mdns,q,TXT,,7.4e-05,,52
yourthings,mdns,q,TXT,,7.5e-05,,47
yourthings,mdns,q,TXT,,7.6e-05,,43
yourthings,mdns,q,TXT,,7.7e-05,,36
yourthings,mdns,q,TXT,,7.8e-05,,30
yourthings,mdns,q,TXT,,7.9e-05,,13
yourthings,mdns,q,TXT,,8e-05,,22
yourthings,mdns,q,TXT,,8.1e-05,,9
yourthings,mdns,q,TXT,,8.2e-05,,5
yourthings,mdns,q,TXT,,8.3e-05,,3
yourthings,mdns,q,TXT,,8.4e-05,,4
yourthings,mdns,q,TXT,,8.6e-05,,1
yourthings,mdns,q,TXT,,0.000108,,1
yourthings,mdns,q,TXT,,0.000113,3,
yourthings,mdns,q,TXT,,0.000114,9,
yourthings,mdns,q,TXT,,0.000115,9,
yourthings,mdns,q,TXT,,0.000116,6,
yourthings,mdns,q,TXT,,0.000117,20,
yourthings,mdns,q,TXT,,0.000118,20,
yourthings,mdns,q,TXT,,0.000119,31,
yourthings,mdns,q,TXT,,0.00012,20,
yourthings,mdns,q,TXT,,0.000121,21,
yourthings,mdns,q,TXT,,0.000122,22,
yourthings,mdns,q,TXT,,0.000123,20,
yourthings,mdns,q,TXT,,0.000124,20,
yourthings,mdns,q,TXT,,0.000125,15,
yourthings,mdns,q,TXT,,0.000126,19,
yourthings,mdns,q,TXT,,0.000127,14,
yourthings,mdns,q,TXT,,0.000128,20,
yourthings,mdns,q,TXT,,0.000129,15,
yourthings,mdns,q,TXT,,0.00013,13,
yourthings,mdns,q,TXT,,0.000131,17,
yourthings,mdns,q,TXT,,0.000132,13,
yourthings,mdns,q,TXT,,0.000133,8,
yourthings,mdns,q,TXT,,0.000134,8,
yourthings,mdns,q,TXT,,0.000135,4,
yourthings,mdns,q,TXT,,0.000136,7,
yourthings,mdns,q,TXT,,0.000137,6,
yourthings,mdns,q,TXT,,0.000138,6,
yourthings,mdns,q,TXT,,0.000139,2,
yourthings,mdns,q,TXT,,0.00014,1,
yourthings,mdns,q,TXT,,0.000141,1,
yourthings,mdns,q,TXT,,0.000142,2,
yourthings,mdns,q,TXT,,0.00021,,1
yourthings,mdns,q,PTR,,3.1e-05,,7
yourthings,mdns,q,PTR,,3.2e-05,,424
yourthings,mdns,q,PTR,,3.3e-05,,675
yourthings,mdns,q,PTR,,3.4e-05,,635
yourthings,mdns,q,PTR,,3.5e-05,,5264
yourthings,mdns,q,PTR,,3.6e-05,250,23466
yourthings,mdns,q,PTR,,3.7e-05,719,38654
yourthings,mdns,q,PTR,,3.8e-05,401,27076
yourthings,mdns,q,PTR,,3.9e-05,689,10952
yourthings,mdns,q,PTR,,4e-05,7524,2896
yourthings,mdns,q,PTR,,4.1e-05,27947,421
yourthings,mdns,q,PTR,,4.2e-05,37111,89
yourthings,mdns,q,PTR,,4.3e-05,22543,36
yourthings,mdns,q,PTR,,4.4e-05,9756,19
yourthings,mdns,q,PTR,,4.5e-05,3058,16
yourthings,mdns,q,PTR,,4.6e-05,1666,25
yourthings,mdns,q,PTR,,4.7e-05,3381,56
yourthings,mdns,q,PTR,,4.8e-05,3992,50
yourthings,mdns,q,PTR,,4.9e-05,2630,31
yourthings,mdns,q,PTR,,5e-05,1264,28
yourthings,mdns,q,PTR,,5.1e-05,429,9
yourthings,mdns,q,PTR,,5.2e-05,116,4
yourthings,mdns,q,PTR,,5.3e-05,43,
yourthings,mdns,q,PTR,,5.4e-05,6,1
yourthings,mdns,q,PTR,,5.5e-05,10,1
yourthings,mdns,q,PTR,,5.6e-05,5,1
yourthings,mdns,q,PTR,,5.7e-05,2,12
yourthings,mdns,q,PTR,,5.8e-05,6,27
yourthings,mdns,q,PTR,,5.9e-05,2,20
yourthings,mdns,q,PTR,,6e-05,2,14
yourthings,mdns,q,PTR,,6.1e-05,2,18
yourthings,mdns,q,PTR,,6.2e-05,2,77
yourthings,mdns,q,PTR,,6.3e-05,2,459
yourthings,mdns,q,PTR,,6.4e-05,3,1278
yourthings,mdns,q,PTR,,6.5e-05,3,2342
yourthings,mdns,q,PTR,,6.6e-05,2,2610
yourthings,mdns,q,PTR,,6.7e-05,1,2378
yourthings,mdns,q,PTR,,6.8e-05,1,1752
yourthings,mdns,q,PTR,,6.9e-05,,1044
yourthings,mdns,q,PTR,,7e-05,,429
yourthings,mdns,q,PTR,,7.1e-05,,190
yourthings,mdns,q,PTR,,7.2e-05,1,47
yourthings,mdns,q,PTR,,7.3e-05,1,19
yourthings,mdns,q,PTR,,7.4e-05,,4
yourthings,mdns,q,PTR,,7.5e-05,,4
yourthings,mdns,q,PTR,,7.6e-05,,7
yourthings,mdns,q,PTR,,7.7e-05,,6
yourthings,mdns,q,PTR,,7.8e-05,,5
yourthings,mdns,q,PTR,,7.9e-05,,14
yourthings,mdns,q,PTR,,8e-05,1,28
yourthings,mdns,q,PTR,,8.1e-05,,54
yourthings,mdns,q,PTR,,8.2e-05,,79
yourthings,mdns,q,PTR,,8.3e-05,,81
yourthings,mdns,q,PTR,,8.4e-05,,80
yourthings,mdns,q,PTR,,8.5e-05,,52
yourthings,mdns,q,PTR,,8.6e-05,,69
yourthings,mdns,q,PTR,,8.7e-05,2,68
yourthings,mdns,q,PTR,,8.8e-05,,43
yourthings,mdns,q,PTR,,8.9e-05,,68
yourthings,mdns,q,PTR,,9e-05,1,127
yourthings,mdns,q,PTR,,9.1e-05,,236
yourthings,mdns,q,PTR,,9.2e-05,,448
yourthings,mdns,q,PTR,,9.3e-05,,661
yourthings,mdns,q,PTR,,9.4e-05,,736
yourthings,mdns,q,PTR,,9.5e-05,,693
yourthings,mdns,q,PTR,,9.6e-05,,645
yourthings,mdns,q,PTR,,9.7e-05,,544
yourthings,mdns,q,PTR,,9.8e-05,,343
yourthings,mdns,q,PTR,,9.9e-05,,234
yourthings,mdns,q,PTR,,0.0001,,145
yourthings,mdns,q,PTR,,0.000101,2,71
yourthings,mdns,q,PTR,,0.000102,,46
yourthings,mdns,q,PTR,,0.000103,3,15
yourthings,mdns,q,PTR,,0.000104,5,5
yourthings,mdns,q,PTR,,0.000105,11,2
yourthings,mdns,q,PTR,,0.000106,4,
yourthings,mdns,q,PTR,,0.000107,4,2
yourthings,mdns,q,PTR,,0.000108,6,
yourthings,mdns,q,PTR,,0.000109,2,
yourthings,mdns,q,PTR,,0.00011,3,
yourthings,mdns,q,PTR,,0.000111,,1
yourthings,mdns,q,PTR,,0.000112,,4
yourthings,mdns,q,PTR,,0.000113,2,9
yourthings,mdns,q,PTR,,0.000114,,22
yourthings,mdns,q,PTR,,0.000115,,26
yourthings,mdns,q,PTR,,0.000116,,21
yourthings,mdns,q,PTR,,0.000117,,20
yourthings,mdns,q,PTR,,0.000118,,21
yourthings,mdns,q,PTR,,0.000119,,14
yourthings,mdns,q,PTR,,0.00012,,7
yourthings,mdns,q,PTR,,0.000121,,9
yourthings,mdns,q,PTR,,0.000122,,17
yourthings,mdns,q,PTR,,0.000123,,27
yourthings,mdns,q,PTR,,0.000124,,27
yourthings,mdns,q,PTR,,0.000125,,35
yourthings,mdns,q,PTR,,0.000126,,37
yourthings,mdns,q,PTR,,0.000127,,44
yourthings,mdns,q,PTR,,0.000128,,54
yourthings,mdns,q,PTR,,0.000129,,45
yourthings,mdns,q,PTR,,0.00013,,71
yourthings,mdns,q,PTR,,0.000131,,56
yourthings,mdns,q,PTR,,0.000132,,50
yourthings,mdns,q,PTR,,0.000133,,46
yourthings,mdns,q,PTR,,0.000134,,97
yourthings,mdns,q,PTR,,0.000135,,149
yourthings,mdns,q,PTR,,0.000136,,251
yourthings,mdns,q,PTR,,0.000137,,351
yourthings,mdns,q,PTR,,0.000138,,535
yourthings,mdns,q,PTR,,0.000139,,583
yourthings,mdns,q,PTR,,0.00014,,641
yourthings,mdns,q,PTR,,0.000141,,722
yourthings,mdns,q,PTR,,0.000142,2,688
yourthings,mdns,q,PTR,,0.000143,3,626
yourthings,mdns,q,PTR,,0.000144,,453
yourthings,mdns,q,PTR,,0.000145,2,384
yourthings,mdns,q,PTR,,0.000146,1,272
yourthings,mdns,q,PTR,,0.000147,,209
yourthings,mdns,q,PTR,,0.000148,,173
yourthings,mdns,q,PTR,,0.000149,,95
yourthings,mdns,q,PTR,,0.00015,,89
yourthings,mdns,q,PTR,,0.000151,,82
yourthings,mdns,q,PTR,,0.000152,1,56
yourthings,mdns,q,PTR,,0.000153,,40
yourthings,mdns,q,PTR,,0.000154,3,34
yourthings,mdns,q,PTR,,0.000155,16,31
yourthings,mdns,q,PTR,,0.000156,34,25
yourthings,mdns,q,PTR,,0.000157,111,14
yourthings,mdns,q,PTR,,0.000158,166,6
yourthings,mdns,q,PTR,,0.000159,273,11
yourthings,mdns,q,PTR,,0.00016,387,9
yourthings,mdns,q,PTR,,0.000161,448,2
yourthings,mdns,q,PTR,,0.000162,448,2
yourthings,mdns,q,PTR,,0.000163,520,3
yourthings,mdns,q,PTR,,0.000164,495,1
yourthings,mdns,q,PTR,,0.000165,509,3
yourthings,mdns,q,PTR,,0.000166,467,2
yourthings,mdns,q,PTR,,0.000167,376,2
yourthings,mdns,q,PTR,,0.000168,285,4
yourthings,mdns,q,PTR,,0.000169,230,4
yourthings,mdns,q,PTR,,0.00017,216,2
yourthings,mdns,q,PTR,,0.000171,156,5
yourthings,mdns,q,PTR,,0.000172,123,4
yourthings,mdns,q,PTR,,0.000173,84,3
yourthings,mdns,q,PTR,,0.000174,65,9
yourthings,mdns,q,PTR,,0.000175,58,3
yourthings,mdns,q,PTR,,0.000176,36,1
yourthings,mdns,q,PTR,,0.000177,23,3
yourthings,mdns,q,PTR,,0.000178,15,
yourthings,mdns,q,PTR,,0.000179,15,
yourthings,mdns,q,PTR,,0.00018,4,
yourthings,mdns,q,PTR,,0.000181,7,
yourthings,mdns,q,PTR,,0.000182,4,2
yourthings,mdns,q,PTR,,0.000183,3,2
yourthings,mdns,q,PTR,,0.000184,1,1
yourthings,mdns,q,PTR,,0.000185,1,2
yourthings,mdns,q,PTR,,0.000186,1,2
yourthings,mdns,q,PTR,,0.000187,1,1
yourthings,mdns,q,PTR,,0.000188,1,5
yourthings,mdns,q,PTR,,0.000189,1,1
yourthings,mdns,q,PTR,,0.00019,2,1
yourthings,mdns,q,PTR,,0.000191,1,
yourthings,mdns,q,PTR,,0.000192,,2
yourthings,mdns,q,PTR,,0.000193,,1
yourthings,mdns,q,PTR,,0.000194,,2
yourthings,mdns,q,PTR,,0.000195,,1
yourthings,mdns,q,PTR,,0.000196,1,1
yourthings,mdns,q,PTR,,0.000198,,1
yourthings,mdns,q,PTR,,0.000199,,1
yourthings,mdns,q,PTR,,0.000201,,1
yourthings,mdns,q,PTR,,0.000203,1,
yourthings,mdns,q,PTR,,0.000204,1,
yourthings,mdns,q,PTR,,0.000213,,2
yourthings,mdns,q,PTR,,0.000214,,1
yourthings,mdns,q,PTR,,0.000215,,6
yourthings,mdns,q,PTR,,0.000216,,6
yourthings,mdns,q,PTR,,0.000217,,3
yourthings,mdns,q,PTR,,0.000218,,9
yourthings,mdns,q,PTR,,0.000219,,3
yourthings,mdns,q,PTR,,0.00022,,5
yourthings,mdns,q,PTR,,0.000221,,2
yourthings,mdns,q,PTR,,0.000222,,1
yourthings,mdns,q,PTR,,0.000223,,3
yourthings,mdns,q,PTR,,0.000225,,4
yourthings,mdns,q,PTR,,0.000226,,1
yourthings,mdns,q,PTR,,0.000227,,2
yourthings,mdns,q,PTR,,0.000231,,1
yourthings,mdns,q,PTR,,0.000264,5,
yourthings,mdns,q,PTR,,0.000265,3,
yourthings,mdns,q,PTR,,0.000266,9,
yourthings,mdns,q,PTR,,0.000267,25,
yourthings,mdns,q,PTR,,0.000268,26,
yourthings,mdns,q,PTR,,0.000269,51,
yourthings,mdns,q,PTR,,0.00027,88,
yourthings,mdns,q,PTR,,0.000271,110,
yourthings,mdns,q,PTR,,0.000272,179,
yourthings,mdns,q,PTR,,0.000273,208,
yourthings,mdns,q,PTR,,0.000274,274,
yourthings,mdns,q,PTR,,0.000275,305,
yourthings,mdns,q,PTR,,0.000276,334,
yourthings,mdns,q,PTR,,0.000277,340,
yourthings,mdns,q,PTR,,0.000278,335,
yourthings,mdns,q,PTR,,0.000279,317,
yourthings,mdns,q,PTR,,0.00028,322,
yourthings,mdns,q,PTR,,0.000281,373,
yourthings,mdns,q,PTR,,0.000282,399,
yourthings,mdns,q,PTR,,0.000283,390,
yourthings,mdns,q,PTR,,0.000284,358,
yourthings,mdns,q,PTR,,0.000285,361,
yourthings,mdns,q,PTR,,0.000286,300,
yourthings,mdns,q,PTR,,0.000287,267,
yourthings,mdns,q,PTR,,0.000288,221,
yourthings,mdns,q,PTR,,0.000289,181,
yourthings,mdns,q,PTR,,0.00029,177,
yourthings,mdns,q,PTR,,0.000291,153,
yourthings,mdns,q,PTR,,0.000292,154,
yourthings,mdns,q,PTR,,0.000293,115,
yourthings,mdns,q,PTR,,0.000294,83,
yourthings,mdns,q,PTR,,0.000295,78,
yourthings,mdns,q,PTR,,0.000296,75,
yourthings,mdns,q,PTR,,0.000297,68,
yourthings,mdns,q,PTR,,0.000298,60,
yourthings,mdns,q,PTR,,0.000299,49,
yourthings,mdns,q,PTR,,0.0003,37,
yourthings,mdns,q,PTR,,0.000301,25,
yourthings,mdns,q,PTR,,0.000302,19,
yourthings,mdns,q,PTR,,0.000303,14,
yourthings,mdns,q,PTR,,0.000304,12,
yourthings,mdns,q,PTR,,0.000305,12,
yourthings,mdns,q,PTR,,0.000306,3,
yourthings,mdns,q,PTR,,0.000307,5,
yourthings,mdns,q,PTR,,0.000308,2,
yourthings,mdns,q,PTR,,0.000309,1,
yourthings,mdns,q,PTR,,0.00031,2,
yourthings,mdns,q,PTR,,0.000311,4,
yourthings,mdns,q,PTR,,0.000312,2,
yourthings,mdns,q,PTR,,0.000314,1,
yourthings,mdns,q,PTR,,0.000325,1,
yourthings,mdns,q,PTR,,0.000329,1,
yourthings,mdns,q,PTR,,0.000338,1,
yourthings,mdns,q,PTR,,0.00034,1,
yourthings,mdns,q,PTR,,0.000351,1,
yourthings,mdns,q,PTR,,0.00036,1,
yourthings,mdns,q,PTR,,0.000362,1,
yourthings,mdns,q,PTR,,0.000363,1,
yourthings,mdns,q,PTR,,0.000366,1,
yourthings,mdns,q,PTR,,0.000367,2,
yourthings,mdns,q,PTR,,0.000368,1,
yourthings,mdns,q,PTR,,0.000369,1,
yourthings,mdns,q,PTR,,0.00037,1,
yourthings,mdns,q,PTR,,0.000376,4,
yourthings,mdns,q,PTR,,0.000377,2,
yourthings,mdns,q,PTR,,0.000378,7,
yourthings,mdns,q,PTR,,0.000379,2,
yourthings,mdns,q,PTR,,0.00038,5,
yourthings,mdns,q,PTR,,0.000381,17,
yourthings,mdns,q,PTR,,0.000382,19,
yourthings,mdns,q,PTR,,0.000383,12,
yourthings,mdns,q,PTR,,0.000384,16,
yourthings,mdns,q,PTR,,0.000385,8,
yourthings,mdns,q,PTR,,0.000386,11,
yourthings,mdns,q,PTR,,0.000387,19,1
yourthings,mdns,q,PTR,,0.000388,13,
yourthings,mdns,q,PTR,,0.000389,18,
yourthings,mdns,q,PTR,,0.00039,22,
yourthings,mdns,q,PTR,,0.000391,23,
yourthings,mdns,q,PTR,,0.000392,20,
yourthings,mdns,q,PTR,,0.000393,19,
yourthings,mdns,q,PTR,,0.000394,12,
yourthings,mdns,q,PTR,,0.000395,10,
yourthings,mdns,q,PTR,,0.000396,11,
yourthings,mdns,q,PTR,,0.000397,8,
yourthings,mdns,q,PTR,,0.000398,7,
yourthings,mdns,q,PTR,,0.000399,4,
yourthings,mdns,q,PTR,,0.0004,10,
yourthings,mdns,q,PTR,,0.000401,7,
yourthings,mdns,q,PTR,,0.000402,11,
yourthings,mdns,q,PTR,,0.000403,11,
yourthings,mdns,q,PTR,,0.000404,9,
yourthings,mdns,q,PTR,,0.000405,9,
yourthings,mdns,q,PTR,,0.000406,6,
yourthings,mdns,q,PTR,,0.000407,4,
yourthings,mdns,q,PTR,,0.000408,8,
yourthings,mdns,q,PTR,,0.000409,8,
yourthings,mdns,q,PTR,,0.00041,1,
yourthings,mdns,q,PTR,,0.000411,3,
yourthings,mdns,q,PTR,,0.000412,4,
yourthings,mdns,q,PTR,,0.000413,2,
yourthings,mdns,q,PTR,,0.000414,1,
yourthings,mdns,q,PTR,,0.000415,5,
yourthings,mdns,q,PTR,,0.000416,7,
yourthings,mdns,q,PTR,,0.000417,1,
yourthings,mdns,q,PTR,,0.000418,4,
yourthings,mdns,q,PTR,,0.000419,4,
yourthings,mdns,q,PTR,,0.00042,6,
yourthings,mdns,q,PTR,,0.000421,2,
yourthings,mdns,q,PTR,,0.000422,4,
yourthings,mdns,q,PTR,,0.000423,1,
yourthings,mdns,q,PTR,,0.000424,6,
yourthings,mdns,q,PTR,,0.000425,3,
yourthings,mdns,q,PTR,,0.000426,1,
yourthings,mdns,q,PTR,,0.000428,1,
yourthings,mdns,q,PTR,,0.000429,1,
yourthings,mdns,q,PTR,,0.00043,1,
yourthings,mdns,q,PTR,,0.000431,1,
yourthings,mdns,q,PTR,,0.000433,1,
yourthings,mdns,q,PTR,,0.000434,1,
yourthings,mdns,q,PTR,,0.000436,1,
yourthings,mdns,q,PTR,,0.000437,1,
yourthings,mdns,q,PTR,,0.000438,1,
yourthings,mdns,q,PTR,,0.000439,1,
yourthings,mdns,q,PTR,,0.00044,1,
yourthings,mdns,q,PTR,,0.000473,1,
yourthings,mdns,q,PTR,,0.000478,1,
yourthings,mdns,q,PTR,,0.000479,2,
yourthings,mdns,q,PTR,,0.00048,1,
yourthings,mdns,q,PTR,,0.00049,1,
yourthings,mdns,q,PTR,,0.000495,1,
yourthings,mdns,q,PTR,,0.000498,1,
yourthings,mdns,q,PTR,,0.000501,1,
yourthings,mdns,q,PTR,,0.000504,1,
yourthings,mdns,q,PTR,,0.000508,1,
yourthings,mdns,q,PTR,,0.000512,2,
yourthings,mdns,q,PTR,,0.000513,1,
yourthings,mdns,q,PTR,,0.000514,3,
yourthings,mdns,q,PTR,,0.000516,1,
yourthings,mdns,q,PTR,,0.000517,1,
yourthings,mdns,q,PTR,,0.000521,1,
yourthings,mdns,q,PTR,,0.000524,1,
yourthings,mdns,q,PTR,,0.00053,,3
yourthings,mdns,q,PTR,,0.000531,,1
yourthings,mdns,q,PTR,,0.000533,1,2
yourthings,mdns,q,PTR,,0.000535,,1
yourthings,mdns,q,PTR,,0.000536,,1
yourthings,mdns,q,PTR,,0.000537,,1
yourthings,mdns,q,PTR,,0.00054,,2
yourthings,mdns,q,PTR,,0.000541,,2
yourthings,mdns,q,PTR,,0.000542,1,
yourthings,mdns,q,PTR,,0.000543,,2
yourthings,mdns,q,PTR,,0.000544,,2
yourthings,mdns,q,PTR,,0.000545,,1
yourthings,mdns,q,PTR,,0.000546,,3
yourthings,mdns,q,PTR,,0.000547,,2
yourthings,mdns,q,PTR,,0.000548,,2
yourthings,mdns,q,PTR,,0.00055,,1
yourthings,mdns,q,PTR,,0.000553,,2
yourthings,mdns,q,PTR,,0.000554,,1
yourthings,mdns,q,PTR,,0.000556,,1
yourthings,mdns,q,PTR,,0.000561,1,1
yourthings,mdns,q,PTR,,0.000562,,1
yourthings,mdns,q,PTR,,0.000567,,1
yourthings,mdns,q,PTR,,0.000569,,1
yourthings,mdns,q,PTR,,0.00057,,1
yourthings,mdns,q,PTR,,0.000572,,1
yourthings,mdns,q,ANY,,5.4e-05,,3
yourthings,mdns,q,ANY,,5.5e-05,,8
yourthings,mdns,q,ANY,,5.6e-05,,18
yourthings,mdns,q,ANY,,5.7e-05,,8
yourthings,mdns,q,ANY,,5.8e-05,,14
yourthings,mdns,q,ANY,,5.9e-05,,6
yourthings,mdns,q,ANY,,6e-05,,3
yourthings,mdns,q,ANY,,6.1e-05,,3
yourthings,mdns,q,ANY,,6.2e-05,,1
yourthings,mdns,q,ANY,,8.9e-05,,5
yourthings,mdns,q,ANY,,9e-05,,5
yourthings,mdns,q,ANY,,9.1e-05,,1
yourthings,mdns,q,ANY,,9.5e-05,,1
yourthings,mdns,q,ANY,,0.000106,1,
yourthings,mdns,q,ANY,,0.000107,10,
yourthings,mdns,q,ANY,,0.000108,6,
yourthings,mdns,q,ANY,,0.000109,8,
yourthings,mdns,q,ANY,,0.00011,13,
yourthings,mdns,q,ANY,,0.000111,3,
yourthings,mdns,q,ANY,,0.000112,5,
yourthings,mdns,q,ANY,,0.000113,4,
yourthings,mdns,q,ANY,,0.000114,4,
yourthings,mdns,q,ANY,,0.000115,4,
yourthings,mdns,q,ANY,,0.000117,1,
yourthings,mdns,q,ANY,,0.000119,2,
yourthings,mdns,q,ANY,,0.00012,2,
yourthings,mdns,q,ANY,,0.000121,1,
yourthings,mdns,q,ANY,,0.000152,2,
yourthings,mdns,q,ANY,,0.000153,4,
yourthings,mdns,q,ANY,,0.000154,5,
yourthings,mdns,q,ANY,,0.000163,1,
yourthings,mdns,q,SRV,,4.1e-05,4,
yourthings,mdns,q,SRV,,4.2e-05,30,
yourthings,mdns,q,SRV,,4.3e-05,229,
yourthings,mdns,q,SRV,,4.4e-05,414,2
yourthings,mdns,q,SRV,,4.5e-05,411,36
yourthings,mdns,q,SRV,,4.6e-05,731,142
yourthings,mdns,q,SRV,,4.7e-05,2378,260
yourthings,mdns,q,SRV,,4.8e-05,5114,228
yourthings,mdns,q,SRV,,4.9e-05,7384,142
yourthings,mdns,q,SRV,,5e-05,6461,111
yourthings,mdns,q,SRV,,5.1e-05,3507,153
yourthings,mdns,q,SRV,,5.2e-05,1556,238
yourthings,mdns,q,SRV,,5.3e-05,540,509
yourthings,mdns,q,SRV,,5.4e-05,158,1386
yourthings,mdns,q,SRV,,5.5e-05,47,2390
yourthings,mdns,q,SRV,,5.6e-05,29,2934
yourthings,mdns,q,SRV,,5.7e-05,5,3627
yourthings,mdns,q,SRV,,5.8e-05,4,5082
yourthings,mdns,q,SRV,,5.9e-05,2,5052
yourthings,mdns,q,SRV,,6e-05,,3596
yourthings,mdns,q,SRV,,6.1e-05,5,1901
yourthings,mdns,q,SRV,,6.2e-05,2,816
yourthings,mdns,q,SRV,,6.3e-05,1,307
yourthings,mdns,q,SRV,,6.4e-05,1,63
yourthings,mdns,q,SRV,,6.5e-05,,15
yourthings,mdns,q,SRV,,6.6e-05,,8
yourthings,mdns,q,SRV,,6.7e-05,1,7
yourthings,mdns,q,SRV,,6.8e-05,1,4
yourthings,mdns,q,SRV,,6.9e-05,1,2
yourthings,mdns,q,SRV,,7e-05,,2
yourthings,mdns,q,SRV,,7.1e-05,,2
yourthings,mdns,q,SRV,,8.5e-05,,2
yourthings,mdns,q,SRV,,8.7e-05,,5
yourthings,mdns,q,SRV,,8.8e-05,,3
yourthings,mdns,q,SRV,,8.9e-05,1,5
yourthings,mdns,q,SRV,,9e-05,,2
yourthings,mdns,q,SRV,,9.1e-05,,5
yourthings,mdns,q,SRV,,9.2e-05,,7
yourthings,mdns,q,SRV,,9.3e-05,,2
yourthings,mdns,q,SRV,,9.4e-05,,2
yourthings,mdns,q,SRV,,9.5e-05,,2
yourthings,mdns,q,SRV,,9.9e-05,,1
yourthings,mdns,q,SRV,,0.000107,1,
yourthings,mdns,q,SRV,,0.000119,,1
yourthings,mdns,q,SRV,,0.00012,1,
yourthings,mdns,q,SRV,,0.000148,2,
yourthings,mdns,q,SRV,,0.00015,3,
yourthings,mdns,q,SRV,,0.000151,5,
yourthings,mdns,q,SRV,,0.000152,1,
yourthings,mdns,q,SRV,,0.000153,1,
yourthings,mdns,q,SRV,,0.000154,2,
yourthings,mdns,q,SRV,,0.000155,2,
yourthings,mdns,q,SRV,,0.000156,1,
yourthings,mdns,q,SRV,,0.000157,3,
yourthings,mdns,q,SRV,,0.000158,5,
yourthings,mdns,q,SRV,,0.000159,2,
yourthings,mdns,q,SRV,,0.000162,2,
yourthings,mdns,q,SRV,,0.000163,1,
yourthings,mdns,q,SRV,,0.000164,1,
yourthings,mdns,q,SRV,,0.000165,1,
yourthings,mdns,q,SRV,,0.000177,1,
yourthings,mdns,q,SRV,,0.000181,1,
yourthings,mdns,q,SRV,,0.00021,1,
yourthings,mdns,q,SRV,,0.000213,,1
yourthings,mdns,q,SRV,,0.000215,,1
yourthings,mdns,r,PTR,,9.7e-05,,1
yourthings,mdns,r,PTR,,9.8e-05,,1
yourthings,mdns,r,PTR,,0.0001,,1
yourthings,mdns,r,PTR,,0.000101,,2
yourthings,mdns,r,PTR,,0.000102,,2
yourthings,mdns,r,PTR,,0.000107,,1
yourthings,mdns,r,PTR,,0.000109,,2
yourthings,mdns,r,PTR,,0.00011,,1
yourthings,mdns,r,PTR,,0.000111,,2
yourthings,mdns,r,PTR,,0.000112,,2
yourthings,mdns,r,PTR,,0.000113,,1
yourthings,mdns,r,PTR,,0.000114,,1
yourthings,mdns,r,PTR,,0.000115,,2
yourthings,mdns,r,PTR,,0.000116,,1
yourthings,mdns,r,PTR,,0.000117,,2
yourthings,mdns,r,PTR,,0.000119,,1
yourthings,mdns,r,PTR,,0.000122,,1
yourthings,mdns,r,PTR,,0.000155,1,
yourthings,mdns,r,PTR,,0.000156,2,
yourthings,mdns,r,PTR,,0.000157,1,
yourthings,mdns,r,PTR,,0.000159,1,
yourthings,mdns,r,PTR,,0.00016,2,
yourthings,mdns,r,PTR,,0.000161,2,
yourthings,mdns,r,PTR,,0.000162,1,
yourthings,mdns,r,PTR,,0.000164,3,
yourthings,mdns,r,PTR,,0.000165,2,
yourthings,mdns,r,PTR,,0.000166,1,
yourthings,mdns,r,PTR,,0.000168,1,
yourthings,mdns,r,PTR,,0.000169,2,
yourthings,mdns,r,PTR,,0.00017,1,
yourthings,mdns,r,PTR,,0.000172,1,
yourthings,mdns,r,PTR,,0.000174,2,
yourthings,mdns,r,PTR,,0.000175,1,
yourthings,dns,q,A,,1.9e-05,,24
yourthings,dns,q,A,,2e-05,,132
yourthings,dns,q,A,,2.1e-05,,127
yourthings,dns,q,A,,2.2e-05,,67
yourthings,dns,q,A,,2.3e-05,,29
yourthings,dns,q,A,,2.4e-05,,21
yourthings,dns,q,A,,2.5e-05,,226
yourthings,dns,q,A,,2.6e-05,,1056
yourthings,dns,q,A,,2.7e-05,,866
yourthings,dns,q,A,,2.8e-05,,307
yourthings,dns,q,A,,2.9e-05,,158
yourthings,dns,q,A,,3e-05,,462
yourthings,dns,q,A,,3.1e-05,,1595
yourthings,dns,q,A,,3.2e-05,,7653
yourthings,dns,q,A,,3.3e-05,9,25801
yourthings,dns,q,A,,3.4e-05,22,59827
yourthings,dns,q,A,,3.5e-05,213,101228
yourthings,dns,q,A,,3.6e-05,1581,105278
yourthings,dns,q,A,,3.7e-05,2348,71388
yourthings,dns,q,A,,3.8e-05,2719,36056
yourthings,dns,q,A,,3.9e-05,14954,16242
yourthings,dns,q,A,,4e-05,67962,7290
yourthings,dns,q,A,,4.1e-05,128883,3431
yourthings,dns,q,A,,4.2e-05,120008,2305
yourthings,dns,q,A,,4.3e-05,73873,2943
yourthings,dns,q,A,,4.4e-05,38443,4112
yourthings,dns,q,A,,4.5e-05,20601,5205
yourthings,dns,q,A,,4.6e-05,18740,6282
yourthings,dns,q,A,,4.7e-05,30053,5378
yourthings,dns,q,A,,4.8e-05,30594,4137
yourthings,dns,q,A,,4.9e-05,16099,3598
yourthings,dns,q,A,,5e-05,7070,3343
yourthings,dns,q,A,,5.1e-05,2112,2734
yourthings,dns,q,A,,5.2e-05,566,1781
yourthings,dns,q,A,,5.3e-05,196,1113
yourthings,dns,q,A,,5.4e-05,109,785
yourthings,dns,q,A,,5.5e-05,62,1063
yourthings,dns,q,A,,5.6e-05,37,1173
yourthings,dns,q,A,,5.7e-05,29,987
yourthings,dns,q,A,,5.8e-05,23,1029
yourthings,dns,q,A,,5.9e-05,15,1874
yourthings,dns,q,A,,6e-05,21,5059
yourthings,dns,q,A,,6.1e-05,14,11088
yourthings,dns,q,A,,6.2e-05,13,20462
yourthings,dns,q,A,,6.3e-05,9,20490
yourthings,dns,q,A,,6.4e-05,9,15544
yourthings,dns,q,A,,6.5e-05,5,8706
yourthings,dns,q,A,,6.6e-05,3,3945
yourthings,dns,q,A,,6.7e-05,4,1512
yourthings,dns,q,A,,6.8e-05,2,489
yourthings,dns,q,A,,6.9e-05,1,144
yourthings,dns,q,A,,7e-05,4,60
yourthings,dns,q,A,,7.1e-05,2,79
yourthings,dns,q,A,,7.2e-05,2,121
yourthings,dns,q,A,,7.3e-05,2,130
yourthings,dns,q,A,,7.4e-05,,113
yourthings,dns,q,A,,7.5e-05,,122
yourthings,dns,q,A,,7.6e-05,1,95
yourthings,dns,q,A,,7.7e-05,,55
yourthings,dns,q,A,,7.8e-05,1,27
yourthings,dns,q,A,,7.9e-05,2,13
yourthings,dns,q,A,,8e-05,2,9
yourthings,dns,q,A,,8.1e-05,,8
yourthings,dns,q,A,,8.2e-05,,1
yourthings,dns,q,A,,8.3e-05,1,3
yourthings,dns,q,A,,8.4e-05,1,3
yourthings,dns,q,A,,8.5e-05,2,3
yourthings,dns,q,A,,8.6e-05,2,1
yourthings,dns,q,A,,8.7e-05,2,5
yourthings,dns,q,A,,8.8e-05,1,5
yourthings,dns,q,A,,8.9e-05,2,4
yourthings,dns,q,A,,9e-05,1,2
yourthings,dns,q,A,,9.1e-05,3,4
yourthings,dns,q,A,,9.2e-05,5,4
yourthings,dns,q,A,,9.3e-05,3,1
yourthings,dns,q,A,,9.4e-05,2,2
yourthings,dns,q,A,,9.5e-05,3,3
yourthings,dns,q,A,,9.6e-05,2,
yourthings,dns,q,A,,9.7e-05,,1
yourthings,dns,q,A,,9.8e-05,3,2
yourthings,dns,q,A,,9.9e-05,,2
yourthings,dns,q,A,,0.0001,3,3
yourthings,dns,q,A,,0.000101,3,2
yourthings,dns,q,A,,0.000102,3,9
yourthings,dns,q,A,,0.000103,,7
yourthings,dns,q,A,,0.000104,2,6
yourthings,dns,q,A,,0.000105,3,6
yourthings,dns,q,A,,0.000106,1,4
yourthings,dns,q,A,,0.000107,3,6
yourthings,dns,q,A,,0.000108,,1
yourthings,dns,q,A,,0.000109,1,
yourthings,dns,q,A,,0.00011,,4
yourthings,dns,q,A,,0.000111,1,1
yourthings,dns,q,A,,0.000112,1,1
yourthings,dns,q,A,,0.000113,1,
yourthings,dns,q,A,,0.000116,2,
yourthings,dns,q,A,,0.000119,2,
yourthings,dns,q,A,,0.00012,,1
yourthings,dns,q,A,,0.000121,1,1
yourthings,dns,q,A,,0.000122,,1
yourthings,dns,q,A,,0.000123,1,
yourthings,dns,q,A,,0.000124,,1
yourthings,dns,q,A,,0.000126,,2
yourthings,dns,q,A,,0.000128,,1
yourthings,dns,q,A,,0.00013,,2
yourthings,dns,q,A,,0.000132,1,5
yourthings,dns,q,A,,0.000134,1,2
yourthings,dns,q,A,,0.000136,1,
yourthings,dns,q,A,,0.000138,1,1
yourthings,dns,q,A,,0.00014,,1
yourthings,dns,q,A,,0.000141,1,
yourthings,dns,q,A,,0.000143,1,
yourthings,dns,q,A,,0.000145,1,
yourthings,dns,q,A,,0.000151,,1
yourthings,dns,q,A,,0.000152,,1
yourthings,dns,q,A,,0.00016,1,
yourthings,dns,q,A,,0.000161,,1
yourthings,dns,q,A,,0.000165,1,
yourthings,dns,q,A,,0.000167,1,
yourthings,dns,q,A,,0.000168,1,
yourthings,dns,q,A,,0.000177,1,
yourthings,dns,q,A,,0.000179,,1
yourthings,dns,q,A,,0.000193,1,
yourthings,dns,q,A,,0.000195,,1
yourthings,dns,q,A,,0.000201,2,
yourthings,dns,q,A,,0.000203,1,1
yourthings,dns,q,A,,0.000209,1,
yourthings,dns,q,A,,0.000213,1,
yourthings,dns,q,A,,0.000236,1,
yourthings,dns,q,A,,0.000237,,1
yourthings,dns,q,A,,0.00024,,1
yourthings,dns,q,A,,0.000326,1,
yourthings,dns,q,AAAA,,1.8e-05,,3
yourthings,dns,q,AAAA,,1.9e-05,,10
yourthings,dns,q,AAAA,,2e-05,,17
yourthings,dns,q,AAAA,,2.1e-05,,6
yourthings,dns,q,AAAA,,2.4e-05,,2
yourthings,dns,q,AAAA,,2.5e-05,,12
yourthings,dns,q,AAAA,,2.6e-05,,37
yourthings,dns,q,AAAA,,2.7e-05,,41
yourthings,dns,q,AAAA,,2.8e-05,,22
yourthings,dns,q,AAAA,,2.9e-05,,23
yourthings,dns,q,AAAA,,3e-05,,222
yourthings,dns,q,AAAA,,3.1e-05,,608
yourthings,dns,q,AAAA,,3.2e-05,,888
yourthings,dns,q,AAAA,,3.3e-05,,5837
yourthings,dns,q,AAAA,,3.4e-05,,24270
yourthings,dns,q,AAAA,,3.5e-05,75,43721
yourthings,dns,q,AAAA,,3.6e-05,604,36475
yourthings,dns,q,AAAA,,3.7e-05,532,18800
yourthings,dns,q,AAAA,,3.8e-05,537,8810
yourthings,dns,q,AAAA,,3.9e-05,4744,5476
yourthings,dns,q,AAAA,,4e-05,26276,3762
yourthings,dns,q,AAAA,,4.1e-05,47524,2127
yourthings,dns,q,AAAA,,4.2e-05,39676,1131
yourthings,dns,q,AAAA,,4.3e-05,23681,737
yourthings,dns,q,AAAA,,4.4e-05,12935,1052
yourthings,dns,q,AAAA,,4.5e-05,6297,2062
yourthings,dns,q,AAAA,,4.6e-05,2526,3166
yourthings,dns,q,AAAA,,4.7e-05,1067,3020
yourthings,dns,q,AAAA,,4.8e-05,487,2061
yourthings,dns,q,AAAA,,4.9e-05,285,1056
yourthings,dns,q,AAAA,,5e-05,237,498
yourthings,dns,q,AAAA,,5.1e-05,239,182
yourthings,dns,q,AAAA,,5.2e-05,152,67
yourthings,dns,q,AAAA,,5.3e-05,81,31
yourthings,dns,q,AAAA,,5.4e-05,45,17
yourthings,dns,q,AAAA,,5.5e-05,26,20
yourthings,dns,q,AAAA,,5.6e-05,13,73
yourthings,dns,q,AAAA,,5.7e-05,10,153
yourthings,dns,q,AAAA,,5.8e-05,12,174
yourthings,dns,q,AAAA,,5.9e-05,5,189
yourthings,dns,q,AAAA,,6e-05,1,126
yourthings,dns,q,AAAA,,6.1e-05,2,66
yourthings,dns,q,AAAA,,6.2e-05,1,42
yourthings,dns,q,AAAA,,6.3e-05,1,54
yourthings,dns,q,AAAA,,6.4e-05,,76
yourthings,dns,q,AAAA,,6.5e-05,,111
yourthings,dns,q,AAAA,,6.6e-05,2,130
yourthings,dns,q,AAAA,,6.7e-05,,95
yourthings,dns,q,AAAA,,6.8e-05,,68
yourthings,dns,q,AAAA,,6.9e-05,,30
yourthings,dns,q,AAAA,,7e-05,,22
yourthings,dns,q,AAAA,,7.1e-05,,30
yourthings,dns,q,AAAA,,7.2e-05,1,50
yourthings,dns,q,AAAA,,7.3e-05,,68
yourthings,dns,q,AAAA,,7.4e-05,,69
yourthings,dns,q,AAAA,,7.5e-05,2,55
yourthings,dns,q,AAAA,,7.6e-05,1,44
yourthings,dns,q,AAAA,,7.7e-05,,33
yourthings,dns,q,AAAA,,7.8e-05,,20
yourthings,dns,q,AAAA,,7.9e-05,,7
yourthings,dns,q,AAAA,,8e-05,,1
yourthings,dns,q,AAAA,,8.1e-05,1,3
yourthings,dns,q,AAAA,,8.2e-05,1,
yourthings,dns,q,AAAA,,8.3e-05,,1
yourthings,dns,q,AAAA,,8.4e-05,,1
yourthings,dns,q,AAAA,,8.5e-05,,1
yourthings,dns,q,AAAA,,8.8e-05,,1
yourthings,dns,q,AAAA,,9.1e-05,1,
yourthings,dns,q,AAAA,,9.4e-05,1,
yourthings,dns,q,AAAA,,9.6e-05,,1
yourthings,dns,q,AAAA,,9.7e-05,,1
yourthings,dns,q,AAAA,,9.8e-05,1,
yourthings,dns,q,AAAA,,9.9e-05,,1
yourthings,dns,q,AAAA,,0.000101,,2
yourthings,dns,q,AAAA,,0.000102,,6
yourthings,dns,q,AAAA,,0.000103,1,1
yourthings,dns,q,AAAA,,0.000104,,1
yourthings,dns,q,AAAA,,0.000106,1,
yourthings,dns,q,AAAA,,0.000108,,2
yourthings,dns,q,AAAA,,0.000112,1,
yourthings,dns,q,AAAA,,0.000113,1,
yourthings,dns,q,AAAA,,0.000115,1,
yourthings,dns,q,AAAA,,0.000121,,1
yourthings,dns,q,AAAA,,0.000124,1,
yourthings,dns,q,AAAA,,0.000126,,1
yourthings,dns,q,AAAA,,0.000127,,2
yourthings,dns,q,AAAA,,0.000128,,1
yourthings,dns,q,AAAA,,0.000129,,1
yourthings,dns,q,AAAA,,0.000131,,2
yourthings,dns,q,AAAA,,0.000132,,1
yourthings,dns,q,AAAA,,0.000133,,1
yourthings,dns,q,AAAA,,0.000134,,1
yourthings,dns,q,AAAA,,0.000135,,1
yourthings,dns,q,AAAA,,0.00014,,1
yourthings,dns,q,AAAA,,0.000159,,1
yourthings,dns,q,AAAA,,0.000165,1,
yourthings,dns,q,AAAA,,0.0002,1,
yourthings,dns,q,AAAA,,0.000203,1,
yourthings,dns,q,TXT,,2.6e-05,,2
yourthings,dns,q,TXT,,2.7e-05,,9
yourthings,dns,q,TXT,,2.8e-05,,9
yourthings,dns,q,TXT,,3.2e-05,,1
yourthings,dns,q,TXT,,3.3e-05,,2
yourthings,dns,q,TXT,,3.4e-05,,22
yourthings,dns,q,TXT,,3.5e-05,,24
yourthings,dns,q,TXT,,3.6e-05,,6
yourthings,dns,q,TXT,,3.7e-05,1,4
yourthings,dns,q,TXT,,3.8e-05,9,4
yourthings,dns,q,TXT,,3.9e-05,9,13
yourthings,dns,q,TXT,,4e-05,7,16
yourthings,dns,q,TXT,,4.1e-05,32,3
yourthings,dns,q,TXT,,4.2e-05,23,2
yourthings,dns,q,TXT,,4.3e-05,35,10
yourthings,dns,q,TXT,,4.4e-05,26,18
yourthings,dns,q,TXT,,4.5e-05,29,16
yourthings,dns,q,TXT,,4.6e-05,10,19
yourthings,dns,q,TXT,,4.7e-05,3,4
yourthings,dns,q,TXT,,4.8e-05,12,11
yourthings,dns,q,TXT,,4.9e-05,1,2
yourthings,dns,q,PTR,,4.1e-05,4,
yourthings,dns,q,PTR,,4.2e-05,28,
yourthings,dns,q,PTR,,4.3e-05,18,
yourthings,dns,q,PTR,,4.4e-05,19,
yourthings,dns,q,PTR,,4.5e-05,113,
yourthings,dns,q,PTR,,4.6e-05,865,
yourthings,dns,q,PTR,,4.7e-05,2557,
yourthings,dns,q,PTR,,4.8e-05,3361,
yourthings,dns,q,PTR,,4.9e-05,2364,
yourthings,dns,q,PTR,,5e-05,1074,
yourthings,dns,q,PTR,,5.1e-05,399,
yourthings,dns,q,PTR,,5.2e-05,118,
yourthings,dns,q,PTR,,5.3e-05,57,
yourthings,dns,q,PTR,,5.4e-05,112,
yourthings,dns,q,PTR,,5.5e-05,160,
yourthings,dns,q,PTR,,5.6e-05,113,7
yourthings,dns,q,PTR,,5.7e-05,62,7
yourthings,dns,q,PTR,,5.8e-05,23,13
yourthings,dns,q,PTR,,5.9e-05,7,18
yourthings,dns,q,PTR,,6e-05,8,21
yourthings,dns,q,PTR,,6.1e-05,2,54
yourthings,dns,q,PTR,,6.2e-05,,215
yourthings,dns,q,PTR,,6.3e-05,1,536
yourthings,dns,q,PTR,,6.4e-05,,973
yourthings,dns,q,PTR,,6.5e-05,1,1761
yourthings,dns,q,PTR,,6.6e-05,,2125
yourthings,dns,q,PTR,,6.7e-05,,1943
yourthings,dns,q,PTR,,6.8e-05,,1497
yourthings,dns,q,PTR,,6.9e-05,,973
yourthings,dns,q,PTR,,7e-05,,462
yourthings,dns,q,PTR,,7.1e-05,,202
yourthings,dns,q,PTR,,7.2e-05,,95
yourthings,dns,q,PTR,,7.3e-05,,32
yourthings,dns,q,PTR,,7.4e-05,,7
yourthings,dns,q,PTR,,7.5e-05,,4
yourthings,dns,q,PTR,,7.6e-05,1,2
yourthings,dns,q,PTR,,7.9e-05,,2
yourthings,dns,q,PTR,,8e-05,,1
yourthings,dns,q,PTR,,8.1e-05,,2
yourthings,dns,q,PTR,,8.2e-05,,1
yourthings,dns,q,PTR,,8.7e-05,,1
yourthings,dns,q,PTR,,9.2e-05,,2
yourthings,dns,q,PTR,,9.3e-05,,2
yourthings,dns,q,PTR,,9.4e-05,,2
yourthings,dns,q,PTR,,9.6e-05,1,1
yourthings,dns,q,PTR,,9.7e-05,1,
yourthings,dns,q,PTR,,9.8e-05,1,
yourthings,dns,q,PTR,,9.9e-05,1,1
yourthings,dns,q,PTR,,0.0001,2,1
yourthings,dns,q,PTR,,0.000101,11,
yourthings,dns,q,PTR,,0.000102,18,3
yourthings,dns,q,PTR,,0.000103,11,21
yourthings,dns,q,PTR,,0.000104,9,40
yourthings,dns,q,PTR,,0.000105,2,66
yourthings,dns,q,PTR,,0.000106,3,66
yourthings,dns,q,PTR,,0.000107,,82
yourthings,dns,q,PTR,,0.000108,2,79
yourthings,dns,q,PTR,,0.000109,1,58
yourthings,dns,q,PTR,,0.00011,,46
yourthings,dns,q,PTR,,0.000111,,15
yourthings,dns,q,PTR,,0.000112,,12
yourthings,dns,q,PTR,,0.000113,,7
yourthings,dns,q,PTR,,0.000114,,4
yourthings,dns,q,PTR,,0.000115,,2
yourthings,dns,q,PTR,,0.000116,,1
yourthings,dns,q,PTR,,0.000117,,2
yourthings,dns,q,PTR,,0.000122,,1
yourthings,dns,q,PTR,,0.000151,1,
yourthings,dns,q,PTR,,0.000517,,1
yourthings,dns,q,PTR,,0.00052,,1
yourthings,dns,q,PTR,,0.000522,,1
yourthings,dns,q,PTR,,0.000523,,1
yourthings,dns,q,PTR,,0.000526,,1
yourthings,dns,q,PTR,,0.000527,,1
yourthings,dns,q,PTR,,0.00053,,1
yourthings,dns,q,PTR,,0.000534,,2
yourthings,dns,q,PTR,,0.000535,,1
yourthings,dns,q,PTR,,0.000536,,1
yourthings,dns,q,PTR,,0.000537,,2
yourthings,dns,q,PTR,,0.000538,,2
yourthings,dns,q,PTR,,0.000539,,3
yourthings,dns,q,PTR,,0.00054,,4
yourthings,dns,q,PTR,,0.000541,,4
yourthings,dns,q,PTR,,0.000542,,3
yourthings,dns,q,PTR,,0.000543,,7
yourthings,dns,q,PTR,,0.000544,,3
yourthings,dns,q,PTR,,0.000545,,1
yourthings,dns,q,PTR,,0.000546,,4
yourthings,dns,q,PTR,,0.000547,,1
yourthings,dns,q,PTR,,0.000548,,3
yourthings,dns,q,PTR,,0.000549,,3
yourthings,dns,q,PTR,,0.00055,,3
yourthings,dns,q,PTR,,0.000552,,1
yourthings,dns,q,PTR,,0.000555,,1
yourthings,dns,q,PTR,,0.000557,,4
yourthings,dns,q,PTR,,0.00056,,1
yourthings,dns,q,PTR,,0.000565,,1
yourthings,dns,q,PTR,,0.000568,,1
yourthings,dns,q,SRV,,4.5e-05,9,
yourthings,dns,q,SRV,,4.6e-05,15,
yourthings,dns,q,SRV,,4.7e-05,17,
yourthings,dns,q,SRV,,4.8e-05,23,
yourthings,dns,q,SRV,,4.9e-05,15,
yourthings,dns,q,SRV,,5e-05,8,
yourthings,dns,q,SRV,,5.1e-05,3,
yourthings,dns,q,SRV,,5.7e-05,,9
yourthings,dns,q,SRV,,5.8e-05,,7
yourthings,dns,q,SRV,,5.9e-05,,11
yourthings,dns,q,SRV,,6e-05,,12
yourthings,dns,q,SRV,,6.1e-05,,3
yourthings,dns,q,SRV,,6.2e-05,,4
yourthings,dns,q,SRV,,6.3e-05,,6
yourthings,dns,q,SRV,,6.4e-05,,1
yourthings,dns,q,SRV,,6.5e-05,,4
yourthings,dns,q,SRV,,6.6e-05,,4
yourthings,dns,q,SRV,,6.7e-05,,4
yourthings,dns,q,SRV,,6.8e-05,,10
yourthings,dns,q,SRV,,6.9e-05,,6
yourthings,dns,q,SRV,,7e-05,,2
yourthings,dns,q,SRV,,7.1e-05,,5
yourthings,dns,q,SRV,,7.2e-05,,1
yourthings,dns,q,SRV,,7.4e-05,,1
yourthings,dns,r,A,,2.7e-05,,2
yourthings,dns,r,A,,2.8e-05,,17
yourthings,dns,r,A,,2.9e-05,,9
yourthings,dns,r,A,,3e-05,,4
yourthings,dns,r,A,,3.2e-05,,3
yourthings,dns,r,A,,3.3e-05,,19
yourthings,dns,r,A,,3.4e-05,,13
yourthings,dns,r,A,,3.5e-05,,12
yourthings,dns,r,A,,3.6e-05,,74
yourthings,dns,r,A,,3.7e-05,13,119
yourthings,dns,r,A,,3.8e-05,13,82
yourthings,dns,r,A,,3.9e-05,15,46
yourthings,dns,r,A,,4e-05,24,13
yourthings,dns,r,A,,4.1e-05,69,7
yourthings,dns,r,A,,4.2e-05,139,2
yourthings,dns,r,A,,4.3e-05,81,2
yourthings,dns,r,A,,4.4e-05,54,
yourthings,dns,r,A,,4.5e-05,20,
yourthings,dns,r,A,,4.6e-05,7,1
yourthings,dns,r,A,,4.7e-05,3,1
yourthings,dns,r,A,,4.8e-05,,5
yourthings,dns,r,A,,4.9e-05,5,3
yourthings,dns,r,A,,5e-05,,2
yourthings,dns,r,A,,5.1e-05,1,
yourthings,dns,r,A,,5.2e-05,,1
yourthings,dns,r,A,,5.3e-05,2,1
yourthings,dns,r,A,,5.5e-05,,1
yourthings,dns,r,A,,6.2e-05,,1
yourthings,dns,r,A,,6.3e-05,,1
yourthings,dns,r,A,,6.4e-05,,3
yourthings,dns,r,A,,6.6e-05,,1
yourthings,dns,r,A,,6.8e-05,,2
yourthings,dns,r,A,,6.9e-05,,2
yourthings,dns,r,A,,7e-05,,7
yourthings,dns,r,A,,7.1e-05,,5
yourthings,dns,r,A,,7.2e-05,,11
yourthings,dns,r,A,,7.3e-05,,9
yourthings,dns,r,A,,7.4e-05,,4
yourthings,dns,r,A,,7.5e-05,,3
yourthings,dns,r,A,,7.6e-05,,6
yourthings,dns,r,A,,7.7e-05,,4
yourthings,dns,r,A,,7.8e-05,,6
yourthings,dns,r,A,,7.9e-05,,14
yourthings,dns,r,A,,8e-05,,17
yourthings,dns,r,A,,8.1e-05,,15
yourthings,dns,r,A,,8.2e-05,,10
yourthings,dns,r,A,,8.3e-05,,13
yourthings,dns,r,A,,8.4e-05,,1
yourthings,dns,r,A,,8.5e-05,,5
yourthings,dns,r,A,,8.6e-05,,10
yourthings,dns,r,A,,8.7e-05,,7
yourthings,dns,r,A,,8.8e-05,,8
yourthings,dns,r,A,,8.9e-05,,6
yourthings,dns,r,A,,9e-05,,10
yourthings,dns,r,A,,9.1e-05,,7
yourthings,dns,r,A,,9.2e-05,,5
yourthings,dns,r,A,,9.3e-05,,3
yourthings,dns,r,A,,9.4e-05,,2
yourthings,dns,r,A,,9.5e-05,,2
yourthings,dns,r,A,,9.6e-05,,4
yourthings,dns,r,A,,9.7e-05,,7
yourthings,dns,r,A,,9.8e-05,,9
yourthings,dns,r,A,,9.9e-05,,11
yourthings,dns,r,A,,0.0001,,9
yourthings,dns,r,A,,0.000101,,17
yourthings,dns,r,A,,0.000102,,38
yourthings,dns,r,A,,0.000103,,93
yourthings,dns,r,A,,0.000104,,86
yourthings,dns,r,A,,0.000105,,62
yourthings,dns,r,A,,0.000106,,80
yourthings,dns,r,A,,0.000107,,64
yourthings,dns,r,A,,0.000108,,56
yourthings,dns,r,A,,0.000109,,49
yourthings,dns,r,A,,0.00011,,30
yourthings,dns,r,A,,0.000111,,25
yourthings,dns,r,A,,0.000112,,12
yourthings,dns,r,A,,0.000113,1,13
yourthings,dns,r,A,,0.000114,1,11
yourthings,dns,r,A,,0.000115,2,6
yourthings,dns,r,A,,0.000116,,5
yourthings,dns,r,A,,0.000117,2,2
yourthings,dns,r,A,,0.000118,3,1
yourthings,dns,r,A,,0.000119,26,
yourthings,dns,r,A,,0.00012,12,1
yourthings,dns,r,A,,0.000121,13,1
yourthings,dns,r,A,,0.000122,9,2
yourthings,dns,r,A,,0.000123,9,3
yourthings,dns,r,A,,0.000124,9,2
yourthings,dns,r,A,,0.000125,6,1
yourthings,dns,r,A,,0.000126,1,1
yourthings,dns,r,A,,0.000127,4,
yourthings,dns,r,A,,0.000128,1,1
yourthings,dns,r,A,,0.000129,1,
yourthings,dns,r,A,,0.00013,2,
yourthings,dns,r,A,,0.000134,1,
yourthings,dns,r,A,,0.000135,1,
yourthings,dns,r,A,,0.000136,1,
yourthings,dns,r,A,,0.000137,1,
yourthings,dns,r,A,,0.000139,1,
yourthings,dns,r,A,,0.00014,5,
yourthings,dns,r,A,,0.000141,6,
yourthings,dns,r,A,,0.000142,1,
yourthings,dns,r,A,,0.000143,2,
yourthings,dns,r,A,,0.000144,4,
yourthings,dns,r,A,,0.000145,3,
yourthings,dns,r,A,,0.000146,4,
yourthings,dns,r,A,,0.000147,2,
yourthings,dns,r,A,,0.000148,1,
yourthings,dns,r,A,,0.000149,2,
yourthings,dns,r,A,,0.00015,2,
yourthings,dns,r,A,,0.000152,2,
yourthings,dns,r,A,,0.000155,1,1
yourthings,dns,r,A,,0.000156,1,
yourthings,dns,r,A,,0.000158,,1
yourthings,dns,r,A,,0.00016,1,
yourthings,dns,r,A,,0.000161,1,
yourthings,dns,r,A,,0.000189,1,
yourthings,dns,r,A,,0.000191,1,
yourthings,dns,r,A,,0.000192,1,
yourthings,dns,r,A,,0.000198,1,
yourthings,dns,r,A,,0.000199,3,
yourthings,dns,r,A,,0.0002,1,
yourthings,dns,r,A,,0.000201,2,
yourthings,dns,r,A,,0.000202,3,
yourthings,dns,r,A,,0.000203,2,
yourthings,dns,r,A,,0.000204,2,
yourthings,dns,r,A,,0.000205,8,
yourthings,dns,r,A,,0.000206,7,
yourthings,dns,r,A,,0.000207,9,
yourthings,dns,r,A,,0.000208,10,
yourthings,dns,r,A,,0.000209,15,
yourthings,dns,r,A,,0.00021,31,
yourthings,dns,r,A,,0.000211,34,
yourthings,dns,r,A,,0.000212,44,
yourthings,dns,r,A,,0.000213,36,
yourthings,dns,r,A,,0.000214,38,
yourthings,dns,r,A,,0.000215,31,
yourthings,dns,r,A,,0.000216,31,
yourthings,dns,r,A,,0.000217,53,
yourthings,dns,r,A,,0.000218,28,
yourthings,dns,r,A,,0.000219,27,
yourthings,dns,r,A,,0.00022,29,
yourthings,dns,r,A,,0.000221,41,
yourthings,dns,r,A,,0.000222,39,
yourthings,dns,r,A,,0.000223,26,
yourthings,dns,r,A,,0.000224,27,
yourthings,dns,r,A,,0.000225,15,
yourthings,dns,r,A,,0.000226,21,
yourthings,dns,r,A,,0.000227,15,
yourthings,dns,r,A,,0.000228,18,
yourthings,dns,r,A,,0.000229,17,
yourthings,dns,r,A,,0.00023,12,
yourthings,dns,r,A,,0.000231,12,
yourthings,dns,r,A,,0.000232,14,
yourthings,dns,r,A,,0.000233,7,
yourthings,dns,r,A,,0.000234,8,
yourthings,dns,r,A,,0.000235,6,
yourthings,dns,r,A,,0.000236,2,
yourthings,dns,r,A,,0.000237,3,
yourthings,dns,r,A,,0.000238,5,
yourthings,dns,r,A,,0.000239,6,
yourthings,dns,r,A,,0.00024,3,
yourthings,dns,r,A,,0.000241,2,
yourthings,dns,r,A,,0.000242,2,
yourthings,dns,r,A,,0.000243,1,
yourthings,dns,r,A,,0.000246,2,
yourthings,dns,r,AAAA,,1.8e-05,,2
yourthings,dns,r,AAAA,,1.9e-05,,6
yourthings,dns,r,AAAA,,2e-05,,11
yourthings,dns,r,AAAA,,2.1e-05,,3
yourthings,dns,r,AAAA,,2.2e-05,,1
yourthings,dns,r,AAAA,,2.6e-05,,7
yourthings,dns,r,AAAA,,2.7e-05,,2
yourthings,dns,r,AAAA,,2.8e-05,,2
yourthings,dns,r,AAAA,,2.9e-05,,1
yourthings,dns,r,AAAA,,3e-05,,3
yourthings,dns,r,AAAA,,3.1e-05,,20
yourthings,dns,r,AAAA,,3.2e-05,,23
yourthings,dns,r,AAAA,,3.3e-05,,113
yourthings,dns,r,AAAA,,3.4e-05,2,1077
yourthings,dns,r,AAAA,,3.5e-05,6,3003
yourthings,dns,r,AAAA,,3.6e-05,24,2982
yourthings,dns,r,AAAA,,3.7e-05,45,1844
yourthings,dns,r,AAAA,,3.8e-05,35,2531
yourthings,dns,r,AAAA,,3.9e-05,148,2874
yourthings,dns,r,AAAA,,4e-05,1470,1718
yourthings,dns,r,AAAA,,4.1e-05,3797,687
yourthings,dns,r,AAAA,,4.2e-05,4986,221
yourthings,dns,r,AAAA,,4.3e-05,4259,182
yourthings,dns,r,AAAA,,4.4e-05,2492,264
yourthings,dns,r,AAAA,,4.5e-05,1073,236
yourthings,dns,r,AAAA,,4.6e-05,419,148
yourthings,dns,r,AAAA,,4.7e-05,124,120
yourthings,dns,r,AAAA,,4.8e-05,55,269
yourthings,dns,r,AAAA,,4.9e-05,62,274
yourthings,dns,r,AAAA,,5e-05,48,161
yourthings,dns,r,AAAA,,5.1e-05,33,83
yourthings,dns,r,AAAA,,5.2e-05,16,27
yourthings,dns,r,AAAA,,5.3e-05,2,11
yourthings,dns,r,AAAA,,5.4e-05,2,8
yourthings,dns,r,AAAA,,5.5e-05,3,15
yourthings,dns,r,AAAA,,5.6e-05,,23
yourthings,dns,r,AAAA,,5.7e-05,1,104
yourthings,dns,r,AAAA,,5.8e-05,1,120
yourthings,dns,r,AAAA,,5.9e-05,1,79
yourthings,dns,r,AAAA,,6e-05,,70
yourthings,dns,r,AAAA,,6.1e-05,,136
yourthings,dns,r,AAAA,,6.2e-05,,754
yourthings,dns,r,AAAA,,6.3e-05,,3148
yourthings,dns,r,AAAA,,6.4e-05,,7461
yourthings,dns,r,AAAA,,6.5e-05,,10814
yourthings,dns,r,AAAA,,6.6e-05,,10745
yourthings,dns,r,AAAA,,6.7e-05,1,8279
yourthings,dns,r,AAAA,,6.8e-05,,5237
yourthings,dns,r,AAAA,,6.9e-05,,2813
yourthings,dns,r,AAAA,,7e-05,,1338
yourthings,dns,r,AAAA,,7.1e-05,,515
yourthings,dns,r,AAAA,,7.2e-05,,207
yourthings,dns,r,AAAA,,7.3e-05,,71
yourthings,dns,r,AAAA,,7.4e-05,,44
yourthings,dns,r,AAAA,,7.5e-05,,31
yourthings,dns,r,AAAA,,7.6e-05,,70
yourthings,dns,r,AAAA,,7.7e-05,1,104
yourthings,dns,r,AAAA,,7.8e-05,,147
yourthings,dns,r,AAAA,,7.9e-05,,154
yourthings,dns,r,AAAA,,8e-05,,120
yourthings,dns,r,AAAA,,8.1e-05,,78
yourthings,dns,r,AAAA,,8.2e-05,,40
yourthings,dns,r,AAAA,,8.3e-05,,25
yourthings,dns,r,AAAA,,8.4e-05,,27
yourthings,dns,r,AAAA,,8.5e-05,,44
yourthings,dns,r,AAAA,,8.6e-05,1,113
yourthings,dns,r,AAAA,,8.7e-05,,173
yourthings,dns,r,AAAA,,8.8e-05,,202
yourthings,dns,r,AAAA,,8.9e-05,,242
yourthings,dns,r,AAAA,,9e-05,,222
yourthings,dns,r,AAAA,,9.1e-05,,213
yourthings,dns,r,AAAA,,9.2e-05,,186
yourthings,dns,r,AAAA,,9.3e-05,1,137
yourthings,dns,r,AAAA,,9.4e-05,,108
yourthings,dns,r,AAAA,,9.5e-05,1,100
yourthings,dns,r,AAAA,,9.6e-05,,89
yourthings,dns,r,AAAA,,9.7e-05,,54
yourthings,dns,r,AAAA,,9.8e-05,,37
yourthings,dns,r,AAAA,,9.9e-05,,33
yourthings,dns,r,AAAA,,0.0001,,18
yourthings,dns,r,AAAA,,0.000101,,16
yourthings,dns,r,AAAA,,0.000102,,5
yourthings,dns,r,AAAA,,0.000103,,2
yourthings,dns,r,AAAA,,0.000104,,5
yourthings,dns,r,AAAA,,0.000105,,1
yourthings,dns,r,AAAA,,0.000107,,1
yourthings,dns,r,AAAA,,0.000108,2,
yourthings,dns,r,AAAA,,0.000109,12,1
yourthings,dns,r,AAAA,,0.00011,66,3
yourthings,dns,r,AAAA,,0.000111,73,6
yourthings,dns,r,AAAA,,0.000112,72,9
yourthings,dns,r,AAAA,,0.000113,37,12
yourthings,dns,r,AAAA,,0.000114,30,17
yourthings,dns,r,AAAA,,0.000115,41,14
yourthings,dns,r,AAAA,,0.000116,29,19
yourthings,dns,r,AAAA,,0.000117,34,13
yourthings,dns,r,AAAA,,0.000118,53,13
yourthings,dns,r,AAAA,,0.000119,139,9
yourthings,dns,r,AAAA,,0.00012,420,11
yourthings,dns,r,AAAA,,0.000121,925,6
yourthings,dns,r,AAAA,,0.000122,2025,7
yourthings,dns,r,AAAA,,0.000123,3404,2
yourthings,dns,r,AAAA,,0.000124,4795,1
yourthings,dns,r,AAAA,,0.000125,5932,
yourthings,dns,r,AAAA,,0.000126,6275,1
yourthings,dns,r,AAAA,,0.000127,5804,1
yourthings,dns,r,AAAA,,0.000128,5206,
yourthings,dns,r,AAAA,,0.000129,4341,
yourthings,dns,r,AAAA,,0.00013,3353,
yourthings,dns,r,AAAA,,0.000131,2688,
yourthings,dns,r,AAAA,,0.000132,2054,
yourthings,dns,r,AAAA,,0.000133,1512,1
yourthings,dns,r,AAAA,,0.000134,1070,1
yourthings,dns,r,AAAA,,0.000135,771,1
yourthings,dns,r,AAAA,,0.000136,537,
yourthings,dns,r,AAAA,,0.000137,309,
yourthings,dns,r,AAAA,,0.000138,193,
yourthings,dns,r,AAAA,,0.000139,115,
yourthings,dns,r,AAAA,,0.00014,95,
yourthings,dns,r,AAAA,,0.000141,49,
yourthings,dns,r,AAAA,,0.000142,46,
yourthings,dns,r,AAAA,,0.000143,30,
yourthings,dns,r,AAAA,,0.000144,59,
yourthings,dns,r,AAAA,,0.000145,69,
yourthings,dns,r,AAAA,,0.000146,110,
yourthings,dns,r,AAAA,,0.000147,127,
yourthings,dns,r,AAAA,,0.000148,132,1
yourthings,dns,r,AAAA,,0.000149,157,
yourthings,dns,r,AAAA,,0.00015,149,
yourthings,dns,r,AAAA,,0.000151,125,
yourthings,dns,r,AAAA,,0.000152,116,
yourthings,dns,r,AAAA,,0.000153,117,
yourthings,dns,r,AAAA,,0.000154,112,
yourthings,dns,r,AAAA,,0.000155,118,
yourthings,dns,r,AAAA,,0.000156,88,
yourthings,dns,r,AAAA,,0.000157,81,
yourthings,dns,r,AAAA,,0.000158,93,
yourthings,dns,r,AAAA,,0.000159,66,
yourthings,dns,r,AAAA,,0.00016,67,
yourthings,dns,r,AAAA,,0.000161,51,
yourthings,dns,r,AAAA,,0.000162,41,
yourthings,dns,r,AAAA,,0.000163,35,
yourthings,dns,r,AAAA,,0.000164,25,
yourthings,dns,r,AAAA,,0.000165,28,
yourthings,dns,r,AAAA,,0.000166,20,
yourthings,dns,r,AAAA,,0.000167,22,
yourthings,dns,r,AAAA,,0.000168,15,
yourthings,dns,r,AAAA,,0.000169,17,
yourthings,dns,r,AAAA,,0.00017,18,
yourthings,dns,r,AAAA,,0.000171,20,
yourthings,dns,r,AAAA,,0.000172,11,
yourthings,dns,r,AAAA,,0.000173,17,
yourthings,dns,r,AAAA,,0.000174,10,
yourthings,dns,r,AAAA,,0.000175,10,
yourthings,dns,r,AAAA,,0.000176,3,
yourthings,dns,r,AAAA,,0.000177,5,
yourthings,dns,r,AAAA,,0.000178,3,
yourthings,dns,r,AAAA,,0.000179,4,
yourthings,dns,r,AAAA,,0.00018,3,
yourthings,dns,r,AAAA,,0.000181,3,1
yourthings,dns,r,AAAA,,0.000182,3,
yourthings,dns,r,AAAA,,0.000183,4,
yourthings,dns,r,AAAA,,0.000184,2,
yourthings,dns,r,AAAA,,0.000185,2,1
yourthings,dns,r,AAAA,,0.000186,2,
yourthings,dns,r,AAAA,,0.000187,1,
yourthings,dns,r,AAAA,,0.000192,1,
yourthings,dns,r,AAAA,,0.000193,1,
yourthings,dns,r,AAAA,,0.000194,1,
yourthings,dns,r,AAAA,,0.000196,1,
yourthings,dns,r,AAAA,,0.000197,2,
yourthings,dns,r,AAAA,,0.000198,1,
yourthings,dns,r,AAAA,,0.000199,1,
yourthings,dns,r,AAAA,,0.000203,1,
yourthings,dns,r,AAAA,,0.000207,3,
yourthings,dns,r,AAAA,,0.000208,1,
yourthings,dns,r,AAAA,,0.000209,2,
yourthings,dns,r,AAAA,,0.00021,2,
yourthings,dns,r,AAAA,,0.000211,2,
yourthings,dns,r,AAAA,,0.000214,2,
yourthings,dns,r,AAAA,,0.000217,2,
yourthings,dns,r,AAAA,,0.000219,2,
yourthings,dns,r,AAAA,,0.00022,1,
yourthings,dns,r,AAAA,,0.000224,,1
yourthings,dns,r,AAAA,,0.000254,1,
yourthings,dns,r,AAAA,,0.000287,1,
yourthings,dns,r,AAAA,,0.000289,1,
yourthings,dns,r,TXT,,3.8e-05,,5
yourthings,dns,r,TXT,,3.9e-05,,13
yourthings,dns,r,TXT,,4e-05,,16
yourthings,dns,r,TXT,,4.1e-05,2,3
yourthings,dns,r,TXT,,4.2e-05,1,2
yourthings,dns,r,TXT,,4.3e-05,13,1
yourthings,dns,r,TXT,,4.4e-05,13,
yourthings,dns,r,TXT,,4.5e-05,9,
yourthings,dns,r,TXT,,4.6e-05,2,
yourthings,dns,r,PTR,,4.5e-05,11,
yourthings,dns,r,PTR,,4.6e-05,93,
yourthings,dns,r,PTR,,4.7e-05,299,
yourthings,dns,r,PTR,,4.8e-05,394,
yourthings,dns,r,PTR,,4.9e-05,354,
yourthings,dns,r,PTR,,5e-05,154,
yourthings,dns,r,PTR,,5.1e-05,62,
yourthings,dns,r,PTR,,5.2e-05,23,
yourthings,dns,r,PTR,,5.3e-05,12,
yourthings,dns,r,PTR,,5.4e-05,1,
yourthings,dns,r,PTR,,5.5e-05,1,
yourthings,dns,r,PTR,,6.1e-05,,1
yourthings,dns,r,PTR,,6.2e-05,,1
yourthings,dns,r,PTR,,6.3e-05,,33
yourthings,dns,r,PTR,,6.4e-05,,116
yourthings,dns,r,PTR,,6.5e-05,,203
yourthings,dns,r,PTR,,6.6e-05,,307
yourthings,dns,r,PTR,,6.7e-05,,295
yourthings,dns,r,PTR,,6.8e-05,,207
yourthings,dns,r,PTR,,6.9e-05,,132
yourthings,dns,r,PTR,,7e-05,,61
yourthings,dns,r,PTR,,7.1e-05,,28
yourthings,dns,r,PTR,,7.2e-05,,12
yourthings,dns,r,PTR,,7.3e-05,,4
yourthings,dns,r,PTR,,7.4e-05,,3
yourthings,dns,r,PTR,,7.6e-05,,1
yourthings,dns,r,PTR,,9.7e-05,,1
yourthings,dns,r,PTR,,9.9e-05,,2
yourthings,dns,r,PTR,,0.0001,1,
yourthings,dns,r,PTR,,0.000101,3,9
yourthings,dns,r,PTR,,0.000102,11,7
yourthings,dns,r,PTR,,0.000103,10,7
yourthings,dns,r,PTR,,0.000104,6,9
yourthings,dns,r,PTR,,0.000105,2,17
yourthings,dns,r,PTR,,0.000106,2,5
yourthings,dns,r,PTR,,0.000107,1,9
yourthings,dns,r,PTR,,0.000108,,7
yourthings,dns,r,PTR,,0.000109,,5
yourthings,dns,r,PTR,,0.00011,,8
yourthings,dns,r,PTR,,0.000111,,16
yourthings,dns,r,PTR,,0.000112,,10
yourthings,dns,r,PTR,,0.000113,,26
yourthings,dns,r,PTR,,0.000114,,31
yourthings,dns,r,PTR,,0.000115,,71
yourthings,dns,r,PTR,,0.000116,,144
yourthings,dns,r,PTR,,0.000117,,284
yourthings,dns,r,PTR,,0.000118,,359
yourthings,dns,r,PTR,,0.000119,,468
yourthings,dns,r,PTR,,0.00012,,507
yourthings,dns,r,PTR,,0.000121,,480
yourthings,dns,r,PTR,,0.000122,,401
yourthings,dns,r,PTR,,0.000123,,360
yourthings,dns,r,PTR,,0.000124,,313
yourthings,dns,r,PTR,,0.000125,,173
yourthings,dns,r,PTR,,0.000126,,114
yourthings,dns,r,PTR,,0.000127,,75
yourthings,dns,r,PTR,,0.000128,,58
yourthings,dns,r,PTR,,0.000129,,26
yourthings,dns,r,PTR,,0.00013,,21
yourthings,dns,r,PTR,,0.000131,,13
yourthings,dns,r,PTR,,0.000132,,3
yourthings,dns,r,PTR,,0.000133,1,2
yourthings,dns,r,PTR,,0.000138,2,
yourthings,dns,r,PTR,,0.000139,1,1
yourthings,dns,r,PTR,,0.00014,3,1
yourthings,dns,r,PTR,,0.000141,6,
yourthings,dns,r,PTR,,0.000142,7,
yourthings,dns,r,PTR,,0.000143,9,
yourthings,dns,r,PTR,,0.000144,9,2
yourthings,dns,r,PTR,,0.000145,9,3
yourthings,dns,r,PTR,,0.000146,9,
yourthings,dns,r,PTR,,0.000147,4,
yourthings,dns,r,PTR,,0.000148,2,1
yourthings,dns,r,PTR,,0.000149,7,1
yourthings,dns,r,PTR,,0.00015,4,1
yourthings,dns,r,PTR,,0.000151,4,1
yourthings,dns,r,PTR,,0.000152,8,1
yourthings,dns,r,PTR,,0.000153,6,2
yourthings,dns,r,PTR,,0.000154,20,7
yourthings,dns,r,PTR,,0.000155,18,7
yourthings,dns,r,PTR,,0.000156,26,12
yourthings,dns,r,PTR,,0.000157,49,22
yourthings,dns,r,PTR,,0.000158,60,45
yourthings,dns,r,PTR,,0.000159,85,43
yourthings,dns,r,PTR,,0.00016,149,60
yourthings,dns,r,PTR,,0.000161,197,68
yourthings,dns,r,PTR,,0.000162,233,86
yourthings,dns,r,PTR,,0.000163,218,73
yourthings,dns,r,PTR,,0.000164,260,60
yourthings,dns,r,PTR,,0.000165,217,90
yourthings,dns,r,PTR,,0.000166,178,56
yourthings,dns,r,PTR,,0.000167,146,44
yourthings,dns,r,PTR,,0.000168,139,33
yourthings,dns,r,PTR,,0.000169,109,20
yourthings,dns,r,PTR,,0.00017,86,25
yourthings,dns,r,PTR,,0.000171,64,8
yourthings,dns,r,PTR,,0.000172,46,8
yourthings,dns,r,PTR,,0.000173,36,8
yourthings,dns,r,PTR,,0.000174,26,4
yourthings,dns,r,PTR,,0.000175,24,2
yourthings,dns,r,PTR,,0.000176,14,1
yourthings,dns,r,PTR,,0.000177,7,
yourthings,dns,r,PTR,,0.000178,7,
yourthings,dns,r,PTR,,0.000179,5,
yourthings,dns,r,PTR,,0.00018,5,
yourthings,dns,r,PTR,,0.000181,3,
yourthings,dns,r,PTR,,0.000182,2,
yourthings,dns,r,PTR,,0.000185,1,
yourthings,dns,r,PTR,,0.000188,2,
yourthings,dns,r,PTR,,0.00019,1,
yourthings,dns,r,PTR,,0.000191,2,
yourthings,dns,r,PTR,,0.000192,1,
yourthings,dns,r,PTR,,0.000193,2,
yourthings,dns,r,PTR,,0.000194,9,
yourthings,dns,r,PTR,,0.000195,14,
yourthings,dns,r,PTR,,0.000196,15,
yourthings,dns,r,PTR,,0.000197,28,
yourthings,dns,r,PTR,,0.000198,44,1
yourthings,dns,r,PTR,,0.000199,39,
yourthings,dns,r,PTR,,0.0002,66,
yourthings,dns,r,PTR,,0.000201,53,
yourthings,dns,r,PTR,,0.000202,73,
yourthings,dns,r,PTR,,0.000203,55,
yourthings,dns,r,PTR,,0.000204,58,
yourthings,dns,r,PTR,,0.000205,67,
yourthings,dns,r,PTR,,0.000206,51,
yourthings,dns,r,PTR,,0.000207,45,
yourthings,dns,r,PTR,,0.000208,38,
yourthings,dns,r,PTR,,0.000209,27,
yourthings,dns,r,PTR,,0.00021,27,
yourthings,dns,r,PTR,,0.000211,21,
yourthings,dns,r,PTR,,0.000212,11,
yourthings,dns,r,PTR,,0.000213,8,
yourthings,dns,r,PTR,,0.000214,6,
yourthings,dns,r,PTR,,0.000215,3,
yourthings,dns,r,PTR,,0.000216,6,
yourthings,dns,r,PTR,,0.000217,6,
yourthings,dns,r,PTR,,0.000218,1,
yourthings,dns,r,PTR,,0.000219,2,
yourthings,dns,r,PTR,,0.00022,3,
yourthings,dns,r,PTR,,0.000221,2,
yourthings,dns,r,PTR,,0.000222,1,
yourthings,dns,r,PTR,,0.000224,1,
yourthings,dns,r,PTR,,0.000227,1,
yourthings,dns,r,PTR,,0.000251,1,
yourthings,dns,r,PTR,,0.000274,1,
yourthings,dns,r,PTR,,0.000276,3,
yourthings,dns,r,PTR,,0.000277,4,
yourthings,dns,r,PTR,,0.000278,12,
yourthings,dns,r,PTR,,0.000279,11,
yourthings,dns,r,PTR,,0.00028,22,
yourthings,dns,r,PTR,,0.000281,33,
yourthings,dns,r,PTR,,0.000282,35,
yourthings,dns,r,PTR,,0.000283,51,
yourthings,dns,r,PTR,,0.000284,53,
yourthings,dns,r,PTR,,0.000285,66,
yourthings,dns,r,PTR,,0.000286,75,
yourthings,dns,r,PTR,,0.000287,90,
yourthings,dns,r,PTR,,0.000288,70,
yourthings,dns,r,PTR,,0.000289,76,
yourthings,dns,r,PTR,,0.00029,76,1
yourthings,dns,r,PTR,,0.000291,84,
yourthings,dns,r,PTR,,0.000292,74,
yourthings,dns,r,PTR,,0.000293,74,
yourthings,dns,r,PTR,,0.000294,76,
yourthings,dns,r,PTR,,0.000295,71,
yourthings,dns,r,PTR,,0.000296,68,
yourthings,dns,r,PTR,,0.000297,63,
yourthings,dns,r,PTR,,0.000298,39,
yourthings,dns,r,PTR,,0.000299,39,
yourthings,dns,r,PTR,,0.0003,41,
yourthings,dns,r,PTR,,0.000301,25,
yourthings,dns,r,PTR,,0.000302,30,
yourthings,dns,r,PTR,,0.000303,28,
yourthings,dns,r,PTR,,0.000304,24,
yourthings,dns,r,PTR,,0.000305,14,
yourthings,dns,r,PTR,,0.000306,13,
yourthings,dns,r,PTR,,0.000307,13,
yourthings,dns,r,PTR,,0.000308,7,
yourthings,dns,r,PTR,,0.000309,13,
yourthings,dns,r,PTR,,0.00031,15,
yourthings,dns,r,PTR,,0.000311,3,
yourthings,dns,r,PTR,,0.000312,7,
yourthings,dns,r,PTR,,0.000313,3,
yourthings,dns,r,PTR,,0.000314,2,
yourthings,dns,r,PTR,,0.000315,2,
yourthings,dns,r,PTR,,0.000317,1,
yourthings,dns,r,PTR,,0.000318,2,
yourthings,dns,r,PTR,,0.000319,1,
yourthings,dns,r,PTR,,0.000321,1,
yourthings,dns,r,PTR,,0.000326,1,
yourthings,dns,r,PTR,,0.000331,1,
yourthings,dns,r,PTR,,0.000341,1,
yourthings,dns,r,PTR,,0.000352,1,
yourthings,dns,r,PTR,,0.000376,1,
yourthings,dns,r,PTR,,0.000531,,1
yourthings,dns,r,PTR,,0.000534,,1
yourthings,dns,r,PTR,,0.000536,1,
yourthings,dns,r,PTR,,0.000538,2,4
yourthings,dns,r,PTR,,0.00054,,1
yourthings,dns,r,PTR,,0.000541,,4
yourthings,dns,r,PTR,,0.000542,1,3
yourthings,dns,r,PTR,,0.000543,1,3
yourthings,dns,r,PTR,,0.000544,,2
yourthings,dns,r,PTR,,0.000545,2,1
yourthings,dns,r,PTR,,0.000546,,2
yourthings,dns,r,PTR,,0.000547,,2
yourthings,dns,r,PTR,,0.000548,,1
yourthings,dns,r,PTR,,0.000549,1,1
yourthings,dns,r,PTR,,0.00055,1,1
yourthings,dns,r,PTR,,0.000551,,1
yourthings,dns,r,PTR,,0.000553,,2
yourthings,dns,r,PTR,,0.000554,,2
yourthings,dns,r,PTR,,0.000556,,2
yourthings,dns,r,PTR,,0.000559,1,
yourthings,dns,r,PTR,,0.000564,,1
yourthings,dns,r,PTR,,0.000568,,1
yourthings,dns,r,PTR,,0.000582,1,
yourthings,dns,r,PTR,,0.000584,1,
