dataset,protocol,msg,qtype,w_query,x,application/cbor+dns decode,application/cbor+dns encode
iotfinder,dns,r,A,False,4.8e-05,,1
iotfinder,dns,r,A,False,4.9e-05,,1
iotfinder,dns,r,A,False,5e-05,,3
iotfinder,dns,r,A,False,5.1e-05,,8
iotfinder,dns,r,A,False,5.2e-05,,12
iotfinder,dns,r,A,False,5.3e-05,,18
iotfinder,dns,r,A,False,5.4e-05,,16
iotfinder,dns,r,A,False,5.5e-05,,9
iotfinder,dns,r,A,False,5.6e-05,,4
iotfinder,dns,r,A,False,5.7e-05,,4
iotfinder,dns,r,A,False,5.8e-05,,2
iotfinder,dns,r,A,False,6e-05,1,
iotfinder,dns,r,A,False,6.1e-05,1,
iotfinder,dns,r,A,False,6.2e-05,2,
iotfinder,dns,r,A,False,6.3e-05,8,
iotfinder,dns,r,A,False,6.4e-05,6,
iotfinder,dns,r,A,False,6.5e-05,11,
iotfinder,dns,r,A,False,6.6e-05,15,23
iotfinder,dns,r,A,False,6.7e-05,11,321
iotfinder,dns,r,A,False,6.8e-05,8,2058
iotfinder,dns,r,A,False,6.9e-05,7,5695
iotfinder,dns,r,A,False,7e-05,4,9484
iotfinder,dns,r,A,False,7.1e-05,2,12553
iotfinder,dns,r,A,False,7.2e-05,2,13989
iotfinder,dns,r,A,False,7.3e-05,,12917
iotfinder,dns,r,A,False,7.4e-05,,9947
iotfinder,dns,r,A,False,7.5e-05,,6819
iotfinder,dns,r,A,False,7.6e-05,,4838
iotfinder,dns,r,A,False,7.7e-05,,3308
iotfinder,dns,r,A,False,7.8e-05,,2042
iotfinder,dns,r,A,False,7.9e-05,,995
iotfinder,dns,r,A,False,8e-05,,332
iotfinder,dns,r,A,False,8.1e-05,,116
iotfinder,dns,r,A,False,8.2e-05,,37
iotfinder,dns,r,A,False,8.3e-05,,25
iotfinder,dns,r,A,False,8.4e-05,,15
iotfinder,dns,r,A,False,8.5e-05,,14
iotfinder,dns,r,A,False,8.6e-05,,8
iotfinder,dns,r,A,False,8.7e-05,,12
iotfinder,dns,r,A,False,8.8e-05,,17
iotfinder,dns,r,A,False,8.9e-05,,12
iotfinder,dns,r,A,False,9e-05,,4
iotfinder,dns,r,A,False,9.1e-05,,4
iotfinder,dns,r,A,False,9.2e-05,,7
iotfinder,dns,r,A,False,9.3e-05,,4
iotfinder,dns,r,A,False,9.4e-05,,2
iotfinder,dns,r,A,False,9.5e-05,,6
iotfinder,dns,r,A,False,9.6e-05,,1
iotfinder,dns,r,A,False,9.7e-05,,3
iotfinder,dns,r,A,False,9.8e-05,,1
iotfinder,dns,r,A,False,9.9e-05,,2
iotfinder,dns,r,A,False,0.000101,,2
iotfinder,dns,r,A,False,0.000104,,2
iotfinder,dns,r,A,False,0.000105,,1
iotfinder,dns,r,A,False,0.000108,,1
iotfinder,dns,r,A,False,0.000109,,1
iotfinder,dns,r,A,False,0.00011,,1
iotfinder,dns,r,A,False,0.000114,,2
iotfinder,dns,r,A,False,0.000115,,2
iotfinder,dns,r,A,False,0.000118,,1
iotfinder,dns,r,A,False,0.00012,,1
iotfinder,dns,r,A,False,0.000129,,1
iotfinder,dns,r,A,False,0.000132,,1
iotfinder,dns,r,A,False,0.000133,,1
iotfinder,dns,r,A,False,0.000135,,1
iotfinder,dns,r,A,False,0.000136,,1
iotfinder,dns,r,A,False,0.000137,,2
iotfinder,dns,r,A,False,0.000143,,2
iotfinder,dns,r,A,False,0.000147,,1
iotfinder,dns,r,A,False,0.000153,1,1
iotfinder,dns,r,A,False,0.000154,2,
iotfinder,dns,r,A,False,0.000155,5,
iotfinder,dns,r,A,False,0.000156,7,
iotfinder,dns,r,A,False,0.000157,7,
iotfinder,dns,r,A,False,0.000158,9,
iotfinder,dns,r,A,False,0.000159,4,1
iotfinder,dns,r,A,False,0.00016,16,1
iotfinder,dns,r,A,False,0.000161,15,
iotfinder,dns,r,A,False,0.000162,30,
iotfinder,dns,r,A,False,0.000163,53,
iotfinder,dns,r,A,False,0.000164,117,
iotfinder,dns,r,A,False,0.000165,278,
iotfinder,dns,r,A,False,0.000166,560,
iotfinder,dns,r,A,False,0.000167,1075,
iotfinder,dns,r,A,False,0.000168,1744,
iotfinder,dns,r,A,False,0.000169,2404,
iotfinder,dns,r,A,False,0.00017,3139,
iotfinder,dns,r,A,False,0.000171,3783,
iotfinder,dns,r,A,False,0.000172,4349,
iotfinder,dns,r,A,False,0.000173,4831,
iotfinder,dns,r,A,False,0.000174,5200,1
iotfinder,dns,r,A,False,0.000175,5659,
iotfinder,dns,r,A,False,0.000176,5658,
iotfinder,dns,r,A,False,0.000177,5652,
iotfinder,dns,r,A,False,0.000178,5471,
iotfinder,dns,r,A,False,0.000179,4979,
iotfinder,dns,r,A,False,0.00018,4539,
iotfinder,dns,r,A,False,0.000181,4131,
iotfinder,dns,r,A,False,0.000182,3492,
iotfinder,dns,r,A,False,0.000183,3021,
iotfinder,dns,r,A,False,0.000184,2559,
iotfinder,dns,r,A,False,0.000185,2261,
iotfinder,dns,r,A,False,0.000186,2057,
iotfinder,dns,r,A,False,0.000187,1666,
iotfinder,dns,r,A,False,0.000188,1463,
iotfinder,dns,r,A,False,0.000189,1271,
iotfinder,dns,r,A,False,0.00019,1069,
iotfinder,dns,r,A,False,0.000191,830,1
iotfinder,dns,r,A,False,0.000192,683,
iotfinder,dns,r,A,False,0.000193,498,
iotfinder,dns,r,A,False,0.000194,300,
iotfinder,dns,r,A,False,0.000195,228,
iotfinder,dns,r,A,False,0.000196,164,
iotfinder,dns,r,A,False,0.000197,98,
iotfinder,dns,r,A,False,0.000198,58,
iotfinder,dns,r,A,False,0.000199,37,
iotfinder,dns,r,A,False,0.0002,27,1
iotfinder,dns,r,A,False,0.000201,17,
iotfinder,dns,r,A,False,0.000202,8,
iotfinder,dns,r,A,False,0.000203,9,
iotfinder,dns,r,A,False,0.000204,10,
iotfinder,dns,r,A,False,0.000205,10,
iotfinder,dns,r,A,False,0.000206,6,
iotfinder,dns,r,A,False,0.000207,4,
iotfinder,dns,r,A,False,0.000208,6,
iotfinder,dns,r,A,False,0.000209,2,
iotfinder,dns,r,A,False,0.00021,2,
iotfinder,dns,r,A,False,0.000211,3,
iotfinder,dns,r,A,False,0.000212,4,
iotfinder,dns,r,A,False,0.000214,2,
iotfinder,dns,r,A,False,0.000215,2,
iotfinder,dns,r,A,False,0.000216,1,
iotfinder,dns,r,A,False,0.000217,1,
iotfinder,dns,r,A,False,0.000218,3,
iotfinder,dns,r,A,False,0.000219,1,
iotfinder,dns,r,A,False,0.00022,2,
iotfinder,dns,r,A,False,0.000221,2,
iotfinder,dns,r,A,False,0.000222,1,
iotfinder,dns,r,A,False,0.000223,1,
iotfinder,dns,r,A,False,0.000225,2,
iotfinder,dns,r,A,False,0.000226,2,
iotfinder,dns,r,A,False,0.000228,1,
iotfinder,dns,r,A,False,0.00023,1,
iotfinder,dns,r,A,False,0.000231,2,
iotfinder,dns,r,A,False,0.000232,2,
iotfinder,dns,r,A,False,0.000233,1,
iotfinder,dns,r,A,False,0.000237,1,1
iotfinder,dns,r,A,False,0.000238,2,
iotfinder,dns,r,A,False,0.000241,1,
iotfinder,dns,r,A,False,0.000242,2,
iotfinder,dns,r,A,False,0.000244,1,
iotfinder,dns,r,A,False,0.000245,1,
iotfinder,dns,r,A,False,0.000246,2,
iotfinder,dns,r,A,False,0.000247,1,
iotfinder,dns,r,A,False,0.000249,2,
iotfinder,dns,r,A,False,0.000252,2,
iotfinder,dns,r,A,False,0.000254,1,
iotfinder,dns,r,A,False,0.000255,2,
iotfinder,dns,r,A,False,0.000256,2,
iotfinder,dns,r,A,False,0.000257,1,
iotfinder,dns,r,A,False,0.000258,1,
iotfinder,dns,r,A,False,0.00026,1,
iotfinder,dns,r,A,False,0.000262,1,
iotfinder,dns,r,A,False,0.000269,1,
iotfinder,dns,r,A,False,0.000271,1,
iotfinder,dns,r,A,False,0.000273,1,
iotfinder,dns,r,A,False,0.000282,1,
iotfinder,dns,r,A,False,0.000298,1,
iotfinder,dns,r,A,False,0.000306,1,
iotfinder,dns,r,A,False,0.000307,1,
iotfinder,dns,r,A,False,0.000312,1,
iotfinder,dns,r,A,False,0.000341,1,
iotfinder,dns,r,A,False,0.000366,1,
iotfinder,dns,r,AAAA,False,4.5e-05,,14
iotfinder,dns,r,AAAA,False,4.6e-05,,238
iotfinder,dns,r,AAAA,False,4.7e-05,,1035
iotfinder,dns,r,AAAA,False,4.8e-05,,2583
iotfinder,dns,r,AAAA,False,4.9e-05,,10004
iotfinder,dns,r,AAAA,False,5e-05,,29277
iotfinder,dns,r,AAAA,False,5.1e-05,,47635
iotfinder,dns,r,AAAA,False,5.2e-05,,56960
iotfinder,dns,r,AAAA,False,5.3e-05,,50152
iotfinder,dns,r,AAAA,False,5.4e-05,,33127
iotfinder,dns,r,AAAA,False,5.5e-05,,20434
iotfinder,dns,r,AAAA,False,5.6e-05,,12215
iotfinder,dns,r,AAAA,False,5.7e-05,,5458
iotfinder,dns,r,AAAA,False,5.8e-05,,1749
iotfinder,dns,r,AAAA,False,5.9e-05,,449
iotfinder,dns,r,AAAA,False,6e-05,,122
iotfinder,dns,r,AAAA,False,6.1e-05,,60
iotfinder,dns,r,AAAA,False,6.2e-05,,38
iotfinder,dns,r,AAAA,False,6.3e-05,,28
iotfinder,dns,r,AAAA,False,6.4e-05,,26
iotfinder,dns,r,AAAA,False,6.5e-05,,23
iotfinder,dns,r,AAAA,False,6.6e-05,,32
iotfinder,dns,r,AAAA,False,6.7e-05,7,24
iotfinder,dns,r,AAAA,False,6.8e-05,130,16
iotfinder,dns,r,AAAA,False,6.9e-05,1681,25
iotfinder,dns,r,AAAA,False,7e-05,8982,13
iotfinder,dns,r,AAAA,False,7.1e-05,20544,10
iotfinder,dns,r,AAAA,False,7.2e-05,30229,7
iotfinder,dns,r,AAAA,False,7.3e-05,37117,5
iotfinder,dns,r,AAAA,False,7.4e-05,38131,2
iotfinder,dns,r,AAAA,False,7.5e-05,33934,4
iotfinder,dns,r,AAAA,False,7.6e-05,25593,1
iotfinder,dns,r,AAAA,False,7.7e-05,18195,3
iotfinder,dns,r,AAAA,False,7.8e-05,13191,6
iotfinder,dns,r,AAAA,False,7.9e-05,9859,1
iotfinder,dns,r,AAAA,False,8e-05,6774,1
iotfinder,dns,r,AAAA,False,8.1e-05,4089,1
iotfinder,dns,r,AAAA,False,8.2e-05,1793,2
iotfinder,dns,r,AAAA,False,8.3e-05,683,2
iotfinder,dns,r,AAAA,False,8.4e-05,231,2
iotfinder,dns,r,AAAA,False,8.5e-05,96,3
iotfinder,dns,r,AAAA,False,8.6e-05,47,2
iotfinder,dns,r,AAAA,False,8.7e-05,41,2
iotfinder,dns,r,AAAA,False,8.8e-05,36,4
iotfinder,dns,r,AAAA,False,8.9e-05,40,
iotfinder,dns,r,AAAA,False,9e-05,41,2
iotfinder,dns,r,AAAA,False,9.1e-05,31,2
iotfinder,dns,r,AAAA,False,9.2e-05,30,1
iotfinder,dns,r,AAAA,False,9.3e-05,29,
iotfinder,dns,r,AAAA,False,9.4e-05,27,1
iotfinder,dns,r,AAAA,False,9.5e-05,16,
iotfinder,dns,r,AAAA,False,9.6e-05,12,3
iotfinder,dns,r,AAAA,False,9.7e-05,12,3
iotfinder,dns,r,AAAA,False,9.8e-05,7,1
iotfinder,dns,r,AAAA,False,9.9e-05,6,
iotfinder,dns,r,AAAA,False,0.0001,5,3
iotfinder,dns,r,AAAA,False,0.000101,9,2
iotfinder,dns,r,AAAA,False,0.000102,7,
iotfinder,dns,r,AAAA,False,0.000103,4,
iotfinder,dns,r,AAAA,False,0.000104,4,1
iotfinder,dns,r,AAAA,False,0.000105,21,
iotfinder,dns,r,AAAA,False,0.000106,55,
iotfinder,dns,r,AAAA,False,0.000107,101,1
iotfinder,dns,r,AAAA,False,0.000108,202,1
iotfinder,dns,r,AAAA,False,0.000109,337,2
iotfinder,dns,r,AAAA,False,0.00011,496,1
iotfinder,dns,r,AAAA,False,0.000111,642,2
iotfinder,dns,r,AAAA,False,0.000112,714,
iotfinder,dns,r,AAAA,False,0.000113,770,3
iotfinder,dns,r,AAAA,False,0.000114,817,
iotfinder,dns,r,AAAA,False,0.000115,862,
iotfinder,dns,r,AAAA,False,0.000116,858,
iotfinder,dns,r,AAAA,False,0.000117,929,
iotfinder,dns,r,AAAA,False,0.000118,909,2
iotfinder,dns,r,AAAA,False,0.000119,878,2
iotfinder,dns,r,AAAA,False,0.00012,927,
iotfinder,dns,r,AAAA,False,0.000121,870,1
iotfinder,dns,r,AAAA,False,0.000122,865,1
iotfinder,dns,r,AAAA,False,0.000123,841,
iotfinder,dns,r,AAAA,False,0.000124,763,
iotfinder,dns,r,AAAA,False,0.000125,689,
iotfinder,dns,r,AAAA,False,0.000126,596,1
iotfinder,dns,r,AAAA,False,0.000127,481,
iotfinder,dns,r,AAAA,False,0.000128,441,
iotfinder,dns,r,AAAA,False,0.000129,371,
iotfinder,dns,r,AAAA,False,0.00013,304,
iotfinder,dns,r,AAAA,False,0.000131,253,
iotfinder,dns,r,AAAA,False,0.000132,165,1
iotfinder,dns,r,AAAA,False,0.000133,155,
iotfinder,dns,r,AAAA,False,0.000134,114,1
iotfinder,dns,r,AAAA,False,0.000135,120,
iotfinder,dns,r,AAAA,False,0.000136,135,
iotfinder,dns,r,AAAA,False,0.000137,157,
iotfinder,dns,r,AAAA,False,0.000138,190,
iotfinder,dns,r,AAAA,False,0.000139,201,
iotfinder,dns,r,AAAA,False,0.00014,276,
iotfinder,dns,r,AAAA,False,0.000141,301,
iotfinder,dns,r,AAAA,False,0.000142,284,
iotfinder,dns,r,AAAA,False,0.000143,295,
iotfinder,dns,r,AAAA,False,0.000144,316,
iotfinder,dns,r,AAAA,False,0.000145,281,1
iotfinder,dns,r,AAAA,False,0.000146,239,1
iotfinder,dns,r,AAAA,False,0.000147,191,
iotfinder,dns,r,AAAA,False,0.000148,181,
iotfinder,dns,r,AAAA,False,0.000149,140,
iotfinder,dns,r,AAAA,False,0.00015,98,
iotfinder,dns,r,AAAA,False,0.000151,85,1
iotfinder,dns,r,AAAA,False,0.000152,53,1
iotfinder,dns,r,AAAA,False,0.000153,50,
iotfinder,dns,r,AAAA,False,0.000154,43,
iotfinder,dns,r,AAAA,False,0.000155,32,
iotfinder,dns,r,AAAA,False,0.000156,19,
iotfinder,dns,r,AAAA,False,0.000157,11,
iotfinder,dns,r,AAAA,False,0.000158,12,
iotfinder,dns,r,AAAA,False,0.000159,6,
iotfinder,dns,r,AAAA,False,0.00016,2,
iotfinder,dns,r,AAAA,False,0.000161,1,
iotfinder,dns,r,AAAA,False,0.000162,4,
iotfinder,dns,r,AAAA,False,0.000163,4,
iotfinder,dns,r,AAAA,False,0.000164,3,
iotfinder,dns,r,AAAA,False,0.000166,1,
iotfinder,dns,r,AAAA,False,0.000168,2,
iotfinder,dns,r,AAAA,False,0.00017,1,
iotfinder,dns,r,AAAA,False,0.000173,1,
iotfinder,dns,r,AAAA,False,0.000176,2,
iotfinder,dns,r,AAAA,False,0.000178,3,
iotfinder,dns,r,AAAA,False,0.000182,,1
iotfinder,dns,r,AAAA,False,0.000185,1,
iotfinder,dns,r,AAAA,False,0.000187,1,
iotfinder,dns,r,AAAA,False,0.00019,1,2
iotfinder,dns,r,AAAA,False,0.000194,,1
iotfinder,dns,r,AAAA,False,0.000198,1,
iotfinder,dns,r,AAAA,False,0.000199,1,
iotfinder,dns,r,AAAA,False,0.000201,1,
iotfinder,dns,r,AAAA,False,0.000203,1,
iotfinder,dns,r,AAAA,False,0.000236,3,
iotfinder,dns,r,AAAA,False,0.000259,1,
iotfinder,dns,r,AAAA,False,0.000263,1,
iotfinder,dns,r,PTR,False,4.7e-05,,26
iotfinder,dns,r,PTR,False,4.8e-05,,445
iotfinder,dns,r,PTR,False,4.9e-05,,1512
iotfinder,dns,r,PTR,False,5e-05,,2421
iotfinder,dns,r,PTR,False,5.1e-05,,3041
iotfinder,dns,r,PTR,False,5.2e-05,,3137
iotfinder,dns,r,PTR,False,5.3e-05,,2701
iotfinder,dns,r,PTR,False,5.4e-05,,1732
iotfinder,dns,r,PTR,False,5.5e-05,,1066
iotfinder,dns,r,PTR,False,5.6e-05,,601
iotfinder,dns,r,PTR,False,5.7e-05,,237
iotfinder,dns,r,PTR,False,5.8e-05,,84
iotfinder,dns,r,PTR,False,5.9e-05,,39
iotfinder,dns,r,PTR,False,6e-05,,7
iotfinder,dns,r,PTR,False,6.1e-05,,7
iotfinder,dns,r,PTR,False,6.2e-05,,5
iotfinder,dns,r,PTR,False,6.3e-05,,2
iotfinder,dns,r,PTR,False,6.4e-05,,5
iotfinder,dns,r,PTR,False,6.5e-05,,13
iotfinder,dns,r,PTR,False,6.6e-05,,21
iotfinder,dns,r,PTR,False,6.7e-05,,25
iotfinder,dns,r,PTR,False,6.8e-05,,17
iotfinder,dns,r,PTR,False,6.9e-05,,20
iotfinder,dns,r,PTR,False,7e-05,,20
iotfinder,dns,r,PTR,False,7.1e-05,,4
iotfinder,dns,r,PTR,False,7.2e-05,,5
iotfinder,dns,r,PTR,False,7.3e-05,,2
iotfinder,dns,r,PTR,False,7.4e-05,,2
iotfinder,dns,r,PTR,False,8e-05,,1
iotfinder,dns,r,PTR,False,8.6e-05,2,
iotfinder,dns,r,PTR,False,8.7e-05,10,
iotfinder,dns,r,PTR,False,8.8e-05,36,
iotfinder,dns,r,PTR,False,8.9e-05,183,
iotfinder,dns,r,PTR,False,9e-05,435,
iotfinder,dns,r,PTR,False,9.1e-05,775,
iotfinder,dns,r,PTR,False,9.2e-05,951,
iotfinder,dns,r,PTR,False,9.3e-05,963,
iotfinder,dns,r,PTR,False,9.4e-05,1027,
iotfinder,dns,r,PTR,False,9.5e-05,881,
iotfinder,dns,r,PTR,False,9.6e-05,731,
iotfinder,dns,r,PTR,False,9.7e-05,416,
iotfinder,dns,r,PTR,False,9.8e-05,301,
iotfinder,dns,r,PTR,False,9.9e-05,228,
iotfinder,dns,r,PTR,False,0.0001,184,
iotfinder,dns,r,PTR,False,0.000101,90,
iotfinder,dns,r,PTR,False,0.000102,60,
iotfinder,dns,r,PTR,False,0.000103,52,
iotfinder,dns,r,PTR,False,0.000104,16,
iotfinder,dns,r,PTR,False,0.000105,4,
iotfinder,dns,r,PTR,False,0.000106,2,
iotfinder,dns,r,PTR,False,0.000107,2,
iotfinder,dns,r,PTR,False,0.000108,8,
iotfinder,dns,r,PTR,False,0.000109,17,
iotfinder,dns,r,PTR,False,0.00011,53,
iotfinder,dns,r,PTR,False,0.000111,153,
iotfinder,dns,r,PTR,False,0.000112,291,
iotfinder,dns,r,PTR,False,0.000113,493,
iotfinder,dns,r,PTR,False,0.000114,626,
iotfinder,dns,r,PTR,False,0.000115,731,1
iotfinder,dns,r,PTR,False,0.000116,834,
iotfinder,dns,r,PTR,False,0.000117,858,
iotfinder,dns,r,PTR,False,0.000118,932,
iotfinder,dns,r,PTR,False,0.000119,815,
iotfinder,dns,r,PTR,False,0.00012,739,
iotfinder,dns,r,PTR,False,0.000121,630,
iotfinder,dns,r,PTR,False,0.000122,477,
iotfinder,dns,r,PTR,False,0.000123,342,
iotfinder,dns,r,PTR,False,0.000124,283,
iotfinder,dns,r,PTR,False,0.000125,243,
iotfinder,dns,r,PTR,False,0.000126,172,
iotfinder,dns,r,PTR,False,0.000127,143,
iotfinder,dns,r,PTR,False,0.000128,75,
iotfinder,dns,r,PTR,False,0.000129,56,
iotfinder,dns,r,PTR,False,0.00013,16,
iotfinder,dns,r,PTR,False,0.000131,6,
iotfinder,dns,r,PTR,False,0.000132,3,
iotfinder,dns,r,PTR,False,0.000133,4,
iotfinder,dns,r,PTR,False,0.000134,3,
iotfinder,dns,r,PTR,False,0.000135,2,
iotfinder,dns,r,PTR,False,0.000136,1,
iotfinder,dns,r,PTR,False,0.000137,1,
iotfinder,dns,r,PTR,False,0.000138,1,
iotfinder,dns,r,PTR,False,0.000139,1,
iotfinder,dns,r,PTR,False,0.00014,3,
iotfinder,dns,r,PTR,False,0.000141,1,
iotfinder,dns,r,PTR,False,0.000143,1,
iotfinder,dns,r,PTR,False,0.000144,1,
iotfinder,dns,r,PTR,False,0.000145,1,
iotfinder,dns,r,PTR,False,0.000149,2,
iotfinder,dns,r,PTR,False,0.000152,2,
iotfinder,dns,r,PTR,False,0.000154,3,
iotfinder,dns,r,PTR,False,0.000155,4,
iotfinder,dns,r,PTR,False,0.000156,4,
iotfinder,dns,r,PTR,False,0.000157,10,
iotfinder,dns,r,PTR,False,0.000158,14,
iotfinder,dns,r,PTR,False,0.000159,36,
iotfinder,dns,r,PTR,False,0.00016,40,
iotfinder,dns,r,PTR,False,0.000161,48,
iotfinder,dns,r,PTR,False,0.000162,48,
iotfinder,dns,r,PTR,False,0.000163,55,
iotfinder,dns,r,PTR,False,0.000164,49,
iotfinder,dns,r,PTR,False,0.000165,34,
iotfinder,dns,r,PTR,False,0.000166,54,
iotfinder,dns,r,PTR,False,0.000167,51,
iotfinder,dns,r,PTR,False,0.000168,52,
iotfinder,dns,r,PTR,False,0.000169,39,
iotfinder,dns,r,PTR,False,0.00017,33,
iotfinder,dns,r,PTR,False,0.000171,36,
iotfinder,dns,r,PTR,False,0.000172,24,
iotfinder,dns,r,PTR,False,0.000173,26,
iotfinder,dns,r,PTR,False,0.000174,24,
iotfinder,dns,r,PTR,False,0.000175,30,
iotfinder,dns,r,PTR,False,0.000176,15,
iotfinder,dns,r,PTR,False,0.000177,15,
iotfinder,dns,r,PTR,False,0.000178,17,
iotfinder,dns,r,PTR,False,0.000179,13,
iotfinder,dns,r,PTR,False,0.00018,8,
iotfinder,dns,r,PTR,False,0.000181,12,
iotfinder,dns,r,PTR,False,0.000182,4,
iotfinder,dns,r,PTR,False,0.000183,9,
iotfinder,dns,r,PTR,False,0.000184,5,
iotfinder,dns,r,PTR,False,0.000185,5,
iotfinder,dns,r,PTR,False,0.000186,2,
iotfinder,dns,r,PTR,False,0.000187,3,
iotfinder,dns,r,PTR,False,0.000188,1,
iotfinder,dns,r,PTR,False,0.00019,2,
iotfinder,dns,r,PTR,False,0.000191,2,
iotfinder,dns,r,PTR,False,0.000192,1,
iotfinder,dns,r,PTR,False,0.000194,1,
iotfinder,dns,r,PTR,False,0.000195,1,
iotfinder,dns,r,PTR,False,0.000208,,1
iotfinder,dns,r,PTR,False,0.000227,1,
moniotr,mdns,q,PTR,False,1.4e-05,104,
moniotr,mdns,q,PTR,False,1.5e-05,339,
moniotr,mdns,q,PTR,False,1.6e-05,416,
moniotr,mdns,q,PTR,False,1.7e-05,877,
moniotr,mdns,q,PTR,False,1.8e-05,648,
moniotr,mdns,q,PTR,False,1.9e-05,155,
moniotr,mdns,q,PTR,False,2e-05,8,
moniotr,mdns,q,PTR,False,2.1e-05,,14
moniotr,mdns,q,PTR,False,2.2e-05,1,198
moniotr,mdns,q,PTR,False,2.3e-05,9,271
moniotr,mdns,q,PTR,False,2.4e-05,,245
moniotr,mdns,q,PTR,False,2.5e-05,6,666
moniotr,mdns,q,PTR,False,2.6e-05,3,608
moniotr,mdns,q,PTR,False,2.7e-05,,439
moniotr,mdns,q,PTR,False,2.8e-05,,109
moniotr,mdns,q,PTR,False,2.9e-05,,6
moniotr,mdns,q,PTR,False,3e-05,,2
moniotr,mdns,q,PTR,False,3.1e-05,,5
moniotr,mdns,q,PTR,False,3.2e-05,,1
moniotr,mdns,q,PTR,False,3.3e-05,,1
moniotr,mdns,q,PTR,False,3.8e-05,,1
moniotr,mdns,q,ANY,False,4e-05,,1
moniotr,mdns,q,ANY,False,4.1e-05,,5
moniotr,mdns,q,ANY,False,4.6e-05,,2
moniotr,mdns,q,ANY,False,4.7e-05,,4
moniotr,mdns,q,ANY,False,4.8e-05,,2
moniotr,mdns,q,ANY,False,4.9e-05,,5
moniotr,mdns,q,ANY,False,5e-05,,8
moniotr,mdns,q,ANY,False,5.1e-05,1,17
moniotr,mdns,q,ANY,False,5.2e-05,5,26
moniotr,mdns,q,ANY,False,5.3e-05,,13
moniotr,mdns,q,ANY,False,5.4e-05,,13
moniotr,mdns,q,ANY,False,5.5e-05,,6
moniotr,mdns,q,ANY,False,5.6e-05,,3
moniotr,mdns,q,ANY,False,6.1e-05,1,1
moniotr,mdns,q,ANY,False,6.2e-05,1,11
moniotr,mdns,q,ANY,False,6.3e-05,,11
moniotr,mdns,q,ANY,False,6.4e-05,,9
moniotr,mdns,q,ANY,False,6.5e-05,1,17
moniotr,mdns,q,ANY,False,6.6e-05,1,6
moniotr,mdns,q,ANY,False,6.7e-05,5,14
moniotr,mdns,q,ANY,False,6.8e-05,,5
moniotr,mdns,q,ANY,False,6.9e-05,4,
moniotr,mdns,q,ANY,False,7.2e-05,1,
moniotr,mdns,q,ANY,False,7.3e-05,8,
moniotr,mdns,q,ANY,False,7.4e-05,9,
moniotr,mdns,q,ANY,False,7.5e-05,20,
moniotr,mdns,q,ANY,False,7.6e-05,16,
moniotr,mdns,q,ANY,False,7.7e-05,16,
moniotr,mdns,q,ANY,False,7.8e-05,2,
moniotr,mdns,q,ANY,False,7.9e-05,5,1
moniotr,mdns,q,ANY,False,8e-05,1,
moniotr,mdns,q,ANY,False,8.1e-05,7,
moniotr,mdns,q,ANY,False,8.2e-05,2,
moniotr,mdns,q,ANY,False,8.3e-05,1,
moniotr,mdns,q,ANY,False,9.8e-05,2,
moniotr,mdns,q,ANY,False,9.9e-05,10,
moniotr,mdns,q,ANY,False,0.0001,5,
moniotr,mdns,q,ANY,False,0.000101,11,
moniotr,mdns,q,ANY,False,0.000102,10,1
moniotr,mdns,q,ANY,False,0.000103,14,
moniotr,mdns,q,ANY,False,0.000104,4,
moniotr,mdns,q,ANY,False,0.000105,4,
moniotr,mdns,q,ANY,False,0.000106,3,
moniotr,mdns,q,ANY,False,0.000107,7,
moniotr,mdns,q,ANY,False,0.000108,3,
moniotr,mdns,q,ANY,False,0.000123,1,
moniotr,mdns,q,SRV,False,1.7e-05,6,
moniotr,mdns,q,SRV,False,1.8e-05,2,
moniotr,mdns,q,SRV,False,1.9e-05,26,
moniotr,mdns,q,SRV,False,2e-05,29,
moniotr,mdns,q,SRV,False,2.1e-05,22,
moniotr,mdns,q,SRV,False,2.2e-05,14,
moniotr,mdns,q,SRV,False,2.3e-05,14,
moniotr,mdns,q,SRV,False,2.4e-05,6,7
moniotr,mdns,q,SRV,False,2.5e-05,13,2
moniotr,mdns,q,SRV,False,2.6e-05,36,27
moniotr,mdns,q,SRV,False,2.7e-05,24,46
moniotr,mdns,q,SRV,False,2.8e-05,26,24
moniotr,mdns,q,SRV,False,2.9e-05,9,28
moniotr,mdns,q,SRV,False,3e-05,3,35
moniotr,mdns,q,SRV,False,3.1e-05,7,30
moniotr,mdns,q,SRV,False,3.2e-05,7,22
moniotr,mdns,q,SRV,False,3.3e-05,1,13
moniotr,mdns,q,SRV,False,3.4e-05,1,11
moniotr,mdns,q,SRV,False,3.5e-05,,1
moniotr,dns,q,A,False,1.1e-05,2,
moniotr,dns,q,A,False,1.2e-05,2911,
moniotr,dns,q,A,False,1.3e-05,12042,
moniotr,dns,q,A,False,1.4e-05,11276,
moniotr,dns,q,A,False,1.5e-05,21775,
moniotr,dns,q,A,False,1.6e-05,12311,
moniotr,dns,q,A,False,1.7e-05,8155,
moniotr,dns,q,A,False,1.8e-05,4746,
moniotr,dns,q,A,False,1.9e-05,2533,
moniotr,dns,q,A,False,2e-05,744,7
moniotr,dns,q,A,False,2.1e-05,263,2292
moniotr,dns,q,A,False,2.2e-05,152,11110
moniotr,dns,q,A,False,2.3e-05,123,7132
moniotr,dns,q,A,False,2.4e-05,37,6070
moniotr,dns,q,A,False,2.5e-05,37,13941
moniotr,dns,q,A,False,2.6e-05,22,16347
moniotr,dns,q,A,False,2.7e-05,19,12194
moniotr,dns,q,A,False,2.8e-05,13,5636
moniotr,dns,q,A,False,2.9e-05,3,1858
moniotr,dns,q,A,False,3e-05,,391
moniotr,dns,q,A,False,3.1e-05,8,72
moniotr,dns,q,A,False,3.2e-05,5,34
moniotr,dns,q,A,False,3.3e-05,5,30
moniotr,dns,q,A,False,3.4e-05,4,16
moniotr,dns,q,A,False,3.5e-05,2,7
moniotr,dns,q,A,False,3.6e-05,1,10
moniotr,dns,q,A,False,3.7e-05,,8
moniotr,dns,q,A,False,3.8e-05,,6
moniotr,dns,q,A,False,3.9e-05,,9
moniotr,dns,q,A,False,4e-05,,1
moniotr,dns,q,A,False,4.1e-05,,5
moniotr,dns,q,A,False,4.2e-05,,4
moniotr,dns,q,A,False,4.4e-05,,2
moniotr,dns,q,A,False,4.6e-05,1,
moniotr,dns,q,A,False,5.2e-05,1,
moniotr,dns,q,A,False,5.4e-05,1,1
moniotr,dns,q,A,False,5.6e-05,1,
moniotr,dns,q,A,False,5.7e-05,,1
moniotr,dns,q,A,False,6.2e-05,,1
moniotr,dns,q,A,False,6.3e-05,,2
moniotr,dns,q,A,False,6.8e-05,1,
moniotr,dns,q,A,False,7.4e-05,,1
moniotr,dns,q,A,False,8.4e-05,,3
moniotr,dns,q,A,False,8.9e-05,,1
moniotr,dns,q,A,False,9.2e-05,,1
moniotr,dns,q,A,False,9.4e-05,,1
moniotr,dns,q,A,False,9.8e-05,1,
moniotr,dns,q,A,False,0.000105,,1
moniotr,dns,q,AAAA,False,1.2e-05,75,
moniotr,dns,q,AAAA,False,1.3e-05,260,
moniotr,dns,q,AAAA,False,1.4e-05,705,
moniotr,dns,q,AAAA,False,1.5e-05,989,
moniotr,dns,q,AAAA,False,1.6e-05,1393,
moniotr,dns,q,AAAA,False,1.7e-05,1047,
moniotr,dns,q,AAAA,False,1.8e-05,725,
moniotr,dns,q,AAAA,False,1.9e-05,707,
moniotr,dns,q,AAAA,False,2e-05,235,3
moniotr,dns,q,AAAA,False,2.1e-05,99,217
moniotr,dns,q,AAAA,False,2.2e-05,104,738
moniotr,dns,q,AAAA,False,2.3e-05,45,645
moniotr,dns,q,AAAA,False,2.4e-05,15,1062
moniotr,dns,q,AAAA,False,2.5e-05,7,1327
moniotr,dns,q,AAAA,False,2.6e-05,3,1136
moniotr,dns,q,AAAA,False,2.7e-05,6,757
moniotr,dns,q,AAAA,False,2.8e-05,4,357
moniotr,dns,q,AAAA,False,2.9e-05,1,130
moniotr,dns,q,AAAA,False,3e-05,3,26
moniotr,dns,q,AAAA,False,3.1e-05,2,3
moniotr,dns,q,AAAA,False,3.2e-05,,8
moniotr,dns,q,AAAA,False,3.3e-05,,10
moniotr,dns,q,AAAA,False,3.4e-05,,4
moniotr,dns,q,AAAA,False,3.6e-05,,1
moniotr,dns,q,AAAA,False,3.8e-05,,1
moniotr,dns,q,TXT,False,1.7e-05,4,
moniotr,dns,q,TXT,False,1.8e-05,10,
moniotr,dns,q,TXT,False,1.9e-05,1,
moniotr,dns,q,TXT,False,2e-05,10,
moniotr,dns,q,TXT,False,2.1e-05,8,
moniotr,dns,q,TXT,False,2.2e-05,2,
moniotr,dns,q,TXT,False,2.3e-05,,1
moniotr,dns,q,TXT,False,2.4e-05,,5
moniotr,dns,q,TXT,False,2.5e-05,,5
moniotr,dns,q,TXT,False,2.6e-05,,4
moniotr,dns,q,TXT,False,2.7e-05,,1
moniotr,dns,q,TXT,False,2.8e-05,,14
moniotr,dns,q,TXT,False,2.9e-05,,5
moniotr,dns,q,PTR,False,1.6e-05,8,
moniotr,dns,q,PTR,False,1.7e-05,2,
moniotr,dns,q,PTR,False,1.8e-05,5,
moniotr,dns,q,PTR,False,1.9e-05,8,
moniotr,dns,q,PTR,False,2e-05,11,
moniotr,dns,q,PTR,False,2.1e-05,3,
moniotr,dns,q,PTR,False,2.3e-05,,6
moniotr,dns,q,PTR,False,2.4e-05,,4
moniotr,dns,q,PTR,False,2.6e-05,,2
moniotr,dns,q,PTR,False,2.7e-05,,7
moniotr,dns,q,PTR,False,2.8e-05,,5
moniotr,dns,q,PTR,False,2.9e-05,,11
moniotr,dns,q,PTR,False,3e-05,,2
moniotr,dns,r,A,True,6e-05,,2
moniotr,dns,r,A,True,6.4e-05,,1
moniotr,dns,r,A,True,6.8e-05,,1
moniotr,dns,r,A,True,7.1e-05,,1
moniotr,dns,r,A,True,7.2e-05,,8
moniotr,dns,r,A,True,7.3e-05,,9
moniotr,dns,r,A,True,7.4e-05,,7
moniotr,dns,r,A,True,7.5e-05,,4
moniotr,dns,r,A,True,7.6e-05,,7
moniotr,dns,r,A,True,7.7e-05,,8
moniotr,dns,r,A,True,7.8e-05,,4
moniotr,dns,r,A,True,7.9e-05,,2
moniotr,dns,r,A,True,8.1e-05,,6
moniotr,dns,r,A,True,8.2e-05,1,10
moniotr,dns,r,A,True,8.3e-05,1,13
moniotr,dns,r,A,True,8.4e-05,,16
moniotr,dns,r,A,True,8.5e-05,,7
moniotr,dns,r,A,True,8.6e-05,,5
moniotr,dns,r,A,True,8.7e-05,,7
moniotr,dns,r,A,True,8.8e-05,,3
moniotr,dns,r,A,True,9.2e-05,,1
moniotr,dns,r,A,True,9.3e-05,1,1
moniotr,dns,r,A,True,9.4e-05,1,
moniotr,dns,r,A,True,0.0001,1,
moniotr,dns,r,A,True,0.000101,3,
moniotr,dns,r,A,True,0.000102,3,
moniotr,dns,r,A,True,0.000103,4,
moniotr,dns,r,A,True,0.000104,5,
moniotr,dns,r,A,True,0.000105,6,
moniotr,dns,r,A,True,0.000106,1,
moniotr,dns,r,A,True,0.000107,2,
moniotr,dns,r,A,True,0.000109,1,
moniotr,dns,r,A,True,0.000158,2,
moniotr,dns,r,A,True,0.000159,1,
moniotr,dns,r,A,True,0.00016,1,
moniotr,dns,r,A,True,0.000164,1,
moniotr,dns,r,A,True,0.000166,1,
moniotr,dns,r,A,True,0.000167,1,
moniotr,dns,r,A,True,0.000169,2,
moniotr,dns,r,A,True,0.00017,5,
moniotr,dns,r,A,True,0.000171,3,
moniotr,dns,r,A,True,0.000172,1,
moniotr,dns,r,A,True,0.000173,1,
moniotr,dns,r,A,True,0.000174,1,
moniotr,dns,r,A,True,0.000175,3,
moniotr,dns,r,A,True,0.000176,1,
moniotr,dns,r,A,True,0.00018,5,
moniotr,dns,r,A,True,0.000181,3,
moniotr,dns,r,A,True,0.000182,7,
moniotr,dns,r,A,True,0.000183,6,
moniotr,dns,r,A,True,0.000184,5,
moniotr,dns,r,A,True,0.000185,3,
moniotr,dns,r,A,True,0.000186,3,
moniotr,dns,r,A,True,0.000187,4,
moniotr,dns,r,A,True,0.000188,5,
moniotr,dns,r,A,True,0.000189,2,
moniotr,dns,r,A,True,0.000194,1,
moniotr,dns,r,A,True,0.000195,1,
moniotr,dns,r,A,True,0.000196,2,
moniotr,dns,r,A,True,0.000197,1,
moniotr,dns,r,A,True,0.000198,1,
moniotr,dns,r,A,True,0.000199,3,
moniotr,dns,r,A,True,0.000201,2,
moniotr,dns,r,A,True,0.000202,1,
moniotr,dns,r,A,True,0.000203,1,
moniotr,dns,r,A,True,0.000204,5,
moniotr,dns,r,A,True,0.000205,5,
moniotr,dns,r,A,True,0.000206,1,
moniotr,dns,r,A,True,0.000207,1,
moniotr,dns,r,A,True,0.000213,1,
moniotr,dns,r,A,False,6.9e-05,,1
moniotr,dns,r,A,False,7e-05,,1
moniotr,dns,r,A,False,7.1e-05,,1
moniotr,dns,r,A,False,7.2e-05,,1
moniotr,dns,r,A,False,7.3e-05,,3
moniotr,dns,r,A,False,0.000161,1,
moniotr,dns,r,A,False,0.000162,1,
moniotr,dns,r,A,False,0.000163,1,
moniotr,dns,r,A,False,0.000166,1,
moniotr,dns,r,A,False,0.000167,1,
moniotr,dns,r,A,False,0.000168,1,
moniotr,dns,r,A,False,0.000173,1,
moniotr,dns,r,AAAA,True,5.3e-05,,3
moniotr,dns,r,AAAA,True,5.4e-05,,53
moniotr,dns,r,AAAA,True,5.5e-05,,17
moniotr,dns,r,AAAA,True,5.6e-05,,13
moniotr,dns,r,AAAA,True,5.7e-05,,22
moniotr,dns,r,AAAA,True,5.8e-05,,9
moniotr,dns,r,AAAA,True,5.9e-05,,11
moniotr,dns,r,AAAA,True,6e-05,,27
moniotr,dns,r,AAAA,True,6.1e-05,,30
moniotr,dns,r,AAAA,True,6.2e-05,,34
moniotr,dns,r,AAAA,True,6.3e-05,,48
moniotr,dns,r,AAAA,True,6.4e-05,,25
moniotr,dns,r,AAAA,True,6.5e-05,,21
moniotr,dns,r,AAAA,True,6.6e-05,,14
moniotr,dns,r,AAAA,True,6.7e-05,,11
moniotr,dns,r,AAAA,True,6.8e-05,,22
moniotr,dns,r,AAAA,True,6.9e-05,,15
moniotr,dns,r,AAAA,True,7e-05,,7
moniotr,dns,r,AAAA,True,7.1e-05,,1
moniotr,dns,r,AAAA,True,8e-05,1,
moniotr,dns,r,AAAA,True,8.1e-05,39,
moniotr,dns,r,AAAA,True,8.2e-05,27,
moniotr,dns,r,AAAA,True,8.3e-05,6,
moniotr,dns,r,AAAA,True,8.4e-05,11,
moniotr,dns,r,AAAA,True,8.5e-05,17,
moniotr,dns,r,AAAA,True,8.6e-05,13,
moniotr,dns,r,AAAA,True,8.7e-05,5,
moniotr,dns,r,AAAA,True,8.8e-05,5,
moniotr,dns,r,AAAA,True,8.9e-05,6,
moniotr,dns,r,AAAA,True,9e-05,19,
moniotr,dns,r,AAAA,True,9.1e-05,18,
moniotr,dns,r,AAAA,True,9.2e-05,22,
moniotr,dns,r,AAAA,True,9.3e-05,18,
moniotr,dns,r,AAAA,True,9.4e-05,29,
moniotr,dns,r,AAAA,True,9.5e-05,22,
moniotr,dns,r,AAAA,True,9.6e-05,18,
moniotr,dns,r,AAAA,True,9.7e-05,19,
moniotr,dns,r,AAAA,True,9.8e-05,13,
moniotr,dns,r,AAAA,True,9.9e-05,14,
moniotr,dns,r,AAAA,True,0.0001,6,
moniotr,dns,r,AAAA,True,0.000101,10,
moniotr,dns,r,AAAA,True,0.000102,15,
moniotr,dns,r,AAAA,True,0.000103,6,
moniotr,dns,r,AAAA,True,0.000104,12,
moniotr,dns,r,AAAA,True,0.000105,9,
moniotr,dns,r,AAAA,True,0.000106,1,
moniotr,dns,r,AAAA,True,0.000107,1,
moniotr,dns,r,AAAA,True,0.000116,1,
moniotr,dns,r,AAAA,False,5e-05,,1
moniotr,dns,r,AAAA,False,5.1e-05,,3
moniotr,dns,r,AAAA,False,5.2e-05,,8
moniotr,dns,r,AAAA,False,5.3e-05,,3
moniotr,dns,r,AAAA,False,5.4e-05,,1
moniotr,dns,r,AAAA,False,5.6e-05,,1
moniotr,dns,r,AAAA,False,7.1e-05,1,
moniotr,dns,r,AAAA,False,7.3e-05,3,
moniotr,dns,r,AAAA,False,7.4e-05,3,
moniotr,dns,r,AAAA,False,7.5e-05,7,
moniotr,dns,r,AAAA,False,7.6e-05,1,
moniotr,dns,r,AAAA,False,7.8e-05,1,
moniotr,dns,r,AAAA,False,8e-05,1,
moniotr,dns,r,PTR,True,5.9e-05,,1
moniotr,dns,r,PTR,True,6e-05,,1
moniotr,dns,r,PTR,True,6.7e-05,,1
moniotr,dns,r,PTR,True,7.3e-05,,1
moniotr,dns,r,PTR,True,7.4e-05,,2
moniotr,dns,r,PTR,True,0.000122,1,
moniotr,dns,r,PTR,True,0.000124,1,
moniotr,dns,r,PTR,True,0.000139,1,
moniotr,dns,r,PTR,True,0.000154,1,
moniotr,dns,r,PTR,True,0.000155,1,
moniotr,dns,r,PTR,True,0.000156,1,
yourthings,llmnr,q,PTR,False,1.7e-05,8,
yourthings,llmnr,q,PTR,False,1.8e-05,119,
yourthings,llmnr,q,PTR,False,1.9e-05,90,
yourthings,llmnr,q,PTR,False,2e-05,7,
yourthings,llmnr,q,PTR,False,2.1e-05,1,
yourthings,llmnr,q,PTR,False,2.4e-05,,2
yourthings,llmnr,q,PTR,False,2.5e-05,,45
yourthings,llmnr,q,PTR,False,2.6e-05,,109
yourthings,llmnr,q,PTR,False,2.7e-05,,58
yourthings,llmnr,q,PTR,False,2.8e-05,,8
yourthings,llmnr,q,PTR,False,2.9e-05,,1
yourthings,llmnr,q,PTR,False,3e-05,,1
yourthings,llmnr,q,PTR,False,3.6e-05,,1
yourthings,mdns,q,A,False,1.6e-05,11,
yourthings,mdns,q,A,False,1.7e-05,10,
yourthings,mdns,q,A,False,1.8e-05,89,
yourthings,mdns,q,A,False,1.9e-05,175,
yourthings,mdns,q,A,False,2e-05,1207,
yourthings,mdns,q,A,False,2.1e-05,7633,
yourthings,mdns,q,A,False,2.2e-05,5632,
yourthings,mdns,q,A,False,2.3e-05,971,
yourthings,mdns,q,A,False,2.4e-05,56,100
yourthings,mdns,q,A,False,2.5e-05,13,136
yourthings,mdns,q,A,False,2.6e-05,1,266
yourthings,mdns,q,A,False,2.7e-05,,3025
yourthings,mdns,q,A,False,2.8e-05,,6326
yourthings,mdns,q,A,False,2.9e-05,1,4223
yourthings,mdns,q,A,False,3e-05,1,1477
yourthings,mdns,q,A,False,3.1e-05,1,212
yourthings,mdns,q,A,False,3.2e-05,1,14
yourthings,mdns,q,A,False,3.3e-05,,8
yourthings,mdns,q,A,False,3.4e-05,2,5
yourthings,mdns,q,A,False,3.5e-05,1,4
yourthings,mdns,q,A,False,3.6e-05,,2
yourthings,mdns,q,A,False,3.7e-05,,1
yourthings,mdns,q,A,False,3.9e-05,,3
yourthings,mdns,q,A,False,4e-05,,1
yourthings,mdns,q,A,False,4.1e-05,1,1
yourthings,mdns,q,A,False,4.3e-05,1,1
yourthings,mdns,q,A,False,4.4e-05,,1
yourthings,mdns,q,A,False,4.6e-05,,1
yourthings,mdns,q,A,False,4.8e-05,,1
yourthings,mdns,q,A,False,5.2e-05,1,
yourthings,mdns,q,AAAA,False,1.4e-05,9,
yourthings,mdns,q,AAAA,False,1.5e-05,18,
yourthings,mdns,q,AAAA,False,1.6e-05,15,
yourthings,mdns,q,AAAA,False,1.7e-05,26,
yourthings,mdns,q,AAAA,False,1.8e-05,2,
yourthings,mdns,q,AAAA,False,1.9e-05,7,
yourthings,mdns,q,AAAA,False,2e-05,1098,
yourthings,mdns,q,AAAA,False,2.1e-05,6587,
yourthings,mdns,q,AAAA,False,2.2e-05,4747,1
yourthings,mdns,q,AAAA,False,2.3e-05,909,5
yourthings,mdns,q,AAAA,False,2.4e-05,74,20
yourthings,mdns,q,AAAA,False,2.5e-05,13,48
yourthings,mdns,q,AAAA,False,2.6e-05,9,1312
yourthings,mdns,q,AAAA,False,2.7e-05,,4487
yourthings,mdns,q,AAAA,False,2.8e-05,1,4194
yourthings,mdns,q,AAAA,False,2.9e-05,,2310
yourthings,mdns,q,AAAA,False,3e-05,2,868
yourthings,mdns,q,AAAA,False,3.1e-05,3,214
yourthings,mdns,q,AAAA,False,3.2e-05,1,38
yourthings,mdns,q,AAAA,False,3.3e-05,1,13
yourthings,mdns,q,AAAA,False,3.4e-05,,6
yourthings,mdns,q,AAAA,False,3.5e-05,1,1
yourthings,mdns,q,AAAA,False,3.7e-05,,1
yourthings,mdns,q,AAAA,False,3.8e-05,,3
yourthings,mdns,q,AAAA,False,3.9e-05,,1
yourthings,mdns,q,AAAA,False,4.1e-05,,1
yourthings,mdns,q,AAAA,False,4.4e-05,,1
yourthings,mdns,q,AAAA,False,4.5e-05,,3
yourthings,mdns,q,AAAA,False,4.6e-05,,16
yourthings,mdns,q,AAAA,False,4.7e-05,1,24
yourthings,mdns,q,AAAA,False,4.8e-05,,29
yourthings,mdns,q,AAAA,False,4.9e-05,,14
yourthings,mdns,q,AAAA,False,5e-05,,12
yourthings,mdns,q,AAAA,False,5.1e-05,,8
yourthings,mdns,q,AAAA,False,5.2e-05,,5
yourthings,mdns,q,AAAA,False,5.3e-05,,1
yourthings,mdns,q,AAAA,False,5.9e-05,1,2
yourthings,mdns,q,AAAA,False,6.2e-05,,1
yourthings,mdns,q,AAAA,False,6.3e-05,3,
yourthings,mdns,q,AAAA,False,6.4e-05,6,
yourthings,mdns,q,AAAA,False,6.5e-05,16,
yourthings,mdns,q,AAAA,False,6.6e-05,19,
yourthings,mdns,q,AAAA,False,6.7e-05,14,
yourthings,mdns,q,AAAA,False,6.8e-05,21,
yourthings,mdns,q,AAAA,False,6.9e-05,12,
yourthings,mdns,q,AAAA,False,7e-05,6,
yourthings,mdns,q,AAAA,False,7.1e-05,5,
yourthings,mdns,q,AAAA,False,7.2e-05,4,
yourthings,mdns,q,AAAA,False,7.3e-05,3,
yourthings,mdns,q,AAAA,False,7.4e-05,3,
yourthings,mdns,q,AAAA,False,7.9e-05,1,
yourthings,mdns,q,AAAA,False,8.3e-05,1,
yourthings,mdns,q,AAAA,False,8.5e-05,1,1
yourthings,mdns,q,TXT,False,1.6e-05,1,
yourthings,mdns,q,TXT,False,1.7e-05,21,
yourthings,mdns,q,TXT,False,1.8e-05,138,
yourthings,mdns,q,TXT,False,1.9e-05,118,
yourthings,mdns,q,TXT,False,2e-05,155,
yourthings,mdns,q,TXT,False,2.1e-05,45,
yourthings,mdns,q,TXT,False,2.2e-05,50,
yourthings,mdns,q,TXT,False,2.3e-05,75,
yourthings,mdns,q,TXT,False,2.4e-05,48,7
yourthings,mdns,q,TXT,False,2.5e-05,103,46
yourthings,mdns,q,TXT,False,2.6e-05,85,133
yourthings,mdns,q,TXT,False,2.7e-05,17,183
yourthings,mdns,q,TXT,False,2.8e-05,5,150
yourthings,mdns,q,TXT,False,2.9e-05,3,135
yourthings,mdns,q,TXT,False,3e-05,,128
yourthings,mdns,q,TXT,False,3.1e-05,,62
yourthings,mdns,q,TXT,False,3.2e-05,,14
yourthings,mdns,q,TXT,False,3.3e-05,,4
yourthings,mdns,q,TXT,False,3.4e-05,,1
yourthings,mdns,q,TXT,False,4.7e-05,,2
yourthings,mdns,q,TXT,False,4.8e-05,,2
yourthings,mdns,q,TXT,False,5e-05,,1
yourthings,mdns,q,TXT,False,6.8e-05,3,
yourthings,mdns,q,TXT,False,6.9e-05,1,
yourthings,mdns,q,PTR,False,1.4e-05,521,
yourthings,mdns,q,PTR,False,1.5e-05,3398,
yourthings,mdns,q,PTR,False,1.6e-05,33390,
yourthings,mdns,q,PTR,False,1.7e-05,67358,
yourthings,mdns,q,PTR,False,1.8e-05,23015,
yourthings,mdns,q,PTR,False,1.9e-05,7128,
yourthings,mdns,q,PTR,False,2e-05,1496,
yourthings,mdns,q,PTR,False,2.1e-05,144,30
yourthings,mdns,q,PTR,False,2.2e-05,52,874
yourthings,mdns,q,PTR,False,2.3e-05,23,1122
yourthings,mdns,q,PTR,False,2.4e-05,15,10929
yourthings,mdns,q,PTR,False,2.5e-05,4,46279
yourthings,mdns,q,PTR,False,2.6e-05,10,46238
yourthings,mdns,q,PTR,False,2.7e-05,8,22666
yourthings,mdns,q,PTR,False,2.8e-05,7,6547
yourthings,mdns,q,PTR,False,2.9e-05,2,1426
yourthings,mdns,q,PTR,False,3e-05,1,319
yourthings,mdns,q,PTR,False,3.1e-05,1,55
yourthings,mdns,q,PTR,False,3.2e-05,,40
yourthings,mdns,q,PTR,False,3.3e-05,1,21
yourthings,mdns,q,PTR,False,3.4e-05,2,15
yourthings,mdns,q,PTR,False,3.5e-05,2,9
yourthings,mdns,q,PTR,False,3.6e-05,17,8
yourthings,mdns,q,PTR,False,3.7e-05,17,5
yourthings,mdns,q,PTR,False,3.8e-05,,7
yourthings,mdns,q,PTR,False,3.9e-05,,4
yourthings,mdns,q,PTR,False,4e-05,,8
yourthings,mdns,q,PTR,False,4.1e-05,,2
yourthings,mdns,q,PTR,False,4.2e-05,,2
yourthings,mdns,q,PTR,False,4.6e-05,,1
yourthings,mdns,q,PTR,False,4.7e-05,,1
yourthings,mdns,q,PTR,False,4.9e-05,,1
yourthings,mdns,q,PTR,False,5e-05,2,1
yourthings,mdns,q,PTR,False,5.1e-05,1,1
yourthings,mdns,q,PTR,False,5.2e-05,,1
yourthings,mdns,q,PTR,False,5.7e-05,1,
yourthings,mdns,q,PTR,False,5.8e-05,,1
yourthings,mdns,q,PTR,False,6.3e-05,1,
yourthings,mdns,q,PTR,False,6.6e-05,1,
yourthings,mdns,q,PTR,False,6.7e-05,,1
yourthings,mdns,q,PTR,False,7e-05,1,
yourthings,mdns,q,PTR,False,7.9e-05,1,1
yourthings,mdns,q,PTR,False,8.9e-05,,1
yourthings,mdns,q,PTR,False,9.1e-05,,1
yourthings,mdns,q,PTR,False,0.000102,,1
yourthings,mdns,q,PTR,False,0.000107,,1
yourthings,mdns,q,PTR,False,0.000108,,1
yourthings,mdns,q,PTR,False,0.000129,1,
yourthings,mdns,q,PTR,False,0.00013,,1
yourthings,mdns,q,PTR,False,0.000139,1,
yourthings,mdns,q,PTR,False,0.000158,,1
yourthings,mdns,q,ANY,False,4.3e-05,,1
yourthings,mdns,q,ANY,False,4.4e-05,,5
yourthings,mdns,q,ANY,False,4.5e-05,,4
yourthings,mdns,q,ANY,False,4.6e-05,,12
yourthings,mdns,q,ANY,False,4.7e-05,,16
yourthings,mdns,q,ANY,False,4.8e-05,,12
yourthings,mdns,q,ANY,False,4.9e-05,,5
yourthings,mdns,q,ANY,False,5e-05,,4
yourthings,mdns,q,ANY,False,5.1e-05,,5
yourthings,mdns,q,ANY,False,5.7e-05,9,
yourthings,mdns,q,ANY,False,5.8e-05,11,
yourthings,mdns,q,ANY,False,5.9e-05,10,
yourthings,mdns,q,ANY,False,6e-05,13,
yourthings,mdns,q,ANY,False,6.1e-05,9,1
yourthings,mdns,q,ANY,False,6.2e-05,3,2
yourthings,mdns,q,ANY,False,6.3e-05,1,1
yourthings,mdns,q,ANY,False,6.4e-05,3,3
yourthings,mdns,q,ANY,False,6.5e-05,3,4
yourthings,mdns,q,ANY,False,6.6e-05,2,
yourthings,mdns,q,ANY,False,6.8e-05,,1
yourthings,mdns,q,ANY,False,9.7e-05,2,
yourthings,mdns,q,ANY,False,9.8e-05,1,
yourthings,mdns,q,ANY,False,9.9e-05,2,
yourthings,mdns,q,ANY,False,0.000101,1,
yourthings,mdns,q,ANY,False,0.000102,1,
yourthings,mdns,q,ANY,False,0.000103,5,
yourthings,mdns,q,SRV,False,1.7e-05,132,
yourthings,mdns,q,SRV,False,1.8e-05,475,
yourthings,mdns,q,SRV,False,1.9e-05,195,
yourthings,mdns,q,SRV,False,2e-05,17,
yourthings,mdns,q,SRV,False,2.1e-05,10,
yourthings,mdns,q,SRV,False,2.2e-05,53,
yourthings,mdns,q,SRV,False,2.3e-05,165,
yourthings,mdns,q,SRV,False,2.4e-05,177,7
yourthings,mdns,q,SRV,False,2.5e-05,1432,138
yourthings,mdns,q,SRV,False,2.6e-05,4089,338
yourthings,mdns,q,SRV,False,2.7e-05,3068,321
yourthings,mdns,q,SRV,False,2.8e-05,3242,466
yourthings,mdns,q,SRV,False,2.9e-05,6843,1078
yourthings,mdns,q,SRV,False,3e-05,6433,3565
yourthings,mdns,q,SRV,False,3.1e-05,2354,6489
yourthings,mdns,q,SRV,False,3.2e-05,300,8201
yourthings,mdns,q,SRV,False,3.3e-05,40,5722
yourthings,mdns,q,SRV,False,3.4e-05,12,2161
yourthings,mdns,q,SRV,False,3.5e-05,3,467
yourthings,mdns,q,SRV,False,3.6e-05,3,56
yourthings,mdns,q,SRV,False,3.7e-05,2,14
yourthings,mdns,q,SRV,False,3.8e-05,3,7
yourthings,mdns,q,SRV,False,3.9e-05,,6
yourthings,mdns,q,SRV,False,4e-05,1,5
yourthings,mdns,q,SRV,False,4.1e-05,2,1
yourthings,mdns,q,SRV,False,4.2e-05,,1
yourthings,mdns,q,SRV,False,4.3e-05,,2
yourthings,mdns,q,SRV,False,4.4e-05,,4
yourthings,mdns,q,SRV,False,4.7e-05,,2
yourthings,mdns,q,SRV,False,4.9e-05,1,1
yourthings,mdns,q,SRV,False,5e-05,,2
yourthings,mdns,q,SRV,False,8.2e-05,1,
yourthings,mdns,q,SRV,False,8.8e-05,1,
yourthings,mdns,r,PTR,True,6.4e-05,,4
yourthings,mdns,r,PTR,True,6.6e-05,,3
yourthings,mdns,r,PTR,True,6.7e-05,,5
yourthings,mdns,r,PTR,True,6.8e-05,,4
yourthings,mdns,r,PTR,True,6.9e-05,,4
yourthings,mdns,r,PTR,True,7e-05,,2
yourthings,mdns,r,PTR,True,7.1e-05,,2
yourthings,mdns,r,PTR,True,0.000126,1,
yourthings,mdns,r,PTR,True,0.000128,2,
yourthings,mdns,r,PTR,True,0.000132,2,
yourthings,mdns,r,PTR,True,0.000133,3,
yourthings,mdns,r,PTR,True,0.000134,1,
yourthings,mdns,r,PTR,True,0.000135,3,
yourthings,mdns,r,PTR,True,0.000136,2,
yourthings,mdns,r,PTR,True,0.000137,1,
yourthings,mdns,r,PTR,True,0.000138,2,
yourthings,mdns,r,PTR,True,0.000139,1,
yourthings,mdns,r,PTR,True,0.000142,1,
yourthings,mdns,r,PTR,True,0.000144,1,
yourthings,mdns,r,PTR,True,0.000145,1,
yourthings,mdns,r,PTR,True,0.000149,1,
yourthings,mdns,r,PTR,True,0.000154,2,
yourthings,dns,q,A,False,1.1e-05,23,
yourthings,dns,q,A,False,1.2e-05,270,
yourthings,dns,q,A,False,1.3e-05,5063,
yourthings,dns,q,A,False,1.4e-05,50212,
yourthings,dns,q,A,False,1.5e-05,106773,
yourthings,dns,q,A,False,1.6e-05,123188,
yourthings,dns,q,A,False,1.7e-05,95184,
yourthings,dns,q,A,False,1.8e-05,62557,
yourthings,dns,q,A,False,1.9e-05,25602,
yourthings,dns,q,A,False,2e-05,9556,1
yourthings,dns,q,A,False,2.1e-05,17127,75
yourthings,dns,q,A,False,2.2e-05,47943,1494
yourthings,dns,q,A,False,2.3e-05,27746,3417
yourthings,dns,q,A,False,2.4e-05,4889,26243
yourthings,dns,q,A,False,2.5e-05,444,110860
yourthings,dns,q,A,False,2.6e-05,225,157725
yourthings,dns,q,A,False,2.7e-05,153,117168
yourthings,dns,q,A,False,2.8e-05,81,73385
yourthings,dns,q,A,False,2.9e-05,114,50278
yourthings,dns,q,A,False,3e-05,136,24929
yourthings,dns,q,A,False,3.1e-05,90,9277
yourthings,dns,q,A,False,3.2e-05,35,1668
yourthings,dns,q,A,False,3.3e-05,21,399
yourthings,dns,q,A,False,3.4e-05,8,201
yourthings,dns,q,A,False,3.5e-05,4,87
yourthings,dns,q,A,False,3.6e-05,3,52
yourthings,dns,q,A,False,3.7e-05,3,33
yourthings,dns,q,A,False,3.8e-05,1,21
yourthings,dns,q,A,False,3.9e-05,1,22
yourthings,dns,q,A,False,4e-05,1,20
yourthings,dns,q,A,False,4.1e-05,1,22
yourthings,dns,q,A,False,4.2e-05,,16
yourthings,dns,q,A,False,4.3e-05,,19
yourthings,dns,q,A,False,4.4e-05,,7
yourthings,dns,q,A,False,4.5e-05,3,6
yourthings,dns,q,A,False,4.6e-05,1,5
yourthings,dns,q,A,False,4.7e-05,1,4
yourthings,dns,q,A,False,4.8e-05,,4
yourthings,dns,q,A,False,4.9e-05,4,1
yourthings,dns,q,A,False,5e-05,9,5
yourthings,dns,q,A,False,5.1e-05,5,3
yourthings,dns,q,A,False,5.2e-05,1,2
yourthings,dns,q,A,False,5.4e-05,3,1
yourthings,dns,q,A,False,5.5e-05,,1
yourthings,dns,q,A,False,5.7e-05,1,2
yourthings,dns,q,A,False,5.8e-05,,2
yourthings,dns,q,A,False,5.9e-05,,3
yourthings,dns,q,A,False,6.2e-05,,2
yourthings,dns,q,A,False,6.3e-05,2,
yourthings,dns,q,A,False,6.4e-05,1,1
yourthings,dns,q,A,False,6.5e-05,,4
yourthings,dns,q,A,False,6.6e-05,,1
yourthings,dns,q,A,False,6.8e-05,1,1
yourthings,dns,q,A,False,6.9e-05,1,2
yourthings,dns,q,A,False,7e-05,1,
yourthings,dns,q,A,False,7.1e-05,1,
yourthings,dns,q,A,False,7.2e-05,1,1
yourthings,dns,q,A,False,7.3e-05,1,2
yourthings,dns,q,A,False,7.4e-05,,2
yourthings,dns,q,A,False,7.5e-05,1,2
yourthings,dns,q,A,False,7.6e-05,,1
yourthings,dns,q,A,False,7.7e-05,,1
yourthings,dns,q,A,False,7.8e-05,1,2
yourthings,dns,q,A,False,7.9e-05,1,1
yourthings,dns,q,A,False,8e-05,1,
yourthings,dns,q,A,False,8.2e-05,,2
yourthings,dns,q,A,False,8.4e-05,,1
yourthings,dns,q,A,False,8.6e-05,1,1
yourthings,dns,q,A,False,8.8e-05,,1
yourthings,dns,q,A,False,8.9e-05,,1
yourthings,dns,q,A,False,9e-05,,1
yourthings,dns,q,A,False,9.1e-05,,1
yourthings,dns,q,A,False,9.5e-05,,1
yourthings,dns,q,A,False,9.6e-05,,1
yourthings,dns,q,A,False,0.000104,,1
yourthings,dns,q,A,False,0.000105,,1
yourthings,dns,q,A,False,0.000106,,1
yourthings,dns,q,A,False,0.000109,,1
yourthings,dns,q,A,False,0.000115,1,
yourthings,dns,q,A,False,0.000118,,1
yourthings,dns,q,A,False,0.000125,1,
yourthings,dns,q,A,False,0.000127,,1
yourthings,dns,q,A,False,0.000134,,1
yourthings,dns,q,A,False,0.000192,1,
yourthings,dns,q,A,False,0.000266,,1
yourthings,dns,q,AAAA,False,1.1e-05,10,
yourthings,dns,q,AAAA,False,1.2e-05,115,
yourthings,dns,q,AAAA,False,1.3e-05,1041,
yourthings,dns,q,AAAA,False,1.4e-05,18892,
yourthings,dns,q,AAAA,False,1.5e-05,56972,
yourthings,dns,q,AAAA,False,1.6e-05,47963,
yourthings,dns,q,AAAA,False,1.7e-05,15876,
yourthings,dns,q,AAAA,False,1.8e-05,13534,
yourthings,dns,q,AAAA,False,1.9e-05,8483,
yourthings,dns,q,AAAA,False,2e-05,3384,5
yourthings,dns,q,AAAA,False,2.1e-05,707,253
yourthings,dns,q,AAAA,False,2.2e-05,265,892
yourthings,dns,q,AAAA,False,2.3e-05,178,2970
yourthings,dns,q,AAAA,False,2.4e-05,99,28186
yourthings,dns,q,AAAA,False,2.5e-05,62,59719
yourthings,dns,q,AAAA,False,2.6e-05,57,45180
yourthings,dns,q,AAAA,False,2.7e-05,57,21417
yourthings,dns,q,AAAA,False,2.8e-05,41,6930
yourthings,dns,q,AAAA,False,2.9e-05,121,1558
yourthings,dns,q,AAAA,False,3e-05,137,347
yourthings,dns,q,AAAA,False,3.1e-05,63,160
yourthings,dns,q,AAAA,False,3.2e-05,13,166
yourthings,dns,q,AAAA,False,3.3e-05,1,153
yourthings,dns,q,AAAA,False,3.4e-05,3,58
yourthings,dns,q,AAAA,False,3.5e-05,2,31
yourthings,dns,q,AAAA,False,3.6e-05,,10
yourthings,dns,q,AAAA,False,3.7e-05,,12
yourthings,dns,q,AAAA,False,3.8e-05,,10
yourthings,dns,q,AAAA,False,3.9e-05,,4
yourthings,dns,q,AAAA,False,4e-05,,7
yourthings,dns,q,AAAA,False,4.2e-05,,1
yourthings,dns,q,AAAA,False,4.3e-05,,3
yourthings,dns,q,AAAA,False,4.4e-05,,2
yourthings,dns,q,AAAA,False,4.5e-05,,1
yourthings,dns,q,AAAA,False,4.6e-05,,3
yourthings,dns,q,AAAA,False,5.1e-05,1,1
yourthings,dns,q,AAAA,False,5.6e-05,1,
yourthings,dns,q,AAAA,False,5.7e-05,,1
yourthings,dns,q,AAAA,False,6.3e-05,,1
yourthings,dns,q,AAAA,False,6.4e-05,,1
yourthings,dns,q,AAAA,False,6.5e-05,1,
yourthings,dns,q,AAAA,False,6.6e-05,,1
yourthings,dns,q,AAAA,False,6.7e-05,,3
yourthings,dns,q,AAAA,False,6.8e-05,1,
yourthings,dns,q,AAAA,False,7.3e-05,,1
yourthings,dns,q,AAAA,False,7.5e-05,1,
yourthings,dns,q,AAAA,False,7.7e-05,1,
yourthings,dns,q,AAAA,False,7.8e-05,,2
yourthings,dns,q,AAAA,False,8.1e-05,1,
yourthings,dns,q,AAAA,False,8.7e-05,1,
yourthings,dns,q,AAAA,False,8.8e-05,1,
yourthings,dns,q,AAAA,False,9.1e-05,,1
yourthings,dns,q,AAAA,False,9.6e-05,1,
yourthings,dns,q,AAAA,False,0.000108,,1
yourthings,dns,q,AAAA,False,0.000129,1,
yourthings,dns,q,AAAA,False,0.000137,1,
yourthings,dns,q,AAAA,False,0.00014,1,
yourthings,dns,q,AAAA,False,0.000149,1,
yourthings,dns,q,AAAA,False,0.000303,1,
yourthings,dns,q,TXT,False,1.4e-05,25,
yourthings,dns,q,TXT,False,1.5e-05,45,
yourthings,dns,q,TXT,False,1.6e-05,6,
yourthings,dns,q,TXT,False,1.7e-05,32,
yourthings,dns,q,TXT,False,1.8e-05,30,
yourthings,dns,q,TXT,False,1.9e-05,29,
yourthings,dns,q,TXT,False,2e-05,21,
yourthings,dns,q,TXT,False,2.1e-05,9,
yourthings,dns,q,TXT,False,2.3e-05,,2
yourthings,dns,q,TXT,False,2.4e-05,,6
yourthings,dns,q,TXT,False,2.5e-05,,35
yourthings,dns,q,TXT,False,2.6e-05,,59
yourthings,dns,q,TXT,False,2.7e-05,,22
yourthings,dns,q,TXT,False,2.8e-05,,38
yourthings,dns,q,TXT,False,2.9e-05,,33
yourthings,dns,q,TXT,False,3e-05,,2
yourthings,dns,q,PTR,False,1.5e-05,5,
yourthings,dns,q,PTR,False,1.6e-05,31,
yourthings,dns,q,PTR,False,1.7e-05,369,
yourthings,dns,q,PTR,False,1.8e-05,3313,
yourthings,dns,q,PTR,False,1.9e-05,5354,
yourthings,dns,q,PTR,False,2e-05,1704,
yourthings,dns,q,PTR,False,2.1e-05,167,
yourthings,dns,q,PTR,False,2.2e-05,113,2
yourthings,dns,q,PTR,False,2.3e-05,268,18
yourthings,dns,q,PTR,False,2.4e-05,108,46
yourthings,dns,q,PTR,False,2.5e-05,26,164
yourthings,dns,q,PTR,False,2.6e-05,4,2049
yourthings,dns,q,PTR,False,2.7e-05,,4467
yourthings,dns,q,PTR,False,2.8e-05,2,2997
yourthings,dns,q,PTR,False,2.9e-05,2,1296
yourthings,dns,q,PTR,False,3e-05,1,336
yourthings,dns,q,PTR,False,3.1e-05,1,63
yourthings,dns,q,PTR,False,3.2e-05,,24
yourthings,dns,q,PTR,False,3.3e-05,,24
yourthings,dns,q,PTR,False,3.4e-05,1,25
yourthings,dns,q,PTR,False,3.5e-05,13,9
yourthings,dns,q,PTR,False,3.6e-05,30,3
yourthings,dns,q,PTR,False,3.7e-05,11,2
yourthings,dns,q,PTR,False,3.8e-05,7,1
yourthings,dns,q,PTR,False,4.1e-05,,3
yourthings,dns,q,PTR,False,4.4e-05,,1
yourthings,dns,q,PTR,False,5.6e-05,1,
yourthings,dns,q,PTR,False,6.2e-05,,1
yourthings,dns,q,SRV,False,1.8e-05,1,
yourthings,dns,q,SRV,False,1.9e-05,23,
yourthings,dns,q,SRV,False,2e-05,40,
yourthings,dns,q,SRV,False,2.1e-05,13,
yourthings,dns,q,SRV,False,2.2e-05,7,
yourthings,dns,q,SRV,False,2.3e-05,6,
yourthings,dns,q,SRV,False,2.6e-05,,5
yourthings,dns,q,SRV,False,2.7e-05,,22
yourthings,dns,q,SRV,False,2.8e-05,,41
yourthings,dns,q,SRV,False,2.9e-05,,14
yourthings,dns,q,SRV,False,3e-05,,6
yourthings,dns,q,SRV,False,3.1e-05,,1
yourthings,dns,q,SRV,False,3.2e-05,,1
yourthings,dns,r,A,True,3.2e-05,1,
yourthings,dns,r,A,True,3.3e-05,4,
yourthings,dns,r,A,True,3.4e-05,16,
yourthings,dns,r,A,True,3.5e-05,15,6
yourthings,dns,r,A,True,3.6e-05,14,9
yourthings,dns,r,A,True,3.7e-05,46,6
yourthings,dns,r,A,True,3.8e-05,96,12
yourthings,dns,r,A,True,3.9e-05,103,55
yourthings,dns,r,A,True,4e-05,66,107
yourthings,dns,r,A,True,4.1e-05,34,84
yourthings,dns,r,A,True,4.2e-05,10,64
yourthings,dns,r,A,True,4.3e-05,7,48
yourthings,dns,r,A,True,4.4e-05,8,24
yourthings,dns,r,A,True,4.5e-05,4,8
yourthings,dns,r,A,True,4.6e-05,2,
yourthings,dns,r,A,True,4.7e-05,2,3
yourthings,dns,r,A,True,4.8e-05,,3
yourthings,dns,r,A,True,4.9e-05,,1
yourthings,dns,r,A,True,5e-05,,1
yourthings,dns,r,A,True,5.1e-05,,3
yourthings,dns,r,A,True,5.2e-05,1,
yourthings,dns,r,A,True,5.3e-05,2,
yourthings,dns,r,A,True,5.4e-05,1,
yourthings,dns,r,A,True,5.5e-05,3,1
yourthings,dns,r,A,True,5.9e-05,,1
yourthings,dns,r,A,True,6e-05,,1
yourthings,dns,r,A,True,6.1e-05,,7
yourthings,dns,r,A,True,6.2e-05,,17
yourthings,dns,r,A,True,6.3e-05,,16
yourthings,dns,r,A,True,6.4e-05,,17
yourthings,dns,r,A,True,6.5e-05,,16
yourthings,dns,r,A,True,6.6e-05,,21
yourthings,dns,r,A,True,6.7e-05,,11
yourthings,dns,r,A,True,6.8e-05,,16
yourthings,dns,r,A,True,6.9e-05,,4
yourthings,dns,r,A,True,7e-05,,5
yourthings,dns,r,A,True,7.1e-05,,5
yourthings,dns,r,A,True,7.2e-05,,3
yourthings,dns,r,A,True,7.3e-05,,3
yourthings,dns,r,A,True,7.4e-05,,1
yourthings,dns,r,A,True,7.6e-05,,1
yourthings,dns,r,A,True,7.8e-05,,13
yourthings,dns,r,A,True,7.9e-05,,19
yourthings,dns,r,A,True,8e-05,,43
yourthings,dns,r,A,True,8.1e-05,,97
yourthings,dns,r,A,True,8.2e-05,,122
yourthings,dns,r,A,True,8.3e-05,,122
yourthings,dns,r,A,True,8.4e-05,1,83
yourthings,dns,r,A,True,8.5e-05,1,67
yourthings,dns,r,A,True,8.6e-05,15,51
yourthings,dns,r,A,True,8.7e-05,8,46
yourthings,dns,r,A,True,8.8e-05,6,35
yourthings,dns,r,A,True,8.9e-05,13,22
yourthings,dns,r,A,True,9e-05,10,17
yourthings,dns,r,A,True,9.1e-05,8,9
yourthings,dns,r,A,True,9.2e-05,10,2
yourthings,dns,r,A,True,9.3e-05,9,2
yourthings,dns,r,A,True,9.4e-05,2,
yourthings,dns,r,A,True,9.5e-05,2,
yourthings,dns,r,A,True,9.6e-05,7,
yourthings,dns,r,A,True,9.7e-05,2,
yourthings,dns,r,A,True,9.8e-05,4,
yourthings,dns,r,A,True,9.9e-05,2,
yourthings,dns,r,A,True,0.0001,2,
yourthings,dns,r,A,True,0.000101,1,
yourthings,dns,r,A,True,0.000103,2,
yourthings,dns,r,A,True,0.000104,,1
yourthings,dns,r,A,True,0.000119,1,
yourthings,dns,r,A,True,0.00012,1,
yourthings,dns,r,A,True,0.000122,6,
yourthings,dns,r,A,True,0.000123,4,
yourthings,dns,r,A,True,0.000125,8,
yourthings,dns,r,A,True,0.000126,2,
yourthings,dns,r,A,True,0.000127,2,
yourthings,dns,r,A,True,0.000128,1,
yourthings,dns,r,A,True,0.000129,3,
yourthings,dns,r,A,True,0.00013,2,
yourthings,dns,r,A,True,0.000131,3,
yourthings,dns,r,A,True,0.000133,1,
yourthings,dns,r,A,True,0.000134,2,
yourthings,dns,r,A,True,0.000136,1,
yourthings,dns,r,A,True,0.00014,1,
yourthings,dns,r,A,True,0.000144,1,
yourthings,dns,r,A,True,0.000151,1,
yourthings,dns,r,A,True,0.000158,1,
yourthings,dns,r,A,True,0.000163,2,
yourthings,dns,r,A,True,0.000165,2,
yourthings,dns,r,A,True,0.000166,1,
yourthings,dns,r,A,True,0.000167,2,
yourthings,dns,r,A,True,0.000168,3,
yourthings,dns,r,A,True,0.000169,2,
yourthings,dns,r,A,True,0.00017,5,
yourthings,dns,r,A,True,0.000171,4,
yourthings,dns,r,A,True,0.000172,1,
yourthings,dns,r,A,True,0.000173,4,
yourthings,dns,r,A,True,0.000174,9,
yourthings,dns,r,A,True,0.000175,11,
yourthings,dns,r,A,True,0.000176,14,
yourthings,dns,r,A,True,0.000177,13,
yourthings,dns,r,A,True,0.000178,23,
yourthings,dns,r,A,True,0.000179,25,
yourthings,dns,r,A,True,0.00018,29,
yourthings,dns,r,A,True,0.000181,26,
yourthings,dns,r,A,True,0.000182,48,
yourthings,dns,r,A,True,0.000183,63,
yourthings,dns,r,A,True,0.000184,43,
yourthings,dns,r,A,True,0.000185,52,
yourthings,dns,r,A,True,0.000186,51,
yourthings,dns,r,A,True,0.000187,47,
yourthings,dns,r,A,True,0.000188,37,
yourthings,dns,r,A,True,0.000189,21,
yourthings,dns,r,A,True,0.00019,18,
yourthings,dns,r,A,True,0.000191,25,
yourthings,dns,r,A,True,0.000192,26,
yourthings,dns,r,A,True,0.000193,21,
yourthings,dns,r,A,True,0.000194,22,
yourthings,dns,r,A,True,0.000195,16,
yourthings,dns,r,A,True,0.000196,14,
yourthings,dns,r,A,True,0.000197,16,
yourthings,dns,r,A,True,0.000198,12,
yourthings,dns,r,A,True,0.000199,12,
yourthings,dns,r,A,True,0.0002,6,
yourthings,dns,r,A,True,0.000201,10,
yourthings,dns,r,A,True,0.000202,2,
yourthings,dns,r,A,True,0.000203,4,
yourthings,dns,r,A,True,0.000204,1,
yourthings,dns,r,A,True,0.000205,2,
yourthings,dns,r,A,True,0.000206,2,
yourthings,dns,r,A,True,0.000207,1,
yourthings,dns,r,A,True,0.000209,1,
yourthings,dns,r,A,True,0.00021,1,
yourthings,dns,r,A,False,1.6e-05,1,
yourthings,dns,r,A,False,1.7e-05,2,
yourthings,dns,r,A,False,1.8e-05,6,
yourthings,dns,r,A,False,1.9e-05,2,
yourthings,dns,r,A,False,2.7e-05,,1
yourthings,dns,r,A,False,2.8e-05,,3
yourthings,dns,r,A,False,2.9e-05,,2
yourthings,dns,r,A,False,3e-05,,2
yourthings,dns,r,A,False,3.1e-05,,2
yourthings,dns,r,A,False,3.8e-05,,1
yourthings,dns,r,A,False,7e-05,,1
yourthings,dns,r,A,False,0.000152,1,
yourthings,dns,r,AAAA,True,2.6e-05,1,
yourthings,dns,r,AAAA,True,2.8e-05,8,
yourthings,dns,r,AAAA,True,2.9e-05,4,
yourthings,dns,r,AAAA,True,3e-05,14,
yourthings,dns,r,AAAA,True,3.1e-05,28,
yourthings,dns,r,AAAA,True,3.2e-05,41,1
yourthings,dns,r,AAAA,True,3.3e-05,123,1
yourthings,dns,r,AAAA,True,3.4e-05,798,16
yourthings,dns,r,AAAA,True,3.5e-05,2220,18
yourthings,dns,r,AAAA,True,3.6e-05,2546,46
yourthings,dns,r,AAAA,True,3.7e-05,1811,117
yourthings,dns,r,AAAA,True,3.8e-05,1023,825
yourthings,dns,r,AAAA,True,3.9e-05,982,2237
yourthings,dns,r,AAAA,True,4e-05,1931,2715
yourthings,dns,r,AAAA,True,4.1e-05,2633,2969
yourthings,dns,r,AAAA,True,4.2e-05,2019,3514
yourthings,dns,r,AAAA,True,4.3e-05,1079,2617
yourthings,dns,r,AAAA,True,4.4e-05,416,1493
yourthings,dns,r,AAAA,True,4.5e-05,124,773
yourthings,dns,r,AAAA,True,4.6e-05,21,331
yourthings,dns,r,AAAA,True,4.7e-05,5,109
yourthings,dns,r,AAAA,True,4.8e-05,7,38
yourthings,dns,r,AAAA,True,4.9e-05,4,42
yourthings,dns,r,AAAA,True,5e-05,2,43
yourthings,dns,r,AAAA,True,5.1e-05,9,35
yourthings,dns,r,AAAA,True,5.2e-05,15,26
yourthings,dns,r,AAAA,True,5.3e-05,20,27
yourthings,dns,r,AAAA,True,5.4e-05,21,102
yourthings,dns,r,AAAA,True,5.5e-05,26,98
yourthings,dns,r,AAAA,True,5.6e-05,16,100
yourthings,dns,r,AAAA,True,5.7e-05,18,98
yourthings,dns,r,AAAA,True,5.8e-05,19,149
yourthings,dns,r,AAAA,True,5.9e-05,20,448
yourthings,dns,r,AAAA,True,6e-05,10,2220
yourthings,dns,r,AAAA,True,6.1e-05,4,5973
yourthings,dns,r,AAAA,True,6.2e-05,8,9218
yourthings,dns,r,AAAA,True,6.3e-05,3,10468
yourthings,dns,r,AAAA,True,6.4e-05,1,8721
yourthings,dns,r,AAAA,True,6.5e-05,,6046
yourthings,dns,r,AAAA,True,6.6e-05,,4109
yourthings,dns,r,AAAA,True,6.7e-05,,2997
yourthings,dns,r,AAAA,True,6.8e-05,,1970
yourthings,dns,r,AAAA,True,6.9e-05,,1069
yourthings,dns,r,AAAA,True,7e-05,,450
yourthings,dns,r,AAAA,True,7.1e-05,,166
yourthings,dns,r,AAAA,True,7.2e-05,,69
yourthings,dns,r,AAAA,True,7.3e-05,1,49
yourthings,dns,r,AAAA,True,7.4e-05,,17
yourthings,dns,r,AAAA,True,7.5e-05,,10
yourthings,dns,r,AAAA,True,7.6e-05,,10
yourthings,dns,r,AAAA,True,7.7e-05,,11
yourthings,dns,r,AAAA,True,7.8e-05,1,10
yourthings,dns,r,AAAA,True,7.9e-05,7,6
yourthings,dns,r,AAAA,True,8e-05,45,7
yourthings,dns,r,AAAA,True,8.1e-05,75,3
yourthings,dns,r,AAAA,True,8.2e-05,60,6
yourthings,dns,r,AAAA,True,8.3e-05,51,2
yourthings,dns,r,AAAA,True,8.4e-05,47,3
yourthings,dns,r,AAAA,True,8.5e-05,80,4
yourthings,dns,r,AAAA,True,8.6e-05,81,3
yourthings,dns,r,AAAA,True,8.7e-05,109,3
yourthings,dns,r,AAAA,True,8.8e-05,357,
yourthings,dns,r,AAAA,True,8.9e-05,1110,3
yourthings,dns,r,AAAA,True,9e-05,2694,1
yourthings,dns,r,AAAA,True,9.1e-05,4478,
yourthings,dns,r,AAAA,True,9.2e-05,5811,1
yourthings,dns,r,AAAA,True,9.3e-05,6724,1
yourthings,dns,r,AAAA,True,9.4e-05,6992,3
yourthings,dns,r,AAAA,True,9.5e-05,5906,
yourthings,dns,r,AAAA,True,9.6e-05,4443,1
yourthings,dns,r,AAAA,True,9.7e-05,3496,1
yourthings,dns,r,AAAA,True,9.8e-05,2708,
yourthings,dns,r,AAAA,True,9.9e-05,2181,
yourthings,dns,r,AAAA,True,0.0001,1700,
yourthings,dns,r,AAAA,True,0.000101,1268,
yourthings,dns,r,AAAA,True,0.000102,874,1
yourthings,dns,r,AAAA,True,0.000103,503,1
yourthings,dns,r,AAAA,True,0.000104,259,1
yourthings,dns,r,AAAA,True,0.000105,122,
yourthings,dns,r,AAAA,True,0.000106,75,
yourthings,dns,r,AAAA,True,0.000107,33,
yourthings,dns,r,AAAA,True,0.000108,31,
yourthings,dns,r,AAAA,True,0.000109,14,
yourthings,dns,r,AAAA,True,0.00011,11,
yourthings,dns,r,AAAA,True,0.000111,7,
yourthings,dns,r,AAAA,True,0.000112,8,
yourthings,dns,r,AAAA,True,0.000113,11,
yourthings,dns,r,AAAA,True,0.000114,3,
yourthings,dns,r,AAAA,True,0.000115,10,
yourthings,dns,r,AAAA,True,0.000116,5,
yourthings,dns,r,AAAA,True,0.000117,3,1
yourthings,dns,r,AAAA,True,0.000118,6,
yourthings,dns,r,AAAA,True,0.000119,2,
yourthings,dns,r,AAAA,True,0.00012,2,
yourthings,dns,r,AAAA,True,0.000121,3,
yourthings,dns,r,AAAA,True,0.000122,4,1
yourthings,dns,r,AAAA,True,0.000123,6,1
yourthings,dns,r,AAAA,True,0.000124,,1
yourthings,dns,r,AAAA,True,0.000125,3,
yourthings,dns,r,AAAA,True,0.000126,4,1
yourthings,dns,r,AAAA,True,0.000127,4,
yourthings,dns,r,AAAA,True,0.000128,4,
yourthings,dns,r,AAAA,True,0.000129,5,1
yourthings,dns,r,AAAA,True,0.00013,21,
yourthings,dns,r,AAAA,True,0.000131,52,
yourthings,dns,r,AAAA,True,0.000132,79,
yourthings,dns,r,AAAA,True,0.000133,112,
yourthings,dns,r,AAAA,True,0.000134,114,
yourthings,dns,r,AAAA,True,0.000135,111,
yourthings,dns,r,AAAA,True,0.000136,123,
yourthings,dns,r,AAAA,True,0.000137,119,1
yourthings,dns,r,AAAA,True,0.000138,125,1
yourthings,dns,r,AAAA,True,0.000139,105,
yourthings,dns,r,AAAA,True,0.00014,103,1
yourthings,dns,r,AAAA,True,0.000141,124,
yourthings,dns,r,AAAA,True,0.000142,122,
yourthings,dns,r,AAAA,True,0.000143,108,
yourthings,dns,r,AAAA,True,0.000144,119,
yourthings,dns,r,AAAA,True,0.000145,103,
yourthings,dns,r,AAAA,True,0.000146,84,
yourthings,dns,r,AAAA,True,0.000147,62,
yourthings,dns,r,AAAA,True,0.000148,49,1
yourthings,dns,r,AAAA,True,0.000149,39,1
yourthings,dns,r,AAAA,True,0.00015,19,1
yourthings,dns,r,AAAA,True,0.000151,34,
yourthings,dns,r,AAAA,True,0.000152,19,
yourthings,dns,r,AAAA,True,0.000153,18,
yourthings,dns,r,AAAA,True,0.000154,23,
yourthings,dns,r,AAAA,True,0.000155,16,
yourthings,dns,r,AAAA,True,0.000156,10,
yourthings,dns,r,AAAA,True,0.000157,11,
yourthings,dns,r,AAAA,True,0.000158,1,
yourthings,dns,r,AAAA,True,0.000159,5,
yourthings,dns,r,AAAA,True,0.00016,7,
yourthings,dns,r,AAAA,True,0.000161,8,
yourthings,dns,r,AAAA,True,0.000162,9,
yourthings,dns,r,AAAA,True,0.000163,9,
yourthings,dns,r,AAAA,True,0.000164,13,
yourthings,dns,r,AAAA,True,0.000165,9,
yourthings,dns,r,AAAA,True,0.000166,12,
yourthings,dns,r,AAAA,True,0.000167,8,
yourthings,dns,r,AAAA,True,0.000168,14,
yourthings,dns,r,AAAA,True,0.000169,6,
yourthings,dns,r,AAAA,True,0.00017,9,
yourthings,dns,r,AAAA,True,0.000171,5,
yourthings,dns,r,AAAA,True,0.000172,8,
yourthings,dns,r,AAAA,True,0.000173,2,
yourthings,dns,r,AAAA,True,0.000174,2,
yourthings,dns,r,AAAA,True,0.000175,6,
yourthings,dns,r,AAAA,True,0.000176,3,
yourthings,dns,r,AAAA,True,0.000179,3,
yourthings,dns,r,AAAA,True,0.000181,1,
yourthings,dns,r,AAAA,True,0.000208,1,
yourthings,dns,r,AAAA,True,0.000213,1,
yourthings,dns,r,AAAA,True,0.000238,1,
yourthings,dns,r,AAAA,False,1.5e-05,1,
yourthings,dns,r,AAAA,False,1.6e-05,108,
yourthings,dns,r,AAAA,False,1.7e-05,633,
yourthings,dns,r,AAAA,False,1.8e-05,288,
yourthings,dns,r,AAAA,False,1.9e-05,33,
yourthings,dns,r,AAAA,False,2e-05,8,
yourthings,dns,r,AAAA,False,2.1e-05,6,
yourthings,dns,r,AAAA,False,2.4e-05,,1
yourthings,dns,r,AAAA,False,2.5e-05,,2
yourthings,dns,r,AAAA,False,2.6e-05,,60
yourthings,dns,r,AAAA,False,2.7e-05,,313
yourthings,dns,r,AAAA,False,2.8e-05,,393
yourthings,dns,r,AAAA,False,2.9e-05,,218
yourthings,dns,r,AAAA,False,3e-05,,72
yourthings,dns,r,AAAA,False,3.1e-05,,11
yourthings,dns,r,AAAA,False,3.2e-05,,3
yourthings,dns,r,AAAA,False,3.3e-05,,1
yourthings,dns,r,AAAA,False,3.4e-05,,1
yourthings,dns,r,AAAA,False,3.5e-05,,1
yourthings,dns,r,AAAA,False,3.8e-05,,1
yourthings,dns,r,AAAA,False,4.5e-05,,1
yourthings,dns,r,AAAA,False,5e-05,,6
yourthings,dns,r,AAAA,False,5.1e-05,,28
yourthings,dns,r,AAAA,False,5.2e-05,,38
yourthings,dns,r,AAAA,False,5.3e-05,,25
yourthings,dns,r,AAAA,False,5.4e-05,,8
yourthings,dns,r,AAAA,False,5.5e-05,,12
yourthings,dns,r,AAAA,False,5.6e-05,,6
yourthings,dns,r,AAAA,False,5.7e-05,,1
yourthings,dns,r,AAAA,False,6.3e-05,1,
yourthings,dns,r,AAAA,False,6.9e-05,1,
yourthings,dns,r,AAAA,False,7e-05,4,
yourthings,dns,r,AAAA,False,7.1e-05,11,
yourthings,dns,r,AAAA,False,7.2e-05,16,
yourthings,dns,r,AAAA,False,7.3e-05,27,
yourthings,dns,r,AAAA,False,7.4e-05,22,
yourthings,dns,r,AAAA,False,7.5e-05,13,
yourthings,dns,r,AAAA,False,7.6e-05,11,
yourthings,dns,r,AAAA,False,7.7e-05,5,
yourthings,dns,r,AAAA,False,7.8e-05,7,
yourthings,dns,r,AAAA,False,7.9e-05,2,
yourthings,dns,r,AAAA,False,8e-05,2,
yourthings,dns,r,AAAA,False,8.2e-05,1,
yourthings,dns,r,AAAA,False,8.3e-05,1,
yourthings,dns,r,AAAA,False,0.000118,1,
yourthings,dns,r,TXT,True,4.2e-05,,13
yourthings,dns,r,TXT,True,4.3e-05,5,12
yourthings,dns,r,TXT,True,4.4e-05,15,10
yourthings,dns,r,TXT,True,4.5e-05,10,5
yourthings,dns,r,TXT,True,4.6e-05,9,
yourthings,dns,r,TXT,True,4.7e-05,1,
yourthings,dns,r,PTR,True,3.9e-05,5,
yourthings,dns,r,PTR,True,4e-05,62,
yourthings,dns,r,PTR,True,4.1e-05,173,13
yourthings,dns,r,PTR,True,4.2e-05,388,123
yourthings,dns,r,PTR,True,4.3e-05,387,298
yourthings,dns,r,PTR,True,4.4e-05,250,441
yourthings,dns,r,PTR,True,4.5e-05,109,286
yourthings,dns,r,PTR,True,4.6e-05,23,144
yourthings,dns,r,PTR,True,4.7e-05,4,65
yourthings,dns,r,PTR,True,4.8e-05,,25
yourthings,dns,r,PTR,True,4.9e-05,1,5
yourthings,dns,r,PTR,True,5e-05,,1
yourthings,dns,r,PTR,True,5.2e-05,1,
yourthings,dns,r,PTR,True,5.7e-05,,2
yourthings,dns,r,PTR,True,5.8e-05,,7
yourthings,dns,r,PTR,True,5.9e-05,,6
yourthings,dns,r,PTR,True,6e-05,,6
yourthings,dns,r,PTR,True,6.1e-05,,8
yourthings,dns,r,PTR,True,6.2e-05,,6
yourthings,dns,r,PTR,True,6.3e-05,,18
yourthings,dns,r,PTR,True,6.4e-05,,111
yourthings,dns,r,PTR,True,6.5e-05,,321
yourthings,dns,r,PTR,True,6.6e-05,,582
yourthings,dns,r,PTR,True,6.7e-05,,805
yourthings,dns,r,PTR,True,6.8e-05,,823
yourthings,dns,r,PTR,True,6.9e-05,,684
yourthings,dns,r,PTR,True,7e-05,,538
yourthings,dns,r,PTR,True,7.1e-05,,367
yourthings,dns,r,PTR,True,7.2e-05,,256
yourthings,dns,r,PTR,True,7.3e-05,,150
yourthings,dns,r,PTR,True,7.4e-05,3,90
yourthings,dns,r,PTR,True,7.5e-05,1,47
yourthings,dns,r,PTR,True,7.6e-05,11,20
yourthings,dns,r,PTR,True,7.7e-05,9,10
yourthings,dns,r,PTR,True,7.8e-05,7,5
yourthings,dns,r,PTR,True,8e-05,2,2
yourthings,dns,r,PTR,True,8.1e-05,,1
yourthings,dns,r,PTR,True,8.2e-05,2,3
yourthings,dns,r,PTR,True,8.3e-05,1,2
yourthings,dns,r,PTR,True,8.4e-05,,1
yourthings,dns,r,PTR,True,8.8e-05,,1
yourthings,dns,r,PTR,True,9e-05,,1
yourthings,dns,r,PTR,True,9.1e-05,,1
yourthings,dns,r,PTR,True,0.000101,1,
yourthings,dns,r,PTR,True,0.000102,,1
yourthings,dns,r,PTR,True,0.000113,4,
yourthings,dns,r,PTR,True,0.000114,7,
yourthings,dns,r,PTR,True,0.000115,8,
yourthings,dns,r,PTR,True,0.000116,12,
yourthings,dns,r,PTR,True,0.000117,3,
yourthings,dns,r,PTR,True,0.000118,8,
yourthings,dns,r,PTR,True,0.000119,8,
yourthings,dns,r,PTR,True,0.00012,9,
yourthings,dns,r,PTR,True,0.000121,12,
yourthings,dns,r,PTR,True,0.000122,4,
yourthings,dns,r,PTR,True,0.000123,5,
yourthings,dns,r,PTR,True,0.000124,6,
yourthings,dns,r,PTR,True,0.000125,2,
yourthings,dns,r,PTR,True,0.000126,4,
yourthings,dns,r,PTR,True,0.000127,8,
yourthings,dns,r,PTR,True,0.000128,5,
yourthings,dns,r,PTR,True,0.000129,1,
yourthings,dns,r,PTR,True,0.00013,7,
yourthings,dns,r,PTR,True,0.000131,3,
yourthings,dns,r,PTR,True,0.000132,3,
yourthings,dns,r,PTR,True,0.000133,8,
yourthings,dns,r,PTR,True,0.000134,38,
yourthings,dns,r,PTR,True,0.000135,81,
yourthings,dns,r,PTR,True,0.000136,139,
yourthings,dns,r,PTR,True,0.000137,208,
yourthings,dns,r,PTR,True,0.000138,277,
yourthings,dns,r,PTR,True,0.000139,304,
yourthings,dns,r,PTR,True,0.00014,367,
yourthings,dns,r,PTR,True,0.000141,362,
yourthings,dns,r,PTR,True,0.000142,362,
yourthings,dns,r,PTR,True,0.000143,304,
yourthings,dns,r,PTR,True,0.000144,295,
yourthings,dns,r,PTR,True,0.000145,249,
yourthings,dns,r,PTR,True,0.000146,209,
yourthings,dns,r,PTR,True,0.000147,166,
yourthings,dns,r,PTR,True,0.000148,132,
yourthings,dns,r,PTR,True,0.000149,104,
yourthings,dns,r,PTR,True,0.00015,80,
yourthings,dns,r,PTR,True,0.000151,73,
yourthings,dns,r,PTR,True,0.000152,53,
yourthings,dns,r,PTR,True,0.000153,45,
yourthings,dns,r,PTR,True,0.000154,22,
yourthings,dns,r,PTR,True,0.000155,25,
yourthings,dns,r,PTR,True,0.000156,8,
yourthings,dns,r,PTR,True,0.000158,2,
yourthings,dns,r,PTR,True,0.000159,1,
yourthings,dns,r,PTR,True,0.00016,5,
yourthings,dns,r,PTR,True,0.000161,1,
yourthings,dns,r,PTR,True,0.000162,1,
yourthings,dns,r,PTR,True,0.000163,3,
yourthings,dns,r,PTR,True,0.000164,1,
yourthings,dns,r,PTR,True,0.000168,1,
yourthings,dns,r,PTR,True,0.00017,2,
yourthings,dns,r,PTR,True,0.000171,1,
yourthings,dns,r,PTR,True,0.000173,1,
yourthings,dns,r,PTR,True,0.000174,2,
yourthings,dns,r,PTR,True,0.000175,1,
yourthings,dns,r,PTR,True,0.000176,2,
yourthings,dns,r,PTR,True,0.000177,1,
yourthings,dns,r,PTR,True,0.000178,2,
yourthings,dns,r,PTR,True,0.000179,4,
yourthings,dns,r,PTR,True,0.00018,10,
yourthings,dns,r,PTR,True,0.000181,19,
yourthings,dns,r,PTR,True,0.000182,27,
yourthings,dns,r,PTR,True,0.000183,27,
yourthings,dns,r,PTR,True,0.000184,35,
yourthings,dns,r,PTR,True,0.000185,40,
yourthings,dns,r,PTR,True,0.000186,48,
yourthings,dns,r,PTR,True,0.000187,56,
yourthings,dns,r,PTR,True,0.000188,56,
yourthings,dns,r,PTR,True,0.000189,49,
yourthings,dns,r,PTR,True,0.00019,70,
yourthings,dns,r,PTR,True,0.000191,46,
yourthings,dns,r,PTR,True,0.000192,53,
yourthings,dns,r,PTR,True,0.000193,42,
yourthings,dns,r,PTR,True,0.000194,27,
yourthings,dns,r,PTR,True,0.000195,24,
yourthings,dns,r,PTR,True,0.000196,25,
yourthings,dns,r,PTR,True,0.000197,26,
yourthings,dns,r,PTR,True,0.000198,17,
yourthings,dns,r,PTR,True,0.000199,19,
yourthings,dns,r,PTR,True,0.0002,10,
yourthings,dns,r,PTR,True,0.000201,8,
yourthings,dns,r,PTR,True,0.000202,11,
yourthings,dns,r,PTR,True,0.000203,8,
yourthings,dns,r,PTR,True,0.000204,6,
yourthings,dns,r,PTR,True,0.000205,3,
yourthings,dns,r,PTR,True,0.000206,6,
yourthings,dns,r,PTR,True,0.000207,1,
yourthings,dns,r,PTR,True,0.000211,2,
yourthings,dns,r,PTR,True,0.000214,2,
yourthings,dns,r,PTR,True,0.000215,1,
yourthings,dns,r,PTR,True,0.000252,1,
yourthings,dns,r,PTR,False,2.1e-05,1,
yourthings,dns,r,PTR,False,3e-05,,1
yourthings,dns,r,PTR,False,5.2e-05,,1
yourthings,dns,r,PTR,False,5.7e-05,,1
yourthings,dns,r,PTR,False,0.000118,1,
yourthings,dns,r,PTR,False,0.000128,1,
