dataset,protocol,msg,qtype,w_query,x,application/cbor+dns;packed=lite decode,application/cbor+dns;packed=lite encode
iotfinder,dns,r,A,False,6.9e-05,3,
iotfinder,dns,r,A,False,7e-05,4,
iotfinder,dns,r,A,False,7.1e-05,7,
iotfinder,dns,r,A,False,7.2e-05,8,
iotfinder,dns,r,A,False,7.3e-05,14,
iotfinder,dns,r,A,False,7.4e-05,10,
iotfinder,dns,r,A,False,7.5e-05,6,
iotfinder,dns,r,A,False,7.6e-05,2,
iotfinder,dns,r,A,False,7.7e-05,3,
iotfinder,dns,r,A,False,7.8e-05,13,
iotfinder,dns,r,A,False,7.9e-05,7,
iotfinder,dns,r,A,False,8e-05,1,
iotfinder,dns,r,A,False,9.3e-05,,3
iotfinder,dns,r,A,False,9.4e-05,,7
iotfinder,dns,r,A,False,9.5e-05,,2
iotfinder,dns,r,A,False,9.6e-05,,2
iotfinder,dns,r,A,False,9.7e-05,,10
iotfinder,dns,r,A,False,9.8e-05,,9
iotfinder,dns,r,A,False,9.9e-05,,10
iotfinder,dns,r,A,False,0.0001,,6
iotfinder,dns,r,A,False,0.000101,,3
iotfinder,dns,r,A,False,0.000102,,6
iotfinder,dns,r,A,False,0.000103,,4
iotfinder,dns,r,A,False,0.000104,,4
iotfinder,dns,r,A,False,0.000105,,4
iotfinder,dns,r,A,False,0.000106,,5
iotfinder,dns,r,A,False,0.000107,,2
iotfinder,dns,r,A,False,0.000108,,1
iotfinder,dns,r,A,False,0.000163,1,
iotfinder,dns,r,A,False,0.000165,3,
iotfinder,dns,r,A,False,0.000166,5,
iotfinder,dns,r,A,False,0.000167,15,
iotfinder,dns,r,A,False,0.000168,21,
iotfinder,dns,r,A,False,0.000169,25,
iotfinder,dns,r,A,False,0.00017,27,
iotfinder,dns,r,A,False,0.000171,20,
iotfinder,dns,r,A,False,0.000172,12,
iotfinder,dns,r,A,False,0.000173,12,
iotfinder,dns,r,A,False,0.000174,22,
iotfinder,dns,r,A,False,0.000175,18,
iotfinder,dns,r,A,False,0.000176,31,
iotfinder,dns,r,A,False,0.000177,31,
iotfinder,dns,r,A,False,0.000178,45,
iotfinder,dns,r,A,False,0.000179,76,
iotfinder,dns,r,A,False,0.00018,128,
iotfinder,dns,r,A,False,0.000181,189,
iotfinder,dns,r,A,False,0.000182,349,
iotfinder,dns,r,A,False,0.000183,725,
iotfinder,dns,r,A,False,0.000184,1078,
iotfinder,dns,r,A,False,0.000185,1510,
iotfinder,dns,r,A,False,0.000186,2194,
iotfinder,dns,r,A,False,0.000187,2864,
iotfinder,dns,r,A,False,0.000188,3335,
iotfinder,dns,r,A,False,0.000189,3721,1
iotfinder,dns,r,A,False,0.00019,3810,4
iotfinder,dns,r,A,False,0.000191,3905,4
iotfinder,dns,r,A,False,0.000192,4022,
iotfinder,dns,r,A,False,0.000193,4353,4
iotfinder,dns,r,A,False,0.000194,4568,3
iotfinder,dns,r,A,False,0.000195,4554,3
iotfinder,dns,r,A,False,0.000196,4932,7
iotfinder,dns,r,A,False,0.000197,4624,4
iotfinder,dns,r,A,False,0.000198,4555,6
iotfinder,dns,r,A,False,0.000199,4036,5
iotfinder,dns,r,A,False,0.0002,3592,12
iotfinder,dns,r,A,False,0.000201,3274,8
iotfinder,dns,r,A,False,0.000202,2758,10
iotfinder,dns,r,A,False,0.000203,2630,11
iotfinder,dns,r,A,False,0.000204,2200,1
iotfinder,dns,r,A,False,0.000205,2031,4
iotfinder,dns,r,A,False,0.000206,1760,5
iotfinder,dns,r,A,False,0.000207,1508,8
iotfinder,dns,r,A,False,0.000208,1238,13
iotfinder,dns,r,A,False,0.000209,1073,19
iotfinder,dns,r,A,False,0.00021,862,22
iotfinder,dns,r,A,False,0.000211,673,41
iotfinder,dns,r,A,False,0.000212,541,17
iotfinder,dns,r,A,False,0.000213,445,16
iotfinder,dns,r,A,False,0.000214,341,20
iotfinder,dns,r,A,False,0.000215,223,11
iotfinder,dns,r,A,False,0.000216,175,24
iotfinder,dns,r,A,False,0.000217,129,34
iotfinder,dns,r,A,False,0.000218,87,46
iotfinder,dns,r,A,False,0.000219,67,79
iotfinder,dns,r,A,False,0.00022,33,103
iotfinder,dns,r,A,False,0.000221,31,153
iotfinder,dns,r,A,False,0.000222,18,200
iotfinder,dns,r,A,False,0.000223,11,238
iotfinder,dns,r,A,False,0.000224,10,278
iotfinder,dns,r,A,False,0.000225,7,387
iotfinder,dns,r,A,False,0.000226,7,500
iotfinder,dns,r,A,False,0.000227,6,687
iotfinder,dns,r,A,False,0.000228,4,905
iotfinder,dns,r,A,False,0.000229,2,1211
iotfinder,dns,r,A,False,0.00023,2,1568
iotfinder,dns,r,A,False,0.000231,,1969
iotfinder,dns,r,A,False,0.000232,4,2410
iotfinder,dns,r,A,False,0.000233,,2762
iotfinder,dns,r,A,False,0.000234,6,3089
iotfinder,dns,r,A,False,0.000235,3,3219
iotfinder,dns,r,A,False,0.000236,3,3087
iotfinder,dns,r,A,False,0.000237,2,3279
iotfinder,dns,r,A,False,0.000238,,3199
iotfinder,dns,r,A,False,0.000239,3,3318
iotfinder,dns,r,A,False,0.00024,,3470
iotfinder,dns,r,A,False,0.000241,2,3671
iotfinder,dns,r,A,False,0.000242,,3885
iotfinder,dns,r,A,False,0.000243,2,3965
iotfinder,dns,r,A,False,0.000244,,3804
iotfinder,dns,r,A,False,0.000245,,3716
iotfinder,dns,r,A,False,0.000246,,3474
iotfinder,dns,r,A,False,0.000247,3,3136
iotfinder,dns,r,A,False,0.000248,1,2842
iotfinder,dns,r,A,False,0.000249,1,2668
iotfinder,dns,r,A,False,0.00025,4,2522
iotfinder,dns,r,A,False,0.000251,2,2221
iotfinder,dns,r,A,False,0.000252,1,2019
iotfinder,dns,r,A,False,0.000253,2,1743
iotfinder,dns,r,A,False,0.000254,,1543
iotfinder,dns,r,A,False,0.000255,,1278
iotfinder,dns,r,A,False,0.000256,,1157
iotfinder,dns,r,A,False,0.000257,,1020
iotfinder,dns,r,A,False,0.000258,,836
iotfinder,dns,r,A,False,0.000259,2,682
iotfinder,dns,r,A,False,0.00026,1,618
iotfinder,dns,r,A,False,0.000261,1,474
iotfinder,dns,r,A,False,0.000262,,431
iotfinder,dns,r,A,False,0.000263,1,292
iotfinder,dns,r,A,False,0.000264,,263
iotfinder,dns,r,A,False,0.000265,1,210
iotfinder,dns,r,A,False,0.000266,3,148
iotfinder,dns,r,A,False,0.000267,,122
iotfinder,dns,r,A,False,0.000268,1,62
iotfinder,dns,r,A,False,0.000269,1,68
iotfinder,dns,r,A,False,0.00027,1,50
iotfinder,dns,r,A,False,0.000271,4,39
iotfinder,dns,r,A,False,0.000272,3,37
iotfinder,dns,r,A,False,0.000273,,27
iotfinder,dns,r,A,False,0.000274,,14
iotfinder,dns,r,A,False,0.000275,,9
iotfinder,dns,r,A,False,0.000276,1,7
iotfinder,dns,r,A,False,0.000277,,5
iotfinder,dns,r,A,False,0.000278,,9
iotfinder,dns,r,A,False,0.000279,1,5
iotfinder,dns,r,A,False,0.00028,,3
iotfinder,dns,r,A,False,0.000281,1,2
iotfinder,dns,r,A,False,0.000282,,1
iotfinder,dns,r,A,False,0.000283,,3
iotfinder,dns,r,A,False,0.000284,1,
iotfinder,dns,r,A,False,0.000285,,1
iotfinder,dns,r,A,False,0.000286,2,4
iotfinder,dns,r,A,False,0.000287,1,1
iotfinder,dns,r,A,False,0.000288,,2
iotfinder,dns,r,A,False,0.000289,,1
iotfinder,dns,r,A,False,0.00029,,1
iotfinder,dns,r,A,False,0.000291,,2
iotfinder,dns,r,A,False,0.000292,1,2
iotfinder,dns,r,A,False,0.000293,1,1
iotfinder,dns,r,A,False,0.000295,,1
iotfinder,dns,r,A,False,0.000296,1,1
iotfinder,dns,r,A,False,0.000298,,3
iotfinder,dns,r,A,False,0.000299,,1
iotfinder,dns,r,A,False,0.0003,,2
iotfinder,dns,r,A,False,0.000302,,1
iotfinder,dns,r,A,False,0.000304,,1
iotfinder,dns,r,A,False,0.000305,,3
iotfinder,dns,r,A,False,0.000306,1,1
iotfinder,dns,r,A,False,0.000307,,1
iotfinder,dns,r,A,False,0.000308,,3
iotfinder,dns,r,A,False,0.000309,,2
iotfinder,dns,r,A,False,0.000312,,1
iotfinder,dns,r,A,False,0.000313,1,4
iotfinder,dns,r,A,False,0.000314,,3
iotfinder,dns,r,A,False,0.000315,,2
iotfinder,dns,r,A,False,0.000316,,1
iotfinder,dns,r,A,False,0.000317,,3
iotfinder,dns,r,A,False,0.000318,,1
iotfinder,dns,r,A,False,0.000319,,1
iotfinder,dns,r,A,False,0.00032,,2
iotfinder,dns,r,A,False,0.000321,,1
iotfinder,dns,r,A,False,0.000322,1,
iotfinder,dns,r,A,False,0.000323,1,1
iotfinder,dns,r,A,False,0.000324,,1
iotfinder,dns,r,A,False,0.000325,,2
iotfinder,dns,r,A,False,0.000326,,2
iotfinder,dns,r,A,False,0.000327,,1
iotfinder,dns,r,A,False,0.000328,,3
iotfinder,dns,r,A,False,0.00034,1,1
iotfinder,dns,r,A,False,0.000342,1,1
iotfinder,dns,r,A,False,0.000344,1,
iotfinder,dns,r,A,False,0.000345,,1
iotfinder,dns,r,A,False,0.000346,,1
iotfinder,dns,r,A,False,0.000347,,1
iotfinder,dns,r,A,False,0.000351,,1
iotfinder,dns,r,A,False,0.000352,,1
iotfinder,dns,r,A,False,0.000355,2,
iotfinder,dns,r,A,False,0.000359,1,
iotfinder,dns,r,A,False,0.00036,1,
iotfinder,dns,r,A,False,0.000362,1,1
iotfinder,dns,r,A,False,0.000365,,1
iotfinder,dns,r,A,False,0.00037,,1
iotfinder,dns,r,A,False,0.000373,1,
iotfinder,dns,r,A,False,0.000377,,1
iotfinder,dns,r,A,False,0.000388,,1
iotfinder,dns,r,A,False,0.0004,,1
iotfinder,dns,r,A,False,0.000402,,1
iotfinder,dns,r,A,False,0.000407,,1
iotfinder,dns,r,A,False,0.000408,2,1
iotfinder,dns,r,A,False,0.000417,,1
iotfinder,dns,r,A,False,0.000418,,1
iotfinder,dns,r,A,False,0.000442,1,1
iotfinder,dns,r,A,False,0.000452,,1
iotfinder,dns,r,A,False,0.000474,1,
iotfinder,dns,r,A,False,0.000476,1,
iotfinder,dns,r,A,False,0.000478,,1
iotfinder,dns,r,A,False,0.000514,1,
iotfinder,dns,r,A,False,0.000526,1,
iotfinder,dns,r,A,False,0.000571,,1
iotfinder,dns,r,A,False,0.0006,,1
iotfinder,dns,r,AAAA,False,6.8e-05,3,
iotfinder,dns,r,AAAA,False,6.9e-05,142,
iotfinder,dns,r,AAAA,False,7e-05,165,
iotfinder,dns,r,AAAA,False,7.1e-05,67,
iotfinder,dns,r,AAAA,False,7.2e-05,69,
iotfinder,dns,r,AAAA,False,7.3e-05,125,
iotfinder,dns,r,AAAA,False,7.4e-05,340,
iotfinder,dns,r,AAAA,False,7.5e-05,1615,
iotfinder,dns,r,AAAA,False,7.6e-05,6563,
iotfinder,dns,r,AAAA,False,7.7e-05,15412,
iotfinder,dns,r,AAAA,False,7.8e-05,23674,
iotfinder,dns,r,AAAA,False,7.9e-05,27069,
iotfinder,dns,r,AAAA,False,8e-05,29992,
iotfinder,dns,r,AAAA,False,8.1e-05,33232,
iotfinder,dns,r,AAAA,False,8.2e-05,30375,
iotfinder,dns,r,AAAA,False,8.3e-05,23980,2
iotfinder,dns,r,AAAA,False,8.4e-05,18186,26
iotfinder,dns,r,AAAA,False,8.5e-05,13549,69
iotfinder,dns,r,AAAA,False,8.6e-05,10218,142
iotfinder,dns,r,AAAA,False,8.7e-05,7123,129
iotfinder,dns,r,AAAA,False,8.8e-05,4529,47
iotfinder,dns,r,AAAA,False,8.9e-05,2590,64
iotfinder,dns,r,AAAA,False,9e-05,1307,188
iotfinder,dns,r,AAAA,False,9.1e-05,591,569
iotfinder,dns,r,AAAA,False,9.2e-05,252,1865
iotfinder,dns,r,AAAA,False,9.3e-05,122,5222
iotfinder,dns,r,AAAA,False,9.4e-05,62,10297
iotfinder,dns,r,AAAA,False,9.5e-05,48,16425
iotfinder,dns,r,AAAA,False,9.6e-05,38,20396
iotfinder,dns,r,AAAA,False,9.7e-05,33,22174
iotfinder,dns,r,AAAA,False,9.8e-05,28,23998
iotfinder,dns,r,AAAA,False,9.9e-05,23,26260
iotfinder,dns,r,AAAA,False,0.0001,20,25897
iotfinder,dns,r,AAAA,False,0.000101,15,22711
iotfinder,dns,r,AAAA,False,0.000102,14,18765
iotfinder,dns,r,AAAA,False,0.000103,13,14661
iotfinder,dns,r,AAAA,False,0.000104,12,11743
iotfinder,dns,r,AAAA,False,0.000105,9,9083
iotfinder,dns,r,AAAA,False,0.000106,15,7023
iotfinder,dns,r,AAAA,False,0.000107,9,4963
iotfinder,dns,r,AAAA,False,0.000108,6,3592
iotfinder,dns,r,AAAA,False,0.000109,12,2285
iotfinder,dns,r,AAAA,False,0.00011,19,1345
iotfinder,dns,r,AAAA,False,0.000111,23,719
iotfinder,dns,r,AAAA,False,0.000112,52,367
iotfinder,dns,r,AAAA,False,0.000113,98,205
iotfinder,dns,r,AAAA,False,0.000114,155,89
iotfinder,dns,r,AAAA,False,0.000115,234,56
iotfinder,dns,r,AAAA,False,0.000116,345,47
iotfinder,dns,r,AAAA,False,0.000117,473,27
iotfinder,dns,r,AAAA,False,0.000118,479,23
iotfinder,dns,r,AAAA,False,0.000119,555,28
iotfinder,dns,r,AAAA,False,0.00012,582,28
iotfinder,dns,r,AAAA,False,0.000121,605,14
iotfinder,dns,r,AAAA,False,0.000122,719,11
iotfinder,dns,r,AAAA,False,0.000123,838,9
iotfinder,dns,r,AAAA,False,0.000124,869,11
iotfinder,dns,r,AAAA,False,0.000125,868,10
iotfinder,dns,r,AAAA,False,0.000126,870,11
iotfinder,dns,r,AAAA,False,0.000127,857,6
iotfinder,dns,r,AAAA,False,0.000128,840,3
iotfinder,dns,r,AAAA,False,0.000129,827,4
iotfinder,dns,r,AAAA,False,0.00013,723,8
iotfinder,dns,r,AAAA,False,0.000131,690,4
iotfinder,dns,r,AAAA,False,0.000132,643,2
iotfinder,dns,r,AAAA,False,0.000133,696,
iotfinder,dns,r,AAAA,False,0.000134,583,5
iotfinder,dns,r,AAAA,False,0.000135,515,6
iotfinder,dns,r,AAAA,False,0.000136,496,4
iotfinder,dns,r,AAAA,False,0.000137,421,1
iotfinder,dns,r,AAAA,False,0.000138,340,5
iotfinder,dns,r,AAAA,False,0.000139,317,5
iotfinder,dns,r,AAAA,False,0.00014,232,15
iotfinder,dns,r,AAAA,False,0.000141,215,9
iotfinder,dns,r,AAAA,False,0.000142,202,18
iotfinder,dns,r,AAAA,False,0.000143,168,30
iotfinder,dns,r,AAAA,False,0.000144,217,38
iotfinder,dns,r,AAAA,False,0.000145,228,75
iotfinder,dns,r,AAAA,False,0.000146,227,100
iotfinder,dns,r,AAAA,False,0.000147,242,172
iotfinder,dns,r,AAAA,False,0.000148,207,220
iotfinder,dns,r,AAAA,False,0.000149,208,267
iotfinder,dns,r,AAAA,False,0.00015,248,301
iotfinder,dns,r,AAAA,False,0.000151,277,383
iotfinder,dns,r,AAAA,False,0.000152,267,436
iotfinder,dns,r,AAAA,False,0.000153,255,451
iotfinder,dns,r,AAAA,False,0.000154,213,476
iotfinder,dns,r,AAAA,False,0.000155,199,494
iotfinder,dns,r,AAAA,False,0.000156,183,587
iotfinder,dns,r,AAAA,False,0.000157,144,569
iotfinder,dns,r,AAAA,False,0.000158,123,525
iotfinder,dns,r,AAAA,False,0.000159,82,556
iotfinder,dns,r,AAAA,False,0.00016,62,518
iotfinder,dns,r,AAAA,False,0.000161,40,513
iotfinder,dns,r,AAAA,False,0.000162,30,531
iotfinder,dns,r,AAAA,False,0.000163,38,482
iotfinder,dns,r,AAAA,False,0.000164,38,501
iotfinder,dns,r,AAAA,False,0.000165,19,409
iotfinder,dns,r,AAAA,False,0.000166,12,412
iotfinder,dns,r,AAAA,False,0.000167,13,380
iotfinder,dns,r,AAAA,False,0.000168,8,367
iotfinder,dns,r,AAAA,False,0.000169,3,351
iotfinder,dns,r,AAAA,False,0.00017,2,335
iotfinder,dns,r,AAAA,False,0.000171,1,301
iotfinder,dns,r,AAAA,False,0.000172,3,301
iotfinder,dns,r,AAAA,False,0.000173,2,246
iotfinder,dns,r,AAAA,False,0.000174,2,228
iotfinder,dns,r,AAAA,False,0.000175,,232
iotfinder,dns,r,AAAA,False,0.000176,1,233
iotfinder,dns,r,AAAA,False,0.000177,1,264
iotfinder,dns,r,AAAA,False,0.000178,,234
iotfinder,dns,r,AAAA,False,0.000179,2,237
iotfinder,dns,r,AAAA,False,0.00018,1,192
iotfinder,dns,r,AAAA,False,0.000181,,197
iotfinder,dns,r,AAAA,False,0.000182,1,192
iotfinder,dns,r,AAAA,False,0.000183,,198
iotfinder,dns,r,AAAA,False,0.000184,2,209
iotfinder,dns,r,AAAA,False,0.000185,3,168
iotfinder,dns,r,AAAA,False,0.000186,,161
iotfinder,dns,r,AAAA,False,0.000187,,167
iotfinder,dns,r,AAAA,False,0.000188,1,155
iotfinder,dns,r,AAAA,False,0.000189,,150
iotfinder,dns,r,AAAA,False,0.00019,1,100
iotfinder,dns,r,AAAA,False,0.000191,,106
iotfinder,dns,r,AAAA,False,0.000192,,104
iotfinder,dns,r,AAAA,False,0.000193,,86
iotfinder,dns,r,AAAA,False,0.000194,,123
iotfinder,dns,r,AAAA,False,0.000195,1,121
iotfinder,dns,r,AAAA,False,0.000196,,105
iotfinder,dns,r,AAAA,False,0.000197,,137
iotfinder,dns,r,AAAA,False,0.000198,1,102
iotfinder,dns,r,AAAA,False,0.000199,1,108
iotfinder,dns,r,AAAA,False,0.0002,,83
iotfinder,dns,r,AAAA,False,0.000201,,81
iotfinder,dns,r,AAAA,False,0.000202,2,88
iotfinder,dns,r,AAAA,False,0.000203,,53
iotfinder,dns,r,AAAA,False,0.000204,,74
iotfinder,dns,r,AAAA,False,0.000205,2,72
iotfinder,dns,r,AAAA,False,0.000206,,53
iotfinder,dns,r,AAAA,False,0.000207,,51
iotfinder,dns,r,AAAA,False,0.000208,1,44
iotfinder,dns,r,AAAA,False,0.000209,,51
iotfinder,dns,r,AAAA,False,0.00021,1,47
iotfinder,dns,r,AAAA,False,0.000211,1,44
iotfinder,dns,r,AAAA,False,0.000212,1,36
iotfinder,dns,r,AAAA,False,0.000213,1,35
iotfinder,dns,r,AAAA,False,0.000214,,23
iotfinder,dns,r,AAAA,False,0.000215,,25
iotfinder,dns,r,AAAA,False,0.000216,,22
iotfinder,dns,r,AAAA,False,0.000217,,23
iotfinder,dns,r,AAAA,False,0.000218,,12
iotfinder,dns,r,AAAA,False,0.000219,,18
iotfinder,dns,r,AAAA,False,0.00022,,20
iotfinder,dns,r,AAAA,False,0.000221,,7
iotfinder,dns,r,AAAA,False,0.000222,,7
iotfinder,dns,r,AAAA,False,0.000223,1,9
iotfinder,dns,r,AAAA,False,0.000224,,4
iotfinder,dns,r,AAAA,False,0.000225,,4
iotfinder,dns,r,AAAA,False,0.000226,,4
iotfinder,dns,r,AAAA,False,0.000227,,3
iotfinder,dns,r,AAAA,False,0.000228,,7
iotfinder,dns,r,AAAA,False,0.000229,,5
iotfinder,dns,r,AAAA,False,0.00023,,11
iotfinder,dns,r,AAAA,False,0.000231,,24
iotfinder,dns,r,AAAA,False,0.000232,,30
iotfinder,dns,r,AAAA,False,0.000233,,54
iotfinder,dns,r,AAAA,False,0.000234,,65
iotfinder,dns,r,AAAA,False,0.000235,,77
iotfinder,dns,r,AAAA,False,0.000236,,103
iotfinder,dns,r,AAAA,False,0.000237,,113
iotfinder,dns,r,AAAA,False,0.000238,,127
iotfinder,dns,r,AAAA,False,0.000239,,141
iotfinder,dns,r,AAAA,False,0.00024,,129
iotfinder,dns,r,AAAA,False,0.000241,1,123
iotfinder,dns,r,AAAA,False,0.000242,4,121
iotfinder,dns,r,AAAA,False,0.000243,1,135
iotfinder,dns,r,AAAA,False,0.000244,4,131
iotfinder,dns,r,AAAA,False,0.000245,2,150
iotfinder,dns,r,AAAA,False,0.000246,,172
iotfinder,dns,r,AAAA,False,0.000247,1,171
iotfinder,dns,r,AAAA,False,0.000248,1,172
iotfinder,dns,r,AAAA,False,0.000249,,153
iotfinder,dns,r,AAAA,False,0.00025,,142
iotfinder,dns,r,AAAA,False,0.000251,,142
iotfinder,dns,r,AAAA,False,0.000252,1,147
iotfinder,dns,r,AAAA,False,0.000253,1,119
iotfinder,dns,r,AAAA,False,0.000254,,106
iotfinder,dns,r,AAAA,False,0.000255,,91
iotfinder,dns,r,AAAA,False,0.000256,,78
iotfinder,dns,r,AAAA,False,0.000257,,62
iotfinder,dns,r,AAAA,False,0.000258,,57
iotfinder,dns,r,AAAA,False,0.000259,,60
iotfinder,dns,r,AAAA,False,0.00026,,39
iotfinder,dns,r,AAAA,False,0.000261,,33
iotfinder,dns,r,AAAA,False,0.000262,,27
iotfinder,dns,r,AAAA,False,0.000263,,39
iotfinder,dns,r,AAAA,False,0.000264,,16
iotfinder,dns,r,AAAA,False,0.000265,,31
iotfinder,dns,r,AAAA,False,0.000266,,16
iotfinder,dns,r,AAAA,False,0.000267,,19
iotfinder,dns,r,AAAA,False,0.000268,,16
iotfinder,dns,r,AAAA,False,0.000269,,11
iotfinder,dns,r,AAAA,False,0.00027,,10
iotfinder,dns,r,AAAA,False,0.000271,,8
iotfinder,dns,r,AAAA,False,0.000272,,7
iotfinder,dns,r,AAAA,False,0.000273,,2
iotfinder,dns,r,AAAA,False,0.000274,,3
iotfinder,dns,r,AAAA,False,0.000275,,1
iotfinder,dns,r,AAAA,False,0.000277,,3
iotfinder,dns,r,AAAA,False,0.000278,,1
iotfinder,dns,r,AAAA,False,0.000279,1,1
iotfinder,dns,r,AAAA,False,0.000282,1,
iotfinder,dns,r,AAAA,False,0.000283,,1
iotfinder,dns,r,AAAA,False,0.000285,,1
iotfinder,dns,r,AAAA,False,0.000293,2,1
iotfinder,dns,r,AAAA,False,0.000294,1,1
iotfinder,dns,r,AAAA,False,0.000295,2,
iotfinder,dns,r,AAAA,False,0.000299,,1
iotfinder,dns,r,AAAA,False,0.000301,,1
iotfinder,dns,r,AAAA,False,0.000305,,1
iotfinder,dns,r,AAAA,False,0.000308,1,
iotfinder,dns,r,AAAA,False,0.00031,,1
iotfinder,dns,r,AAAA,False,0.000313,1,
iotfinder,dns,r,AAAA,False,0.000316,,1
iotfinder,dns,r,AAAA,False,0.000333,,1
iotfinder,dns,r,AAAA,False,0.000334,,1
iotfinder,dns,r,AAAA,False,0.000335,1,
iotfinder,dns,r,AAAA,False,0.000351,,1
iotfinder,dns,r,AAAA,False,0.000352,,1
iotfinder,dns,r,AAAA,False,0.000354,,1
iotfinder,dns,r,AAAA,False,0.000355,,1
iotfinder,dns,r,AAAA,False,0.000398,,1
iotfinder,dns,r,AAAA,False,0.00051,,1
iotfinder,dns,r,AAAA,False,0.000514,,1
iotfinder,dns,r,AAAA,False,0.000538,,1
iotfinder,dns,r,AAAA,False,0.000553,,1
iotfinder,dns,r,PTR,False,8.8e-05,8,
iotfinder,dns,r,PTR,False,8.9e-05,113,
iotfinder,dns,r,PTR,False,9e-05,51,
iotfinder,dns,r,PTR,False,9.1e-05,7,
iotfinder,dns,r,PTR,False,9.2e-05,4,
iotfinder,dns,r,PTR,False,9.4e-05,4,
iotfinder,dns,r,PTR,False,9.5e-05,28,
iotfinder,dns,r,PTR,False,9.6e-05,172,
iotfinder,dns,r,PTR,False,9.7e-05,337,
iotfinder,dns,r,PTR,False,9.8e-05,456,
iotfinder,dns,r,PTR,False,9.9e-05,592,
iotfinder,dns,r,PTR,False,0.0001,731,
iotfinder,dns,r,PTR,False,0.000101,751,
iotfinder,dns,r,PTR,False,0.000102,686,
iotfinder,dns,r,PTR,False,0.000103,691,
iotfinder,dns,r,PTR,False,0.000104,597,
iotfinder,dns,r,PTR,False,0.000105,500,
iotfinder,dns,r,PTR,False,0.000106,384,
iotfinder,dns,r,PTR,False,0.000107,256,
iotfinder,dns,r,PTR,False,0.000108,260,
iotfinder,dns,r,PTR,False,0.000109,268,
iotfinder,dns,r,PTR,False,0.00011,173,1
iotfinder,dns,r,PTR,False,0.000111,121,
iotfinder,dns,r,PTR,False,0.000112,71,
iotfinder,dns,r,PTR,False,0.000113,56,
iotfinder,dns,r,PTR,False,0.000114,39,
iotfinder,dns,r,PTR,False,0.000115,27,
iotfinder,dns,r,PTR,False,0.000116,19,1
iotfinder,dns,r,PTR,False,0.000117,26,29
iotfinder,dns,r,PTR,False,0.000118,73,67
iotfinder,dns,r,PTR,False,0.000119,168,62
iotfinder,dns,r,PTR,False,0.00012,328,23
iotfinder,dns,r,PTR,False,0.000121,510,10
iotfinder,dns,r,PTR,False,0.000122,634,5
iotfinder,dns,r,PTR,False,0.000123,627,14
iotfinder,dns,r,PTR,False,0.000124,655,6
iotfinder,dns,r,PTR,False,0.000125,755,6
iotfinder,dns,r,PTR,False,0.000126,736,25
iotfinder,dns,r,PTR,False,0.000127,790,129
iotfinder,dns,r,PTR,False,0.000128,684,198
iotfinder,dns,r,PTR,False,0.000129,655,265
iotfinder,dns,r,PTR,False,0.00013,521,334
iotfinder,dns,r,PTR,False,0.000131,418,484
iotfinder,dns,r,PTR,False,0.000132,357,583
iotfinder,dns,r,PTR,False,0.000133,278,567
iotfinder,dns,r,PTR,False,0.000134,221,568
iotfinder,dns,r,PTR,False,0.000135,165,567
iotfinder,dns,r,PTR,False,0.000136,125,500
iotfinder,dns,r,PTR,False,0.000137,87,474
iotfinder,dns,r,PTR,False,0.000138,59,446
iotfinder,dns,r,PTR,False,0.000139,31,359
iotfinder,dns,r,PTR,False,0.00014,21,273
iotfinder,dns,r,PTR,False,0.000141,16,265
iotfinder,dns,r,PTR,False,0.000142,7,227
iotfinder,dns,r,PTR,False,0.000143,5,231
iotfinder,dns,r,PTR,False,0.000144,5,199
iotfinder,dns,r,PTR,False,0.000145,1,142
iotfinder,dns,r,PTR,False,0.000146,1,84
iotfinder,dns,r,PTR,False,0.000147,1,81
iotfinder,dns,r,PTR,False,0.000148,6,64
iotfinder,dns,r,PTR,False,0.000149,,36
iotfinder,dns,r,PTR,False,0.00015,1,22
iotfinder,dns,r,PTR,False,0.000151,3,27
iotfinder,dns,r,PTR,False,0.000152,,21
iotfinder,dns,r,PTR,False,0.000153,3,31
iotfinder,dns,r,PTR,False,0.000154,1,60
iotfinder,dns,r,PTR,False,0.000155,1,144
iotfinder,dns,r,PTR,False,0.000156,1,242
iotfinder,dns,r,PTR,False,0.000157,,309
iotfinder,dns,r,PTR,False,0.000158,1,356
iotfinder,dns,r,PTR,False,0.000159,1,395
iotfinder,dns,r,PTR,False,0.00016,,366
iotfinder,dns,r,PTR,False,0.000161,3,412
iotfinder,dns,r,PTR,False,0.000162,4,424
iotfinder,dns,r,PTR,False,0.000163,6,483
iotfinder,dns,r,PTR,False,0.000164,7,482
iotfinder,dns,r,PTR,False,0.000165,10,426
iotfinder,dns,r,PTR,False,0.000166,24,475
iotfinder,dns,r,PTR,False,0.000167,36,423
iotfinder,dns,r,PTR,False,0.000168,50,377
iotfinder,dns,r,PTR,False,0.000169,46,337
iotfinder,dns,r,PTR,False,0.00017,54,318
iotfinder,dns,r,PTR,False,0.000171,27,278
iotfinder,dns,r,PTR,False,0.000172,40,276
iotfinder,dns,r,PTR,False,0.000173,30,255
iotfinder,dns,r,PTR,False,0.000174,33,204
iotfinder,dns,r,PTR,False,0.000175,30,180
iotfinder,dns,r,PTR,False,0.000176,41,169
iotfinder,dns,r,PTR,False,0.000177,41,163
iotfinder,dns,r,PTR,False,0.000178,49,140
iotfinder,dns,r,PTR,False,0.000179,32,162
iotfinder,dns,r,PTR,False,0.00018,27,137
iotfinder,dns,r,PTR,False,0.000181,21,139
iotfinder,dns,r,PTR,False,0.000182,22,97
iotfinder,dns,r,PTR,False,0.000183,20,115
iotfinder,dns,r,PTR,False,0.000184,16,78
iotfinder,dns,r,PTR,False,0.000185,15,84
iotfinder,dns,r,PTR,False,0.000186,18,73
iotfinder,dns,r,PTR,False,0.000187,14,66
iotfinder,dns,r,PTR,False,0.000188,11,58
iotfinder,dns,r,PTR,False,0.000189,10,41
iotfinder,dns,r,PTR,False,0.00019,8,28
iotfinder,dns,r,PTR,False,0.000191,12,17
iotfinder,dns,r,PTR,False,0.000192,7,20
iotfinder,dns,r,PTR,False,0.000193,7,21
iotfinder,dns,r,PTR,False,0.000194,5,18
iotfinder,dns,r,PTR,False,0.000195,7,14
iotfinder,dns,r,PTR,False,0.000196,4,10
iotfinder,dns,r,PTR,False,0.000197,3,8
iotfinder,dns,r,PTR,False,0.000198,5,5
iotfinder,dns,r,PTR,False,0.000199,3,8
iotfinder,dns,r,PTR,False,0.0002,3,5
iotfinder,dns,r,PTR,False,0.000201,3,10
iotfinder,dns,r,PTR,False,0.000202,1,3
iotfinder,dns,r,PTR,False,0.000203,3,9
iotfinder,dns,r,PTR,False,0.000204,1,15
iotfinder,dns,r,PTR,False,0.000205,2,10
iotfinder,dns,r,PTR,False,0.000206,3,19
iotfinder,dns,r,PTR,False,0.000207,1,16
iotfinder,dns,r,PTR,False,0.000208,1,18
iotfinder,dns,r,PTR,False,0.000209,,13
iotfinder,dns,r,PTR,False,0.00021,1,12
iotfinder,dns,r,PTR,False,0.000211,,16
iotfinder,dns,r,PTR,False,0.000212,,16
iotfinder,dns,r,PTR,False,0.000213,,18
iotfinder,dns,r,PTR,False,0.000214,,17
iotfinder,dns,r,PTR,False,0.000215,,24
iotfinder,dns,r,PTR,False,0.000216,,28
iotfinder,dns,r,PTR,False,0.000217,,26
iotfinder,dns,r,PTR,False,0.000218,,24
iotfinder,dns,r,PTR,False,0.000219,,39
iotfinder,dns,r,PTR,False,0.00022,,36
iotfinder,dns,r,PTR,False,0.000221,,29
iotfinder,dns,r,PTR,False,0.000222,,25
iotfinder,dns,r,PTR,False,0.000223,,24
iotfinder,dns,r,PTR,False,0.000224,,31
iotfinder,dns,r,PTR,False,0.000225,,21
iotfinder,dns,r,PTR,False,0.000226,,16
iotfinder,dns,r,PTR,False,0.000227,,22
iotfinder,dns,r,PTR,False,0.000228,,37
iotfinder,dns,r,PTR,False,0.000229,,26
iotfinder,dns,r,PTR,False,0.00023,,26
iotfinder,dns,r,PTR,False,0.000231,,31
iotfinder,dns,r,PTR,False,0.000232,,24
iotfinder,dns,r,PTR,False,0.000233,,25
iotfinder,dns,r,PTR,False,0.000234,,9
iotfinder,dns,r,PTR,False,0.000235,,14
iotfinder,dns,r,PTR,False,0.000236,,10
iotfinder,dns,r,PTR,False,0.000237,,13
iotfinder,dns,r,PTR,False,0.000238,,13
iotfinder,dns,r,PTR,False,0.000239,,11
iotfinder,dns,r,PTR,False,0.00024,,16
iotfinder,dns,r,PTR,False,0.000241,,12
iotfinder,dns,r,PTR,False,0.000242,,8
iotfinder,dns,r,PTR,False,0.000243,,9
iotfinder,dns,r,PTR,False,0.000244,,3
iotfinder,dns,r,PTR,False,0.000245,,7
iotfinder,dns,r,PTR,False,0.000246,,8
iotfinder,dns,r,PTR,False,0.000247,,8
iotfinder,dns,r,PTR,False,0.000248,,4
iotfinder,dns,r,PTR,False,0.000249,,1
iotfinder,dns,r,PTR,False,0.00025,,2
iotfinder,dns,r,PTR,False,0.000251,,2
iotfinder,dns,r,PTR,False,0.000252,,2
iotfinder,dns,r,PTR,False,0.000253,,1
iotfinder,dns,r,PTR,False,0.000254,,1
iotfinder,dns,r,PTR,False,0.000255,,1
iotfinder,dns,r,PTR,False,0.000256,,1
iotfinder,dns,r,PTR,False,0.000257,,1
iotfinder,dns,r,PTR,False,0.00026,,1
iotfinder,dns,r,PTR,False,0.000261,,2
iotfinder,dns,r,PTR,False,0.000274,,1
iotfinder,dns,r,PTR,False,0.000287,1,
iotfinder,dns,r,PTR,False,0.00029,1,
iotfinder,dns,r,PTR,False,0.000292,1,
iotfinder,dns,r,PTR,False,0.000293,,1
iotfinder,dns,r,PTR,False,0.000326,,1
iotfinder,dns,r,PTR,False,0.000328,,2
iotfinder,dns,r,PTR,False,0.000332,,1
iotfinder,dns,r,PTR,False,0.000333,,1
iotfinder,dns,r,PTR,False,0.000368,,1
iotfinder,dns,r,PTR,False,0.000369,,1
iotfinder,dns,r,PTR,False,0.000486,,1
moniotr,dns,r,A,True,7.2e-05,2,
moniotr,dns,r,A,True,7.7e-05,1,
moniotr,dns,r,A,True,7.8e-05,3,
moniotr,dns,r,A,True,7.9e-05,16,
moniotr,dns,r,A,True,8e-05,3,
moniotr,dns,r,A,True,8.1e-05,5,
moniotr,dns,r,A,True,9.4e-05,,1
moniotr,dns,r,A,True,9.6e-05,,1
moniotr,dns,r,A,True,0.000102,,1
moniotr,dns,r,A,True,0.000103,,8
moniotr,dns,r,A,True,0.000104,,9
moniotr,dns,r,A,True,0.000105,,4
moniotr,dns,r,A,True,0.000106,,3
moniotr,dns,r,A,True,0.000107,,3
moniotr,dns,r,A,True,0.000162,2,
moniotr,dns,r,A,True,0.000163,1,
moniotr,dns,r,A,True,0.000168,1,
moniotr,dns,r,A,True,0.000169,1,
moniotr,dns,r,A,True,0.00017,2,
moniotr,dns,r,A,True,0.000175,1,
moniotr,dns,r,A,True,0.000176,3,
moniotr,dns,r,A,True,0.000177,2,
moniotr,dns,r,A,True,0.000178,1,
moniotr,dns,r,A,True,0.00018,1,
moniotr,dns,r,A,True,0.000181,3,
moniotr,dns,r,A,True,0.000182,5,
moniotr,dns,r,A,True,0.000183,2,
moniotr,dns,r,A,True,0.000184,2,
moniotr,dns,r,A,True,0.000185,4,
moniotr,dns,r,A,True,0.000186,4,
moniotr,dns,r,A,True,0.000187,1,
moniotr,dns,r,A,True,0.000188,3,
moniotr,dns,r,A,True,0.00019,2,
moniotr,dns,r,A,True,0.000191,3,
moniotr,dns,r,A,True,0.000192,5,
moniotr,dns,r,A,True,0.000193,2,
moniotr,dns,r,A,True,0.000194,3,
moniotr,dns,r,A,True,0.000195,4,1
moniotr,dns,r,A,True,0.000196,3,
moniotr,dns,r,A,True,0.000197,1,
moniotr,dns,r,A,True,0.000199,1,
moniotr,dns,r,A,True,0.0002,1,
moniotr,dns,r,A,True,0.000202,4,
moniotr,dns,r,A,True,0.000203,1,
moniotr,dns,r,A,True,0.000204,3,1
moniotr,dns,r,A,True,0.000205,1,1
moniotr,dns,r,A,True,0.000206,3,1
moniotr,dns,r,A,True,0.000207,1,1
moniotr,dns,r,A,True,0.000208,1,1
moniotr,dns,r,A,True,0.000209,1,
moniotr,dns,r,A,True,0.000212,3,
moniotr,dns,r,A,True,0.000213,3,1
moniotr,dns,r,A,True,0.000214,1,
moniotr,dns,r,A,True,0.000215,1,2
moniotr,dns,r,A,True,0.000217,1,
moniotr,dns,r,A,True,0.000218,,1
moniotr,dns,r,A,True,0.000219,2,
moniotr,dns,r,A,True,0.00022,2,3
moniotr,dns,r,A,True,0.000222,,1
moniotr,dns,r,A,True,0.000223,,4
moniotr,dns,r,A,True,0.000224,,2
moniotr,dns,r,A,True,0.000225,,4
moniotr,dns,r,A,True,0.000226,,3
moniotr,dns,r,A,True,0.000227,,3
moniotr,dns,r,A,True,0.000228,,4
moniotr,dns,r,A,True,0.000229,,4
moniotr,dns,r,A,True,0.00023,1,1
moniotr,dns,r,A,True,0.000231,,3
moniotr,dns,r,A,True,0.000232,,2
moniotr,dns,r,A,True,0.000234,,1
moniotr,dns,r,A,True,0.000235,,3
moniotr,dns,r,A,True,0.000236,,4
moniotr,dns,r,A,True,0.000237,,4
moniotr,dns,r,A,True,0.000238,,3
moniotr,dns,r,A,True,0.000239,,1
moniotr,dns,r,A,True,0.00024,,3
moniotr,dns,r,A,True,0.000241,,3
moniotr,dns,r,A,True,0.000243,,1
moniotr,dns,r,A,True,0.000244,,2
moniotr,dns,r,A,True,0.000247,,2
moniotr,dns,r,A,True,0.000248,,3
moniotr,dns,r,A,True,0.000249,,2
moniotr,dns,r,A,True,0.00025,,3
moniotr,dns,r,A,True,0.000251,,5
moniotr,dns,r,A,True,0.000252,,2
moniotr,dns,r,A,True,0.000253,,3
moniotr,dns,r,A,True,0.000258,,1
moniotr,dns,r,A,True,0.000261,,1
moniotr,dns,r,A,True,0.000263,,1
moniotr,dns,r,A,True,0.000265,,1
moniotr,dns,r,A,False,0.000192,1,
moniotr,dns,r,A,False,0.000195,3,
moniotr,dns,r,A,False,0.000196,2,
moniotr,dns,r,A,False,0.000209,1,
moniotr,dns,r,A,False,0.000239,,1
moniotr,dns,r,A,False,0.00024,,2
moniotr,dns,r,A,False,0.000241,,2
moniotr,dns,r,A,False,0.000243,,1
moniotr,dns,r,A,False,0.000254,,1
moniotr,dns,r,AAAA,True,7.3e-05,5,
moniotr,dns,r,AAAA,True,7.4e-05,21,
moniotr,dns,r,AAAA,True,7.5e-05,10,
moniotr,dns,r,AAAA,True,7.6e-05,4,
moniotr,dns,r,AAAA,True,7.7e-05,4,
moniotr,dns,r,AAAA,True,7.8e-05,5,
moniotr,dns,r,AAAA,True,7.9e-05,18,
moniotr,dns,r,AAAA,True,8e-05,32,
moniotr,dns,r,AAAA,True,8.1e-05,23,
moniotr,dns,r,AAAA,True,8.2e-05,43,
moniotr,dns,r,AAAA,True,8.3e-05,69,
moniotr,dns,r,AAAA,True,8.4e-05,29,
moniotr,dns,r,AAAA,True,8.5e-05,13,
moniotr,dns,r,AAAA,True,8.6e-05,29,
moniotr,dns,r,AAAA,True,8.7e-05,21,3
moniotr,dns,r,AAAA,True,8.8e-05,17,11
moniotr,dns,r,AAAA,True,8.9e-05,8,10
moniotr,dns,r,AAAA,True,9e-05,7,5
moniotr,dns,r,AAAA,True,9.1e-05,1,2
moniotr,dns,r,AAAA,True,9.2e-05,,8
moniotr,dns,r,AAAA,True,9.3e-05,,9
moniotr,dns,r,AAAA,True,9.4e-05,3,3
moniotr,dns,r,AAAA,True,9.5e-05,6,10
moniotr,dns,r,AAAA,True,9.6e-05,9,22
moniotr,dns,r,AAAA,True,9.7e-05,3,25
moniotr,dns,r,AAAA,True,9.8e-05,2,34
moniotr,dns,r,AAAA,True,9.9e-05,1,50
moniotr,dns,r,AAAA,True,0.0001,,34
moniotr,dns,r,AAAA,True,0.000101,,32
moniotr,dns,r,AAAA,True,0.000102,,17
moniotr,dns,r,AAAA,True,0.000103,,25
moniotr,dns,r,AAAA,True,0.000104,,13
moniotr,dns,r,AAAA,True,0.000105,,9
moniotr,dns,r,AAAA,True,0.000106,,10
moniotr,dns,r,AAAA,True,0.000107,,11
moniotr,dns,r,AAAA,True,0.000108,,13
moniotr,dns,r,AAAA,True,0.000109,,4
moniotr,dns,r,AAAA,True,0.00011,,1
moniotr,dns,r,AAAA,True,0.000112,,3
moniotr,dns,r,AAAA,True,0.000113,,2
moniotr,dns,r,AAAA,True,0.000114,,5
moniotr,dns,r,AAAA,True,0.000115,,9
moniotr,dns,r,AAAA,True,0.000116,,3
moniotr,dns,r,AAAA,False,7.4e-05,1,
moniotr,dns,r,AAAA,False,7.5e-05,6,
moniotr,dns,r,AAAA,False,7.6e-05,7,
moniotr,dns,r,AAAA,False,7.7e-05,1,
moniotr,dns,r,AAAA,False,7.8e-05,2,
moniotr,dns,r,AAAA,False,9.2e-05,,3
moniotr,dns,r,AAAA,False,9.3e-05,,6
moniotr,dns,r,AAAA,False,9.4e-05,,6
moniotr,dns,r,AAAA,False,9.5e-05,,1
moniotr,dns,r,AAAA,False,0.000102,,1
moniotr,dns,r,PTR,True,0.000115,1,
moniotr,dns,r,PTR,True,0.000116,1,
moniotr,dns,r,PTR,True,0.000125,1,
moniotr,dns,r,PTR,True,0.000127,1,
moniotr,dns,r,PTR,True,0.000129,1,
moniotr,dns,r,PTR,True,0.000135,1,
moniotr,dns,r,PTR,True,0.000163,,1
moniotr,dns,r,PTR,True,0.000165,,1
moniotr,dns,r,PTR,True,0.000179,,1
moniotr,dns,r,PTR,True,0.00018,,1
moniotr,dns,r,PTR,True,0.000183,,1
moniotr,dns,r,PTR,True,0.000199,,1
yourthings,mdns,r,PTR,True,0.000117,1,
yourthings,mdns,r,PTR,True,0.000121,1,
yourthings,mdns,r,PTR,True,0.000122,2,
yourthings,mdns,r,PTR,True,0.000123,1,
yourthings,mdns,r,PTR,True,0.000124,2,
yourthings,mdns,r,PTR,True,0.000125,1,
yourthings,mdns,r,PTR,True,0.000126,1,
yourthings,mdns,r,PTR,True,0.000128,2,
yourthings,mdns,r,PTR,True,0.000129,1,
yourthings,mdns,r,PTR,True,0.00013,1,
yourthings,mdns,r,PTR,True,0.000132,1,
yourthings,mdns,r,PTR,True,0.000133,2,
yourthings,mdns,r,PTR,True,0.000134,1,
yourthings,mdns,r,PTR,True,0.000135,1,
yourthings,mdns,r,PTR,True,0.000138,3,
yourthings,mdns,r,PTR,True,0.000139,1,
yourthings,mdns,r,PTR,True,0.00014,2,
yourthings,mdns,r,PTR,True,0.000151,,2
yourthings,mdns,r,PTR,True,0.000154,,1
yourthings,mdns,r,PTR,True,0.000157,,1
yourthings,mdns,r,PTR,True,0.000158,,1
yourthings,mdns,r,PTR,True,0.00016,,1
yourthings,mdns,r,PTR,True,0.000162,,1
yourthings,mdns,r,PTR,True,0.000163,,2
yourthings,mdns,r,PTR,True,0.000165,,1
yourthings,mdns,r,PTR,True,0.000166,,2
yourthings,mdns,r,PTR,True,0.000167,,1
yourthings,mdns,r,PTR,True,0.000168,,1
yourthings,mdns,r,PTR,True,0.000171,,1
yourthings,mdns,r,PTR,True,0.000173,,1
yourthings,mdns,r,PTR,True,0.000175,,1
yourthings,mdns,r,PTR,True,0.000178,,1
yourthings,mdns,r,PTR,True,0.000179,,1
yourthings,mdns,r,PTR,True,0.000185,,1
yourthings,mdns,r,PTR,True,0.000188,,1
yourthings,mdns,r,PTR,True,0.000193,,1
yourthings,mdns,r,PTR,True,0.0002,,1
yourthings,mdns,r,PTR,True,0.000215,,1
yourthings,dns,r,A,True,2.3e-05,1,
yourthings,dns,r,A,True,2.4e-05,8,
yourthings,dns,r,A,True,2.5e-05,42,
yourthings,dns,r,A,True,2.6e-05,115,
yourthings,dns,r,A,True,2.7e-05,104,
yourthings,dns,r,A,True,2.8e-05,90,
yourthings,dns,r,A,True,2.9e-05,42,
yourthings,dns,r,A,True,3e-05,20,
yourthings,dns,r,A,True,3.1e-05,6,
yourthings,dns,r,A,True,3.3e-05,1,
yourthings,dns,r,A,True,3.4e-05,2,
yourthings,dns,r,A,True,3.5e-05,2,
yourthings,dns,r,A,True,3.6e-05,1,
yourthings,dns,r,A,True,3.7e-05,1,
yourthings,dns,r,A,True,5.7e-05,,3
yourthings,dns,r,A,True,5.8e-05,,19
yourthings,dns,r,A,True,5.9e-05,,49
yourthings,dns,r,A,True,6e-05,,55
yourthings,dns,r,A,True,6.1e-05,,50
yourthings,dns,r,A,True,6.2e-05,,39
yourthings,dns,r,A,True,6.3e-05,,51
yourthings,dns,r,A,True,6.4e-05,,41
yourthings,dns,r,A,True,6.5e-05,,42
yourthings,dns,r,A,True,6.6e-05,,31
yourthings,dns,r,A,True,6.7e-05,,28
yourthings,dns,r,A,True,6.8e-05,,12
yourthings,dns,r,A,True,6.9e-05,,4
yourthings,dns,r,A,True,7e-05,,6
yourthings,dns,r,A,True,7.1e-05,,1
yourthings,dns,r,A,True,7.2e-05,,1
yourthings,dns,r,A,True,7.3e-05,,1
yourthings,dns,r,A,True,7.5e-05,7,1
yourthings,dns,r,A,True,7.6e-05,7,
yourthings,dns,r,A,True,7.7e-05,9,1
yourthings,dns,r,A,True,7.8e-05,13,
yourthings,dns,r,A,True,7.9e-05,7,
yourthings,dns,r,A,True,8e-05,8,
yourthings,dns,r,A,True,8.1e-05,11,
yourthings,dns,r,A,True,8.2e-05,13,
yourthings,dns,r,A,True,8.3e-05,12,
yourthings,dns,r,A,True,8.4e-05,4,
yourthings,dns,r,A,True,8.5e-05,2,
yourthings,dns,r,A,True,8.6e-05,3,
yourthings,dns,r,A,True,8.7e-05,3,
yourthings,dns,r,A,True,8.8e-05,2,
yourthings,dns,r,A,True,8.9e-05,2,
yourthings,dns,r,A,True,9e-05,1,
yourthings,dns,r,A,True,9.5e-05,1,
yourthings,dns,r,A,True,9.9e-05,,1
yourthings,dns,r,A,True,0.0001,,1
yourthings,dns,r,A,True,0.000101,,5
yourthings,dns,r,A,True,0.000102,,6
yourthings,dns,r,A,True,0.000103,,12
yourthings,dns,r,A,True,0.000104,,10
yourthings,dns,r,A,True,0.000105,,7
yourthings,dns,r,A,True,0.000106,,8
yourthings,dns,r,A,True,0.000107,,8
yourthings,dns,r,A,True,0.000108,,12
yourthings,dns,r,A,True,0.000109,,5
yourthings,dns,r,A,True,0.00011,1,10
yourthings,dns,r,A,True,0.000111,,2
yourthings,dns,r,A,True,0.000112,,3
yourthings,dns,r,A,True,0.000113,,7
yourthings,dns,r,A,True,0.000114,,2
yourthings,dns,r,A,True,0.000115,1,2
yourthings,dns,r,A,True,0.000116,3,1
yourthings,dns,r,A,True,0.000117,3,1
yourthings,dns,r,A,True,0.000118,2,
yourthings,dns,r,A,True,0.000119,2,1
yourthings,dns,r,A,True,0.00012,4,
yourthings,dns,r,A,True,0.000121,2,
yourthings,dns,r,A,True,0.000122,4,
yourthings,dns,r,A,True,0.000123,2,
yourthings,dns,r,A,True,0.000124,2,1
yourthings,dns,r,A,True,0.000125,2,
yourthings,dns,r,A,True,0.000127,2,
yourthings,dns,r,A,True,0.000128,3,
yourthings,dns,r,A,True,0.000129,2,
yourthings,dns,r,A,True,0.00013,1,
yourthings,dns,r,A,True,0.000132,1,
yourthings,dns,r,A,True,0.000133,1,
yourthings,dns,r,A,True,0.000142,1,
yourthings,dns,r,A,True,0.000145,1,
yourthings,dns,r,A,True,0.000148,,1
yourthings,dns,r,A,True,0.000156,,1
yourthings,dns,r,A,True,0.000157,,2
yourthings,dns,r,A,True,0.000159,,5
yourthings,dns,r,A,True,0.00016,,4
yourthings,dns,r,A,True,0.000161,,1
yourthings,dns,r,A,True,0.000162,,3
yourthings,dns,r,A,True,0.000163,,3
yourthings,dns,r,A,True,0.000164,,2
yourthings,dns,r,A,True,0.000165,,3
yourthings,dns,r,A,True,0.000166,,5
yourthings,dns,r,A,True,0.000167,,1
yourthings,dns,r,A,True,0.000169,1,1
yourthings,dns,r,A,True,0.00017,1,2
yourthings,dns,r,A,True,0.000171,1,1
yourthings,dns,r,A,True,0.000172,2,1
yourthings,dns,r,A,True,0.000173,3,
yourthings,dns,r,A,True,0.000174,3,1
yourthings,dns,r,A,True,0.000175,2,1
yourthings,dns,r,A,True,0.000176,1,3
yourthings,dns,r,A,True,0.000177,3,
yourthings,dns,r,A,True,0.000178,4,
yourthings,dns,r,A,True,0.000179,5,1
yourthings,dns,r,A,True,0.00018,8,
yourthings,dns,r,A,True,0.000181,6,
yourthings,dns,r,A,True,0.000182,6,
yourthings,dns,r,A,True,0.000183,16,
yourthings,dns,r,A,True,0.000184,19,
yourthings,dns,r,A,True,0.000185,23,
yourthings,dns,r,A,True,0.000186,30,
yourthings,dns,r,A,True,0.000187,36,
yourthings,dns,r,A,True,0.000188,37,
yourthings,dns,r,A,True,0.000189,38,
yourthings,dns,r,A,True,0.00019,49,
yourthings,dns,r,A,True,0.000191,29,
yourthings,dns,r,A,True,0.000192,23,2
yourthings,dns,r,A,True,0.000193,25,1
yourthings,dns,r,A,True,0.000194,33,2
yourthings,dns,r,A,True,0.000195,32,1
yourthings,dns,r,A,True,0.000196,30,
yourthings,dns,r,A,True,0.000197,29,2
yourthings,dns,r,A,True,0.000198,36,1
yourthings,dns,r,A,True,0.000199,31,1
yourthings,dns,r,A,True,0.0002,36,3
yourthings,dns,r,A,True,0.000201,24,1
yourthings,dns,r,A,True,0.000202,20,2
yourthings,dns,r,A,True,0.000203,28,5
yourthings,dns,r,A,True,0.000204,14,1
yourthings,dns,r,A,True,0.000205,10,2
yourthings,dns,r,A,True,0.000206,7,7
yourthings,dns,r,A,True,0.000207,8,7
yourthings,dns,r,A,True,0.000208,7,4
yourthings,dns,r,A,True,0.000209,6,4
yourthings,dns,r,A,True,0.00021,6,5
yourthings,dns,r,A,True,0.000211,6,6
yourthings,dns,r,A,True,0.000212,2,4
yourthings,dns,r,A,True,0.000213,4,4
yourthings,dns,r,A,True,0.000214,4,7
yourthings,dns,r,A,True,0.000215,1,2
yourthings,dns,r,A,True,0.000216,,9
yourthings,dns,r,A,True,0.000217,1,8
yourthings,dns,r,A,True,0.000218,1,6
yourthings,dns,r,A,True,0.000219,1,11
yourthings,dns,r,A,True,0.00022,2,6
yourthings,dns,r,A,True,0.000221,,8
yourthings,dns,r,A,True,0.000222,1,8
yourthings,dns,r,A,True,0.000223,,8
yourthings,dns,r,A,True,0.000224,,7
yourthings,dns,r,A,True,0.000225,,9
yourthings,dns,r,A,True,0.000226,,20
yourthings,dns,r,A,True,0.000227,,15
yourthings,dns,r,A,True,0.000228,,27
yourthings,dns,r,A,True,0.000229,,27
yourthings,dns,r,A,True,0.00023,,24
yourthings,dns,r,A,True,0.000231,,29
yourthings,dns,r,A,True,0.000232,,27
yourthings,dns,r,A,True,0.000233,,32
yourthings,dns,r,A,True,0.000234,,24
yourthings,dns,r,A,True,0.000235,,25
yourthings,dns,r,A,True,0.000236,,23
yourthings,dns,r,A,True,0.000237,,28
yourthings,dns,r,A,True,0.000238,,21
yourthings,dns,r,A,True,0.000239,,23
yourthings,dns,r,A,True,0.00024,,29
yourthings,dns,r,A,True,0.000241,,32
yourthings,dns,r,A,True,0.000242,,30
yourthings,dns,r,A,True,0.000243,,19
yourthings,dns,r,A,True,0.000244,,26
yourthings,dns,r,A,True,0.000245,,14
yourthings,dns,r,A,True,0.000246,,11
yourthings,dns,r,A,True,0.000247,,13
yourthings,dns,r,A,True,0.000248,,15
yourthings,dns,r,A,True,0.000249,,12
yourthings,dns,r,A,True,0.00025,,8
yourthings,dns,r,A,True,0.000251,,5
yourthings,dns,r,A,True,0.000252,,10
yourthings,dns,r,A,True,0.000253,,3
yourthings,dns,r,A,True,0.000254,,5
yourthings,dns,r,A,True,0.000255,,1
yourthings,dns,r,A,True,0.000256,,1
yourthings,dns,r,A,True,0.000257,,2
yourthings,dns,r,A,True,0.000258,,4
yourthings,dns,r,A,True,0.000259,,1
yourthings,dns,r,A,True,0.000261,,3
yourthings,dns,r,A,True,0.000262,,1
yourthings,dns,r,A,True,0.000264,,1
yourthings,dns,r,A,True,0.000267,,3
yourthings,dns,r,A,True,0.000292,,1
yourthings,dns,r,A,False,2.1e-05,4,
yourthings,dns,r,A,False,2.2e-05,3,
yourthings,dns,r,A,False,2.3e-05,3,
yourthings,dns,r,A,False,2.4e-05,1,
yourthings,dns,r,A,False,5.7e-05,,2
yourthings,dns,r,A,False,5.8e-05,,2
yourthings,dns,r,A,False,5.9e-05,,1
yourthings,dns,r,A,False,6e-05,,2
yourthings,dns,r,A,False,6.1e-05,,2
yourthings,dns,r,A,False,6.3e-05,,1
yourthings,dns,r,A,False,6.5e-05,,1
yourthings,dns,r,A,False,0.000178,1,
yourthings,dns,r,A,False,0.000205,,1
yourthings,dns,r,AAAA,True,2.1e-05,9,
yourthings,dns,r,AAAA,True,2.2e-05,27,
yourthings,dns,r,AAAA,True,2.3e-05,181,
yourthings,dns,r,AAAA,True,2.4e-05,1279,
yourthings,dns,r,AAAA,True,2.5e-05,2924,
yourthings,dns,r,AAAA,True,2.6e-05,3193,
yourthings,dns,r,AAAA,True,2.7e-05,3122,
yourthings,dns,r,AAAA,True,2.8e-05,3287,
yourthings,dns,r,AAAA,True,2.9e-05,2415,
yourthings,dns,r,AAAA,True,3e-05,1074,
yourthings,dns,r,AAAA,True,3.1e-05,254,
yourthings,dns,r,AAAA,True,3.2e-05,58,
yourthings,dns,r,AAAA,True,3.3e-05,32,
yourthings,dns,r,AAAA,True,3.4e-05,33,
yourthings,dns,r,AAAA,True,3.5e-05,35,
yourthings,dns,r,AAAA,True,3.6e-05,41,
yourthings,dns,r,AAAA,True,3.7e-05,24,
yourthings,dns,r,AAAA,True,3.8e-05,25,
yourthings,dns,r,AAAA,True,3.9e-05,10,
yourthings,dns,r,AAAA,True,4e-05,2,
yourthings,dns,r,AAAA,True,4.1e-05,1,
yourthings,dns,r,AAAA,True,4.2e-05,3,
yourthings,dns,r,AAAA,True,4.3e-05,1,
yourthings,dns,r,AAAA,True,4.4e-05,1,
yourthings,dns,r,AAAA,True,5.2e-05,,2
yourthings,dns,r,AAAA,True,5.3e-05,1,9
yourthings,dns,r,AAAA,True,5.4e-05,,8
yourthings,dns,r,AAAA,True,5.5e-05,,14
yourthings,dns,r,AAAA,True,5.6e-05,,80
yourthings,dns,r,AAAA,True,5.7e-05,,243
yourthings,dns,r,AAAA,True,5.8e-05,,585
yourthings,dns,r,AAAA,True,5.9e-05,1,1010
yourthings,dns,r,AAAA,True,6e-05,,1453
yourthings,dns,r,AAAA,True,6.1e-05,,1855
yourthings,dns,r,AAAA,True,6.2e-05,,2140
yourthings,dns,r,AAAA,True,6.3e-05,,2227
yourthings,dns,r,AAAA,True,6.4e-05,,2142
yourthings,dns,r,AAAA,True,6.5e-05,,1799
yourthings,dns,r,AAAA,True,6.6e-05,,1429
yourthings,dns,r,AAAA,True,6.7e-05,,1099
yourthings,dns,r,AAAA,True,6.8e-05,,804
yourthings,dns,r,AAAA,True,6.9e-05,,489
yourthings,dns,r,AAAA,True,7e-05,,277
yourthings,dns,r,AAAA,True,7.1e-05,,124
yourthings,dns,r,AAAA,True,7.2e-05,,75
yourthings,dns,r,AAAA,True,7.3e-05,,44
yourthings,dns,r,AAAA,True,7.4e-05,,39
yourthings,dns,r,AAAA,True,7.5e-05,8,23
yourthings,dns,r,AAAA,True,7.6e-05,9,20
yourthings,dns,r,AAAA,True,7.7e-05,18,9
yourthings,dns,r,AAAA,True,7.8e-05,42,12
yourthings,dns,r,AAAA,True,7.9e-05,69,1
yourthings,dns,r,AAAA,True,8e-05,116,8
yourthings,dns,r,AAAA,True,8.1e-05,176,3
yourthings,dns,r,AAAA,True,8.2e-05,495,
yourthings,dns,r,AAAA,True,8.3e-05,1408,
yourthings,dns,r,AAAA,True,8.4e-05,2898,1
yourthings,dns,r,AAAA,True,8.5e-05,3898,2
yourthings,dns,r,AAAA,True,8.6e-05,4656,
yourthings,dns,r,AAAA,True,8.7e-05,4773,
yourthings,dns,r,AAAA,True,8.8e-05,5199,
yourthings,dns,r,AAAA,True,8.9e-05,5231,3
yourthings,dns,r,AAAA,True,9e-05,4959,2
yourthings,dns,r,AAAA,True,9.1e-05,4403,8
yourthings,dns,r,AAAA,True,9.2e-05,4094,20
yourthings,dns,r,AAAA,True,9.3e-05,3397,29
yourthings,dns,r,AAAA,True,9.4e-05,2500,56
yourthings,dns,r,AAAA,True,9.5e-05,1623,66
yourthings,dns,r,AAAA,True,9.6e-05,1025,66
yourthings,dns,r,AAAA,True,9.7e-05,532,111
yourthings,dns,r,AAAA,True,9.8e-05,315,234
yourthings,dns,r,AAAA,True,9.9e-05,169,662
yourthings,dns,r,AAAA,True,0.0001,108,1395
yourthings,dns,r,AAAA,True,0.000101,56,2474
yourthings,dns,r,AAAA,True,0.000102,42,3234
yourthings,dns,r,AAAA,True,0.000103,31,3690
yourthings,dns,r,AAAA,True,0.000104,27,4134
yourthings,dns,r,AAAA,True,0.000105,19,4255
yourthings,dns,r,AAAA,True,0.000106,21,4436
yourthings,dns,r,AAAA,True,0.000107,16,4352
yourthings,dns,r,AAAA,True,0.000108,15,4106
yourthings,dns,r,AAAA,True,0.000109,9,3878
yourthings,dns,r,AAAA,True,0.00011,11,3482
yourthings,dns,r,AAAA,True,0.000111,6,3144
yourthings,dns,r,AAAA,True,0.000112,8,2638
yourthings,dns,r,AAAA,True,0.000113,2,1983
yourthings,dns,r,AAAA,True,0.000114,4,1387
yourthings,dns,r,AAAA,True,0.000115,6,871
yourthings,dns,r,AAAA,True,0.000116,6,565
yourthings,dns,r,AAAA,True,0.000117,2,387
yourthings,dns,r,AAAA,True,0.000118,2,238
yourthings,dns,r,AAAA,True,0.000119,3,135
yourthings,dns,r,AAAA,True,0.00012,2,68
yourthings,dns,r,AAAA,True,0.000121,1,63
yourthings,dns,r,AAAA,True,0.000122,3,35
yourthings,dns,r,AAAA,True,0.000123,5,46
yourthings,dns,r,AAAA,True,0.000124,7,36
yourthings,dns,r,AAAA,True,0.000125,18,22
yourthings,dns,r,AAAA,True,0.000126,30,20
yourthings,dns,r,AAAA,True,0.000127,40,14
yourthings,dns,r,AAAA,True,0.000128,79,10
yourthings,dns,r,AAAA,True,0.000129,67,8
yourthings,dns,r,AAAA,True,0.00013,86,6
yourthings,dns,r,AAAA,True,0.000131,99,3
yourthings,dns,r,AAAA,True,0.000132,100,1
yourthings,dns,r,AAAA,True,0.000133,109,2
yourthings,dns,r,AAAA,True,0.000134,110,4
yourthings,dns,r,AAAA,True,0.000135,100,2
yourthings,dns,r,AAAA,True,0.000136,124,6
yourthings,dns,r,AAAA,True,0.000137,108,5
yourthings,dns,r,AAAA,True,0.000138,119,1
yourthings,dns,r,AAAA,True,0.000139,139,4
yourthings,dns,r,AAAA,True,0.00014,111,2
yourthings,dns,r,AAAA,True,0.000141,101,4
yourthings,dns,r,AAAA,True,0.000142,87,3
yourthings,dns,r,AAAA,True,0.000143,80,1
yourthings,dns,r,AAAA,True,0.000144,65,4
yourthings,dns,r,AAAA,True,0.000145,48,4
yourthings,dns,r,AAAA,True,0.000146,43,2
yourthings,dns,r,AAAA,True,0.000147,26,2
yourthings,dns,r,AAAA,True,0.000148,46,3
yourthings,dns,r,AAAA,True,0.000149,31,7
yourthings,dns,r,AAAA,True,0.00015,18,3
yourthings,dns,r,AAAA,True,0.000151,17,
yourthings,dns,r,AAAA,True,0.000152,20,6
yourthings,dns,r,AAAA,True,0.000153,10,10
yourthings,dns,r,AAAA,True,0.000154,12,7
yourthings,dns,r,AAAA,True,0.000155,11,6
yourthings,dns,r,AAAA,True,0.000156,14,10
yourthings,dns,r,AAAA,True,0.000157,12,19
yourthings,dns,r,AAAA,True,0.000158,4,26
yourthings,dns,r,AAAA,True,0.000159,9,23
yourthings,dns,r,AAAA,True,0.00016,9,19
yourthings,dns,r,AAAA,True,0.000161,6,25
yourthings,dns,r,AAAA,True,0.000162,9,22
yourthings,dns,r,AAAA,True,0.000163,8,21
yourthings,dns,r,AAAA,True,0.000164,6,21
yourthings,dns,r,AAAA,True,0.000165,2,19
yourthings,dns,r,AAAA,True,0.000166,6,8
yourthings,dns,r,AAAA,True,0.000167,2,25
yourthings,dns,r,AAAA,True,0.000168,10,7
yourthings,dns,r,AAAA,True,0.000169,2,20
yourthings,dns,r,AAAA,True,0.00017,3,17
yourthings,dns,r,AAAA,True,0.000171,3,10
yourthings,dns,r,AAAA,True,0.000172,3,7
yourthings,dns,r,AAAA,True,0.000173,3,11
yourthings,dns,r,AAAA,True,0.000174,1,2
yourthings,dns,r,AAAA,True,0.000175,2,4
yourthings,dns,r,AAAA,True,0.000176,1,3
yourthings,dns,r,AAAA,True,0.000177,,5
yourthings,dns,r,AAAA,True,0.000178,1,2
yourthings,dns,r,AAAA,True,0.000179,,8
yourthings,dns,r,AAAA,True,0.00018,1,9
yourthings,dns,r,AAAA,True,0.000181,,7
yourthings,dns,r,AAAA,True,0.000182,,4
yourthings,dns,r,AAAA,True,0.000183,,6
yourthings,dns,r,AAAA,True,0.000184,,8
yourthings,dns,r,AAAA,True,0.000185,,11
yourthings,dns,r,AAAA,True,0.000186,,12
yourthings,dns,r,AAAA,True,0.000187,2,28
yourthings,dns,r,AAAA,True,0.000188,,29
yourthings,dns,r,AAAA,True,0.000189,1,39
yourthings,dns,r,AAAA,True,0.00019,1,46
yourthings,dns,r,AAAA,True,0.000191,,58
yourthings,dns,r,AAAA,True,0.000192,,66
yourthings,dns,r,AAAA,True,0.000193,,62
yourthings,dns,r,AAAA,True,0.000194,,70
yourthings,dns,r,AAAA,True,0.000195,,68
yourthings,dns,r,AAAA,True,0.000196,,59
yourthings,dns,r,AAAA,True,0.000197,,101
yourthings,dns,r,AAAA,True,0.000198,,108
yourthings,dns,r,AAAA,True,0.000199,,85
yourthings,dns,r,AAAA,True,0.0002,,85
yourthings,dns,r,AAAA,True,0.000201,,85
yourthings,dns,r,AAAA,True,0.000202,,67
yourthings,dns,r,AAAA,True,0.000203,,75
yourthings,dns,r,AAAA,True,0.000204,,79
yourthings,dns,r,AAAA,True,0.000205,,61
yourthings,dns,r,AAAA,True,0.000206,,64
yourthings,dns,r,AAAA,True,0.000207,,57
yourthings,dns,r,AAAA,True,0.000208,,38
yourthings,dns,r,AAAA,True,0.000209,,26
yourthings,dns,r,AAAA,True,0.00021,,38
yourthings,dns,r,AAAA,True,0.000211,,26
yourthings,dns,r,AAAA,True,0.000212,,26
yourthings,dns,r,AAAA,True,0.000213,,18
yourthings,dns,r,AAAA,True,0.000214,,21
yourthings,dns,r,AAAA,True,0.000215,,10
yourthings,dns,r,AAAA,True,0.000216,,10
yourthings,dns,r,AAAA,True,0.000217,,5
yourthings,dns,r,AAAA,True,0.000218,,9
yourthings,dns,r,AAAA,True,0.000219,,5
yourthings,dns,r,AAAA,True,0.00022,,3
yourthings,dns,r,AAAA,True,0.000221,,2
yourthings,dns,r,AAAA,True,0.000222,,2
yourthings,dns,r,AAAA,True,0.000223,,2
yourthings,dns,r,AAAA,True,0.000224,,2
yourthings,dns,r,AAAA,True,0.000225,,1
yourthings,dns,r,AAAA,True,0.000226,,2
yourthings,dns,r,AAAA,True,0.000228,,2
yourthings,dns,r,AAAA,True,0.000229,,1
yourthings,dns,r,AAAA,True,0.00023,,1
yourthings,dns,r,AAAA,True,0.000231,,1
yourthings,dns,r,AAAA,True,0.000237,,3
yourthings,dns,r,AAAA,True,0.000239,,3
yourthings,dns,r,AAAA,True,0.000241,,1
yourthings,dns,r,AAAA,True,0.000243,,2
yourthings,dns,r,AAAA,True,0.000247,,1
yourthings,dns,r,AAAA,True,0.000248,,3
yourthings,dns,r,AAAA,True,0.000249,,1
yourthings,dns,r,AAAA,True,0.000254,,1
yourthings,dns,r,AAAA,True,0.000256,,1
yourthings,dns,r,AAAA,True,0.000257,,3
yourthings,dns,r,AAAA,True,0.000258,,1
yourthings,dns,r,AAAA,True,0.000259,,1
yourthings,dns,r,AAAA,True,0.00026,,1
yourthings,dns,r,AAAA,True,0.000261,,1
yourthings,dns,r,AAAA,True,0.000262,,3
yourthings,dns,r,AAAA,True,0.000263,,1
yourthings,dns,r,AAAA,True,0.000264,,1
yourthings,dns,r,AAAA,True,0.000265,,3
yourthings,dns,r,AAAA,True,0.000266,,5
yourthings,dns,r,AAAA,True,0.000267,,1
yourthings,dns,r,AAAA,True,0.000268,,6
yourthings,dns,r,AAAA,True,0.000269,,6
yourthings,dns,r,AAAA,True,0.00027,,7
yourthings,dns,r,AAAA,True,0.000271,,8
yourthings,dns,r,AAAA,True,0.000272,,3
yourthings,dns,r,AAAA,True,0.000273,,3
yourthings,dns,r,AAAA,True,0.000274,1,
yourthings,dns,r,AAAA,True,0.000275,,3
yourthings,dns,r,AAAA,True,0.000276,,1
yourthings,dns,r,AAAA,True,0.000277,,2
yourthings,dns,r,AAAA,True,0.000278,,9
yourthings,dns,r,AAAA,True,0.000279,,9
yourthings,dns,r,AAAA,True,0.00028,,1
yourthings,dns,r,AAAA,True,0.000281,,3
yourthings,dns,r,AAAA,True,0.000282,,2
yourthings,dns,r,AAAA,True,0.000283,,2
yourthings,dns,r,AAAA,True,0.000284,,1
yourthings,dns,r,AAAA,True,0.000285,,3
yourthings,dns,r,AAAA,True,0.000288,,1
yourthings,dns,r,AAAA,True,0.000291,,2
yourthings,dns,r,AAAA,True,0.000293,,1
yourthings,dns,r,AAAA,True,0.000296,,1
yourthings,dns,r,AAAA,True,0.000297,,1
yourthings,dns,r,AAAA,True,0.000433,,1
yourthings,dns,r,AAAA,False,1.8e-05,1,
yourthings,dns,r,AAAA,False,1.9e-05,29,
yourthings,dns,r,AAAA,False,2e-05,292,
yourthings,dns,r,AAAA,False,2.1e-05,451,
yourthings,dns,r,AAAA,False,2.2e-05,252,
yourthings,dns,r,AAAA,False,2.3e-05,36,
yourthings,dns,r,AAAA,False,2.4e-05,9,
yourthings,dns,r,AAAA,False,2.5e-05,4,
yourthings,dns,r,AAAA,False,2.6e-05,1,
yourthings,dns,r,AAAA,False,2.7e-05,1,
yourthings,dns,r,AAAA,False,3.2e-05,1,
yourthings,dns,r,AAAA,False,4.8e-05,,1
yourthings,dns,r,AAAA,False,4.9e-05,,1
yourthings,dns,r,AAAA,False,5e-05,,1
yourthings,dns,r,AAAA,False,5.1e-05,,5
yourthings,dns,r,AAAA,False,5.2e-05,,9
yourthings,dns,r,AAAA,False,5.3e-05,,55
yourthings,dns,r,AAAA,False,5.4e-05,,95
yourthings,dns,r,AAAA,False,5.5e-05,,137
yourthings,dns,r,AAAA,False,5.6e-05,,168
yourthings,dns,r,AAAA,False,5.7e-05,,146
yourthings,dns,r,AAAA,False,5.8e-05,,143
yourthings,dns,r,AAAA,False,5.9e-05,,144
yourthings,dns,r,AAAA,False,6e-05,,98
yourthings,dns,r,AAAA,False,6.1e-05,,46
yourthings,dns,r,AAAA,False,6.2e-05,,19
yourthings,dns,r,AAAA,False,6.3e-05,,5
yourthings,dns,r,AAAA,False,6.4e-05,,3
yourthings,dns,r,AAAA,False,6.5e-05,,1
yourthings,dns,r,AAAA,False,7.3e-05,1,
yourthings,dns,r,AAAA,False,7.7e-05,3,
yourthings,dns,r,AAAA,False,7.8e-05,8,
yourthings,dns,r,AAAA,False,7.9e-05,5,
yourthings,dns,r,AAAA,False,8e-05,12,
yourthings,dns,r,AAAA,False,8.1e-05,16,
yourthings,dns,r,AAAA,False,8.2e-05,10,
yourthings,dns,r,AAAA,False,8.3e-05,9,
yourthings,dns,r,AAAA,False,8.4e-05,11,
yourthings,dns,r,AAAA,False,8.5e-05,11,
yourthings,dns,r,AAAA,False,8.6e-05,14,
yourthings,dns,r,AAAA,False,8.7e-05,8,
yourthings,dns,r,AAAA,False,8.8e-05,11,
yourthings,dns,r,AAAA,False,8.9e-05,4,
yourthings,dns,r,AAAA,False,9e-05,,1
yourthings,dns,r,AAAA,False,9.3e-05,1,
yourthings,dns,r,AAAA,False,9.5e-05,,2
yourthings,dns,r,AAAA,False,9.6e-05,,3
yourthings,dns,r,AAAA,False,9.7e-05,,8
yourthings,dns,r,AAAA,False,9.8e-05,,11
yourthings,dns,r,AAAA,False,9.9e-05,,7
yourthings,dns,r,AAAA,False,0.0001,,14
yourthings,dns,r,AAAA,False,0.000101,,9
yourthings,dns,r,AAAA,False,0.000102,,11
yourthings,dns,r,AAAA,False,0.000103,,11
yourthings,dns,r,AAAA,False,0.000104,,8
yourthings,dns,r,AAAA,False,0.000105,,8
yourthings,dns,r,AAAA,False,0.000106,,13
yourthings,dns,r,AAAA,False,0.000107,,5
yourthings,dns,r,AAAA,False,0.000108,,4
yourthings,dns,r,AAAA,False,0.000109,,5
yourthings,dns,r,AAAA,False,0.00011,,2
yourthings,dns,r,AAAA,False,0.000112,,1
yourthings,dns,r,AAAA,False,0.000114,,1
yourthings,dns,r,AAAA,False,0.000133,1,
yourthings,dns,r,AAAA,False,0.000195,,1
yourthings,dns,r,TXT,True,2.8e-05,2,
yourthings,dns,r,TXT,True,2.9e-05,18,
yourthings,dns,r,TXT,True,3e-05,12,
yourthings,dns,r,TXT,True,3.1e-05,5,
yourthings,dns,r,TXT,True,3.2e-05,3,
yourthings,dns,r,TXT,True,6.1e-05,,6
yourthings,dns,r,TXT,True,6.2e-05,,3
yourthings,dns,r,TXT,True,6.3e-05,,3
yourthings,dns,r,TXT,True,6.4e-05,,7
yourthings,dns,r,TXT,True,6.5e-05,,7
yourthings,dns,r,TXT,True,6.6e-05,,5
yourthings,dns,r,TXT,True,6.7e-05,,2
yourthings,dns,r,TXT,True,6.8e-05,,4
yourthings,dns,r,TXT,True,6.9e-05,,1
yourthings,dns,r,TXT,True,7.2e-05,,2
yourthings,dns,r,PTR,True,2.5e-05,1,
yourthings,dns,r,PTR,True,2.6e-05,5,
yourthings,dns,r,PTR,True,2.7e-05,81,
yourthings,dns,r,PTR,True,2.8e-05,292,
yourthings,dns,r,PTR,True,2.9e-05,459,
yourthings,dns,r,PTR,True,3e-05,334,
yourthings,dns,r,PTR,True,3.1e-05,165,
yourthings,dns,r,PTR,True,3.2e-05,50,
yourthings,dns,r,PTR,True,3.3e-05,11,
yourthings,dns,r,PTR,True,3.4e-05,1,
yourthings,dns,r,PTR,True,3.5e-05,1,
yourthings,dns,r,PTR,True,3.8e-05,1,
yourthings,dns,r,PTR,True,4.4e-05,2,
yourthings,dns,r,PTR,True,4.5e-05,7,
yourthings,dns,r,PTR,True,4.6e-05,6,
yourthings,dns,r,PTR,True,4.7e-05,13,
yourthings,dns,r,PTR,True,4.8e-05,4,
yourthings,dns,r,PTR,True,4.9e-05,4,
yourthings,dns,r,PTR,True,5.1e-05,1,
yourthings,dns,r,PTR,True,5.8e-05,,1
yourthings,dns,r,PTR,True,5.9e-05,,2
yourthings,dns,r,PTR,True,6e-05,,8
yourthings,dns,r,PTR,True,6.1e-05,,23
yourthings,dns,r,PTR,True,6.2e-05,,63
yourthings,dns,r,PTR,True,6.3e-05,,134
yourthings,dns,r,PTR,True,6.4e-05,,164
yourthings,dns,r,PTR,True,6.5e-05,,181
yourthings,dns,r,PTR,True,6.6e-05,,168
yourthings,dns,r,PTR,True,6.7e-05,,150
yourthings,dns,r,PTR,True,6.8e-05,,165
yourthings,dns,r,PTR,True,6.9e-05,,134
yourthings,dns,r,PTR,True,7e-05,,85
yourthings,dns,r,PTR,True,7.1e-05,,57
yourthings,dns,r,PTR,True,7.2e-05,,34
yourthings,dns,r,PTR,True,7.3e-05,,17
yourthings,dns,r,PTR,True,7.4e-05,,12
yourthings,dns,r,PTR,True,7.5e-05,,1
yourthings,dns,r,PTR,True,7.8e-05,,1
yourthings,dns,r,PTR,True,8e-05,,1
yourthings,dns,r,PTR,True,8.7e-05,,3
yourthings,dns,r,PTR,True,8.8e-05,,5
yourthings,dns,r,PTR,True,8.9e-05,,5
yourthings,dns,r,PTR,True,9e-05,,3
yourthings,dns,r,PTR,True,9.1e-05,,5
yourthings,dns,r,PTR,True,9.2e-05,,7
yourthings,dns,r,PTR,True,9.3e-05,,2
yourthings,dns,r,PTR,True,9.4e-05,,4
yourthings,dns,r,PTR,True,9.7e-05,,2
yourthings,dns,r,PTR,True,9.8e-05,,1
yourthings,dns,r,PTR,True,0.000103,1,
yourthings,dns,r,PTR,True,0.000104,4,
yourthings,dns,r,PTR,True,0.000105,1,
yourthings,dns,r,PTR,True,0.000106,6,
yourthings,dns,r,PTR,True,0.000107,14,
yourthings,dns,r,PTR,True,0.000108,1,
yourthings,dns,r,PTR,True,0.000109,4,
yourthings,dns,r,PTR,True,0.00011,4,
yourthings,dns,r,PTR,True,0.000111,8,
yourthings,dns,r,PTR,True,0.000112,11,1
yourthings,dns,r,PTR,True,0.000113,3,
yourthings,dns,r,PTR,True,0.000114,5,
yourthings,dns,r,PTR,True,0.000115,2,
yourthings,dns,r,PTR,True,0.000116,3,
yourthings,dns,r,PTR,True,0.000117,6,
yourthings,dns,r,PTR,True,0.000118,5,
yourthings,dns,r,PTR,True,0.000119,7,
yourthings,dns,r,PTR,True,0.00012,10,1
yourthings,dns,r,PTR,True,0.000121,4,1
yourthings,dns,r,PTR,True,0.000122,7,1
yourthings,dns,r,PTR,True,0.000123,7,2
yourthings,dns,r,PTR,True,0.000124,9,
yourthings,dns,r,PTR,True,0.000125,18,1
yourthings,dns,r,PTR,True,0.000126,34,2
yourthings,dns,r,PTR,True,0.000127,77,
yourthings,dns,r,PTR,True,0.000128,111,
yourthings,dns,r,PTR,True,0.000129,174,1
yourthings,dns,r,PTR,True,0.00013,198,
yourthings,dns,r,PTR,True,0.000131,204,
yourthings,dns,r,PTR,True,0.000132,243,2
yourthings,dns,r,PTR,True,0.000133,243,1
yourthings,dns,r,PTR,True,0.000134,293,3
yourthings,dns,r,PTR,True,0.000135,293,1
yourthings,dns,r,PTR,True,0.000136,292,4
yourthings,dns,r,PTR,True,0.000137,244,2
yourthings,dns,r,PTR,True,0.000138,239,5
yourthings,dns,r,PTR,True,0.000139,229,6
yourthings,dns,r,PTR,True,0.00014,218,1
yourthings,dns,r,PTR,True,0.000141,219,3
yourthings,dns,r,PTR,True,0.000142,146,2
yourthings,dns,r,PTR,True,0.000143,123,2
yourthings,dns,r,PTR,True,0.000144,106,
yourthings,dns,r,PTR,True,0.000145,67,3
yourthings,dns,r,PTR,True,0.000146,44,3
yourthings,dns,r,PTR,True,0.000147,24,1
yourthings,dns,r,PTR,True,0.000148,29,2
yourthings,dns,r,PTR,True,0.000149,15,
yourthings,dns,r,PTR,True,0.00015,8,3
yourthings,dns,r,PTR,True,0.000151,8,4
yourthings,dns,r,PTR,True,0.000152,7,5
yourthings,dns,r,PTR,True,0.000153,4,1
yourthings,dns,r,PTR,True,0.000154,4,4
yourthings,dns,r,PTR,True,0.000155,2,1
yourthings,dns,r,PTR,True,0.000156,2,5
yourthings,dns,r,PTR,True,0.000157,,8
yourthings,dns,r,PTR,True,0.000158,1,6
yourthings,dns,r,PTR,True,0.000159,1,5
yourthings,dns,r,PTR,True,0.00016,3,7
yourthings,dns,r,PTR,True,0.000161,1,3
yourthings,dns,r,PTR,True,0.000162,1,12
yourthings,dns,r,PTR,True,0.000163,1,11
yourthings,dns,r,PTR,True,0.000164,1,11
yourthings,dns,r,PTR,True,0.000165,1,23
yourthings,dns,r,PTR,True,0.000166,1,32
yourthings,dns,r,PTR,True,0.000167,1,49
yourthings,dns,r,PTR,True,0.000168,,73
yourthings,dns,r,PTR,True,0.000169,,70
yourthings,dns,r,PTR,True,0.00017,2,84
yourthings,dns,r,PTR,True,0.000171,3,92
yourthings,dns,r,PTR,True,0.000172,2,108
yourthings,dns,r,PTR,True,0.000173,3,120
yourthings,dns,r,PTR,True,0.000174,13,127
yourthings,dns,r,PTR,True,0.000175,10,126
yourthings,dns,r,PTR,True,0.000176,28,149
yourthings,dns,r,PTR,True,0.000177,30,154
yourthings,dns,r,PTR,True,0.000178,31,132
yourthings,dns,r,PTR,True,0.000179,34,174
yourthings,dns,r,PTR,True,0.00018,27,162
yourthings,dns,r,PTR,True,0.000181,37,161
yourthings,dns,r,PTR,True,0.000182,46,182
yourthings,dns,r,PTR,True,0.000183,50,174
yourthings,dns,r,PTR,True,0.000184,39,137
yourthings,dns,r,PTR,True,0.000185,44,168
yourthings,dns,r,PTR,True,0.000186,56,168
yourthings,dns,r,PTR,True,0.000187,58,140
yourthings,dns,r,PTR,True,0.000188,31,137
yourthings,dns,r,PTR,True,0.000189,25,116
yourthings,dns,r,PTR,True,0.00019,30,114
yourthings,dns,r,PTR,True,0.000191,31,104
yourthings,dns,r,PTR,True,0.000192,32,109
yourthings,dns,r,PTR,True,0.000193,33,87
yourthings,dns,r,PTR,True,0.000194,18,65
yourthings,dns,r,PTR,True,0.000195,23,63
yourthings,dns,r,PTR,True,0.000196,10,62
yourthings,dns,r,PTR,True,0.000197,11,60
yourthings,dns,r,PTR,True,0.000198,11,39
yourthings,dns,r,PTR,True,0.000199,3,28
yourthings,dns,r,PTR,True,0.0002,5,37
yourthings,dns,r,PTR,True,0.000201,3,17
yourthings,dns,r,PTR,True,0.000202,1,10
yourthings,dns,r,PTR,True,0.000203,1,12
yourthings,dns,r,PTR,True,0.000204,,4
yourthings,dns,r,PTR,True,0.000205,1,3
yourthings,dns,r,PTR,True,0.000206,1,8
yourthings,dns,r,PTR,True,0.000207,2,3
yourthings,dns,r,PTR,True,0.000208,,2
yourthings,dns,r,PTR,True,0.000209,1,3
yourthings,dns,r,PTR,True,0.00021,,2
yourthings,dns,r,PTR,True,0.000211,,3
yourthings,dns,r,PTR,True,0.000212,,2
yourthings,dns,r,PTR,True,0.000213,,2
yourthings,dns,r,PTR,True,0.000215,,1
yourthings,dns,r,PTR,True,0.000217,,1
yourthings,dns,r,PTR,True,0.000218,,1
yourthings,dns,r,PTR,True,0.00022,,2
yourthings,dns,r,PTR,True,0.000221,,1
yourthings,dns,r,PTR,True,0.000222,,1
yourthings,dns,r,PTR,True,0.000224,,1
yourthings,dns,r,PTR,True,0.000225,,2
yourthings,dns,r,PTR,True,0.000228,,1
yourthings,dns,r,PTR,True,0.000232,,2
yourthings,dns,r,PTR,True,0.000233,,1
yourthings,dns,r,PTR,True,0.000234,,1
yourthings,dns,r,PTR,True,0.000236,,4
yourthings,dns,r,PTR,True,0.000237,,4
yourthings,dns,r,PTR,True,0.000238,,2
yourthings,dns,r,PTR,True,0.000239,,13
yourthings,dns,r,PTR,True,0.00024,,8
yourthings,dns,r,PTR,True,0.000241,,5
yourthings,dns,r,PTR,True,0.000242,,13
yourthings,dns,r,PTR,True,0.000243,,16
yourthings,dns,r,PTR,True,0.000244,,18
yourthings,dns,r,PTR,True,0.000245,,26
yourthings,dns,r,PTR,True,0.000246,,18
yourthings,dns,r,PTR,True,0.000247,,29
yourthings,dns,r,PTR,True,0.000248,,26
yourthings,dns,r,PTR,True,0.000249,,30
yourthings,dns,r,PTR,True,0.00025,,27
yourthings,dns,r,PTR,True,0.000251,,29
yourthings,dns,r,PTR,True,0.000252,,47
yourthings,dns,r,PTR,True,0.000253,,37
yourthings,dns,r,PTR,True,0.000254,,45
yourthings,dns,r,PTR,True,0.000255,,42
yourthings,dns,r,PTR,True,0.000256,,45
yourthings,dns,r,PTR,True,0.000257,,29
yourthings,dns,r,PTR,True,0.000258,,28
yourthings,dns,r,PTR,True,0.000259,,24
yourthings,dns,r,PTR,True,0.00026,,27
yourthings,dns,r,PTR,True,0.000261,,36
yourthings,dns,r,PTR,True,0.000262,,26
yourthings,dns,r,PTR,True,0.000263,,19
yourthings,dns,r,PTR,True,0.000264,,16
yourthings,dns,r,PTR,True,0.000265,,19
yourthings,dns,r,PTR,True,0.000266,,12
yourthings,dns,r,PTR,True,0.000267,,10
yourthings,dns,r,PTR,True,0.000268,,13
yourthings,dns,r,PTR,True,0.000269,,8
yourthings,dns,r,PTR,True,0.00027,,7
yourthings,dns,r,PTR,True,0.000271,,2
yourthings,dns,r,PTR,True,0.000272,,5
yourthings,dns,r,PTR,True,0.000273,,6
yourthings,dns,r,PTR,True,0.000275,,1
yourthings,dns,r,PTR,True,0.000276,,2
yourthings,dns,r,PTR,True,0.000277,,4
yourthings,dns,r,PTR,True,0.000278,,2
yourthings,dns,r,PTR,True,0.000279,,2
yourthings,dns,r,PTR,True,0.000282,,1
yourthings,dns,r,PTR,True,0.000284,,1
yourthings,dns,r,PTR,True,0.000286,,3
yourthings,dns,r,PTR,True,0.000299,,1
yourthings,dns,r,PTR,True,0.000386,,1
yourthings,dns,r,PTR,False,2.6e-05,1,
yourthings,dns,r,PTR,False,6.4e-05,,1
yourthings,dns,r,PTR,False,0.000124,1,
yourthings,dns,r,PTR,False,0.000135,1,
yourthings,dns,r,PTR,False,0.000174,,1
yourthings,dns,r,PTR,False,0.000179,,1
