dataset,protocol,msg,qtype,w_query,x,application/cbor+dns;packed=1 decode,application/cbor+dns;packed=1 encode
iotfinder,dns,r,A,False,6.7e-05,1,
iotfinder,dns,r,A,False,6.9e-05,3,
iotfinder,dns,r,A,False,7e-05,3,
iotfinder,dns,r,A,False,7.1e-05,5,
iotfinder,dns,r,A,False,7.2e-05,3,
iotfinder,dns,r,A,False,7.3e-05,10,
iotfinder,dns,r,A,False,7.4e-05,21,
iotfinder,dns,r,A,False,7.5e-05,7,
iotfinder,dns,r,A,False,7.6e-05,7,
iotfinder,dns,r,A,False,7.7e-05,7,
iotfinder,dns,r,A,False,7.8e-05,5,
iotfinder,dns,r,A,False,7.9e-05,3,
iotfinder,dns,r,A,False,8.1e-05,2,
iotfinder,dns,r,A,False,8.2e-05,1,
iotfinder,dns,r,A,False,0.000119,,2
iotfinder,dns,r,A,False,0.000121,,2
iotfinder,dns,r,A,False,0.000122,,5
iotfinder,dns,r,A,False,0.000124,,2
iotfinder,dns,r,A,False,0.000125,,2
iotfinder,dns,r,A,False,0.000126,,6
iotfinder,dns,r,A,False,0.000127,,5
iotfinder,dns,r,A,False,0.000128,,9
iotfinder,dns,r,A,False,0.000129,,7
iotfinder,dns,r,A,False,0.00013,,7
iotfinder,dns,r,A,False,0.000131,,8
iotfinder,dns,r,A,False,0.000132,,1
iotfinder,dns,r,A,False,0.000133,,5
iotfinder,dns,r,A,False,0.000134,,6
iotfinder,dns,r,A,False,0.000135,,2
iotfinder,dns,r,A,False,0.000136,,3
iotfinder,dns,r,A,False,0.000137,,1
iotfinder,dns,r,A,False,0.000138,,1
iotfinder,dns,r,A,False,0.00014,,2
iotfinder,dns,r,A,False,0.000141,,1
iotfinder,dns,r,A,False,0.000146,,1
iotfinder,dns,r,A,False,0.000163,1,
iotfinder,dns,r,A,False,0.000164,3,
iotfinder,dns,r,A,False,0.000165,4,
iotfinder,dns,r,A,False,0.000166,6,
iotfinder,dns,r,A,False,0.000167,24,
iotfinder,dns,r,A,False,0.000168,37,
iotfinder,dns,r,A,False,0.000169,40,
iotfinder,dns,r,A,False,0.00017,38,
iotfinder,dns,r,A,False,0.000171,32,
iotfinder,dns,r,A,False,0.000172,17,
iotfinder,dns,r,A,False,0.000173,16,
iotfinder,dns,r,A,False,0.000174,15,
iotfinder,dns,r,A,False,0.000175,32,
iotfinder,dns,r,A,False,0.000176,42,
iotfinder,dns,r,A,False,0.000177,48,
iotfinder,dns,r,A,False,0.000178,57,
iotfinder,dns,r,A,False,0.000179,87,
iotfinder,dns,r,A,False,0.00018,167,
iotfinder,dns,r,A,False,0.000181,233,
iotfinder,dns,r,A,False,0.000182,446,
iotfinder,dns,r,A,False,0.000183,693,
iotfinder,dns,r,A,False,0.000184,1117,
iotfinder,dns,r,A,False,0.000185,1624,
iotfinder,dns,r,A,False,0.000186,2053,
iotfinder,dns,r,A,False,0.000187,2615,
iotfinder,dns,r,A,False,0.000188,2962,
iotfinder,dns,r,A,False,0.000189,3291,
iotfinder,dns,r,A,False,0.00019,3650,
iotfinder,dns,r,A,False,0.000191,3875,
iotfinder,dns,r,A,False,0.000192,4064,
iotfinder,dns,r,A,False,0.000193,4243,
iotfinder,dns,r,A,False,0.000194,4462,
iotfinder,dns,r,A,False,0.000195,4568,
iotfinder,dns,r,A,False,0.000196,4687,
iotfinder,dns,r,A,False,0.000197,4536,
iotfinder,dns,r,A,False,0.000198,4412,
iotfinder,dns,r,A,False,0.000199,4214,
iotfinder,dns,r,A,False,0.0002,4094,
iotfinder,dns,r,A,False,0.000201,3631,
iotfinder,dns,r,A,False,0.000202,3280,
iotfinder,dns,r,A,False,0.000203,2770,
iotfinder,dns,r,A,False,0.000204,2293,
iotfinder,dns,r,A,False,0.000205,1890,1
iotfinder,dns,r,A,False,0.000206,1682,
iotfinder,dns,r,A,False,0.000207,1314,1
iotfinder,dns,r,A,False,0.000208,1131,5
iotfinder,dns,r,A,False,0.000209,1025,
iotfinder,dns,r,A,False,0.00021,843,1
iotfinder,dns,r,A,False,0.000211,704,
iotfinder,dns,r,A,False,0.000212,534,
iotfinder,dns,r,A,False,0.000213,495,1
iotfinder,dns,r,A,False,0.000214,370,1
iotfinder,dns,r,A,False,0.000215,311,4
iotfinder,dns,r,A,False,0.000216,240,6
iotfinder,dns,r,A,False,0.000217,191,2
iotfinder,dns,r,A,False,0.000218,122,1
iotfinder,dns,r,A,False,0.000219,84,
iotfinder,dns,r,A,False,0.00022,56,1
iotfinder,dns,r,A,False,0.000221,32,4
iotfinder,dns,r,A,False,0.000222,17,3
iotfinder,dns,r,A,False,0.000223,19,2
iotfinder,dns,r,A,False,0.000224,18,2
iotfinder,dns,r,A,False,0.000225,6,10
iotfinder,dns,r,A,False,0.000226,13,6
iotfinder,dns,r,A,False,0.000227,4,7
iotfinder,dns,r,A,False,0.000228,9,6
iotfinder,dns,r,A,False,0.000229,5,7
iotfinder,dns,r,A,False,0.00023,1,11
iotfinder,dns,r,A,False,0.000231,2,12
iotfinder,dns,r,A,False,0.000232,1,24
iotfinder,dns,r,A,False,0.000233,2,41
iotfinder,dns,r,A,False,0.000234,1,31
iotfinder,dns,r,A,False,0.000235,,34
iotfinder,dns,r,A,False,0.000236,1,19
iotfinder,dns,r,A,False,0.000237,1,21
iotfinder,dns,r,A,False,0.000238,1,18
iotfinder,dns,r,A,False,0.000239,2,14
iotfinder,dns,r,A,False,0.00024,4,19
iotfinder,dns,r,A,False,0.000241,,26
iotfinder,dns,r,A,False,0.000242,,35
iotfinder,dns,r,A,False,0.000243,,50
iotfinder,dns,r,A,False,0.000244,1,58
iotfinder,dns,r,A,False,0.000245,,69
iotfinder,dns,r,A,False,0.000246,,99
iotfinder,dns,r,A,False,0.000247,,111
iotfinder,dns,r,A,False,0.000248,4,168
iotfinder,dns,r,A,False,0.000249,1,213
iotfinder,dns,r,A,False,0.00025,,257
iotfinder,dns,r,A,False,0.000251,1,398
iotfinder,dns,r,A,False,0.000252,,423
iotfinder,dns,r,A,False,0.000253,1,598
iotfinder,dns,r,A,False,0.000254,,783
iotfinder,dns,r,A,False,0.000255,2,1026
iotfinder,dns,r,A,False,0.000256,,1203
iotfinder,dns,r,A,False,0.000257,1,1557
iotfinder,dns,r,A,False,0.000258,2,1933
iotfinder,dns,r,A,False,0.000259,,2132
iotfinder,dns,r,A,False,0.00026,,2311
iotfinder,dns,r,A,False,0.000261,,2566
iotfinder,dns,r,A,False,0.000262,,2687
iotfinder,dns,r,A,False,0.000263,,2717
iotfinder,dns,r,A,False,0.000264,,2887
iotfinder,dns,r,A,False,0.000265,,3068
iotfinder,dns,r,A,False,0.000266,2,3147
iotfinder,dns,r,A,False,0.000267,1,3204
iotfinder,dns,r,A,False,0.000268,1,3337
iotfinder,dns,r,A,False,0.000269,1,3392
iotfinder,dns,r,A,False,0.00027,,3321
iotfinder,dns,r,A,False,0.000271,1,3419
iotfinder,dns,r,A,False,0.000272,1,3256
iotfinder,dns,r,A,False,0.000273,,3256
iotfinder,dns,r,A,False,0.000274,,3130
iotfinder,dns,r,A,False,0.000275,,3009
iotfinder,dns,r,A,False,0.000276,,2956
iotfinder,dns,r,A,False,0.000277,,2793
iotfinder,dns,r,A,False,0.000278,,2579
iotfinder,dns,r,A,False,0.000279,,2290
iotfinder,dns,r,A,False,0.00028,2,2059
iotfinder,dns,r,A,False,0.000281,1,1793
iotfinder,dns,r,A,False,0.000282,,1559
iotfinder,dns,r,A,False,0.000283,1,1393
iotfinder,dns,r,A,False,0.000284,,1203
iotfinder,dns,r,A,False,0.000285,,1003
iotfinder,dns,r,A,False,0.000286,,882
iotfinder,dns,r,A,False,0.000287,,795
iotfinder,dns,r,A,False,0.000288,,643
iotfinder,dns,r,A,False,0.000289,1,570
iotfinder,dns,r,A,False,0.00029,,531
iotfinder,dns,r,A,False,0.000291,,418
iotfinder,dns,r,A,False,0.000292,,374
iotfinder,dns,r,A,False,0.000293,,284
iotfinder,dns,r,A,False,0.000294,,274
iotfinder,dns,r,A,False,0.000295,1,211
iotfinder,dns,r,A,False,0.000296,,175
iotfinder,dns,r,A,False,0.000297,,132
iotfinder,dns,r,A,False,0.000298,,137
iotfinder,dns,r,A,False,0.000299,,86
iotfinder,dns,r,A,False,0.0003,,68
iotfinder,dns,r,A,False,0.000301,,48
iotfinder,dns,r,A,False,0.000302,,41
iotfinder,dns,r,A,False,0.000303,,31
iotfinder,dns,r,A,False,0.000304,1,15
iotfinder,dns,r,A,False,0.000305,,11
iotfinder,dns,r,A,False,0.000306,,10
iotfinder,dns,r,A,False,0.000307,,3
iotfinder,dns,r,A,False,0.000308,,11
iotfinder,dns,r,A,False,0.000309,,5
iotfinder,dns,r,A,False,0.00031,,6
iotfinder,dns,r,A,False,0.000311,,6
iotfinder,dns,r,A,False,0.000312,,6
iotfinder,dns,r,A,False,0.000313,,7
iotfinder,dns,r,A,False,0.000314,1,3
iotfinder,dns,r,A,False,0.000315,,5
iotfinder,dns,r,A,False,0.000316,,2
iotfinder,dns,r,A,False,0.000317,,4
iotfinder,dns,r,A,False,0.000318,,1
iotfinder,dns,r,A,False,0.000319,,2
iotfinder,dns,r,A,False,0.00032,,2
iotfinder,dns,r,A,False,0.000321,,2
iotfinder,dns,r,A,False,0.000322,,2
iotfinder,dns,r,A,False,0.000323,,1
iotfinder,dns,r,A,False,0.000324,,1
iotfinder,dns,r,A,False,0.000325,,1
iotfinder,dns,r,A,False,0.000326,,1
iotfinder,dns,r,A,False,0.000327,,4
iotfinder,dns,r,A,False,0.00033,,2
iotfinder,dns,r,A,False,0.000331,,1
iotfinder,dns,r,A,False,0.000332,,2
iotfinder,dns,r,A,False,0.000335,,4
iotfinder,dns,r,A,False,0.000337,,1
iotfinder,dns,r,A,False,0.000338,,2
iotfinder,dns,r,A,False,0.000339,,3
iotfinder,dns,r,A,False,0.000341,,2
iotfinder,dns,r,A,False,0.000342,,2
iotfinder,dns,r,A,False,0.000344,,2
iotfinder,dns,r,A,False,0.000345,,1
iotfinder,dns,r,A,False,0.000347,,1
iotfinder,dns,r,A,False,0.000349,,1
iotfinder,dns,r,A,False,0.00035,1,1
iotfinder,dns,r,A,False,0.000352,,1
iotfinder,dns,r,A,False,0.000353,,1
iotfinder,dns,r,A,False,0.000354,,2
iotfinder,dns,r,A,False,0.000357,,1
iotfinder,dns,r,A,False,0.000366,,1
iotfinder,dns,r,A,False,0.000375,,1
iotfinder,dns,r,A,False,0.000376,,1
iotfinder,dns,r,A,False,0.00039,,1
iotfinder,dns,r,A,False,0.000392,,1
iotfinder,dns,r,A,False,0.000412,,1
iotfinder,dns,r,A,False,0.000427,,1
iotfinder,dns,r,A,False,0.00043,,1
iotfinder,dns,r,A,False,0.000438,1,
iotfinder,dns,r,A,False,0.000469,,1
iotfinder,dns,r,A,False,0.000482,,1
iotfinder,dns,r,A,False,0.000483,,1
iotfinder,dns,r,A,False,0.000502,,1
iotfinder,dns,r,A,False,0.00056,1,
iotfinder,dns,r,A,False,0.000589,1,
iotfinder,dns,r,AAAA,False,6.8e-05,4,
iotfinder,dns,r,AAAA,False,6.9e-05,168,
iotfinder,dns,r,AAAA,False,7e-05,252,
iotfinder,dns,r,AAAA,False,7.1e-05,144,
iotfinder,dns,r,AAAA,False,7.2e-05,117,
iotfinder,dns,r,AAAA,False,7.3e-05,260,
iotfinder,dns,r,AAAA,False,7.4e-05,477,
iotfinder,dns,r,AAAA,False,7.5e-05,1970,
iotfinder,dns,r,AAAA,False,7.6e-05,6447,
iotfinder,dns,r,AAAA,False,7.7e-05,14579,
iotfinder,dns,r,AAAA,False,7.8e-05,22357,
iotfinder,dns,r,AAAA,False,7.9e-05,26430,
iotfinder,dns,r,AAAA,False,8e-05,29448,
iotfinder,dns,r,AAAA,False,8.1e-05,31584,
iotfinder,dns,r,AAAA,False,8.2e-05,30562,
iotfinder,dns,r,AAAA,False,8.3e-05,26820,
iotfinder,dns,r,AAAA,False,8.4e-05,19926,
iotfinder,dns,r,AAAA,False,8.5e-05,13552,
iotfinder,dns,r,AAAA,False,8.6e-05,9219,
iotfinder,dns,r,AAAA,False,8.7e-05,6526,
iotfinder,dns,r,AAAA,False,8.8e-05,4618,
iotfinder,dns,r,AAAA,False,8.9e-05,3024,
iotfinder,dns,r,AAAA,False,9e-05,1686,
iotfinder,dns,r,AAAA,False,9.1e-05,710,
iotfinder,dns,r,AAAA,False,9.2e-05,295,
iotfinder,dns,r,AAAA,False,9.3e-05,147,
iotfinder,dns,r,AAAA,False,9.4e-05,77,
iotfinder,dns,r,AAAA,False,9.5e-05,54,
iotfinder,dns,r,AAAA,False,9.6e-05,43,
iotfinder,dns,r,AAAA,False,9.7e-05,26,
iotfinder,dns,r,AAAA,False,9.8e-05,14,
iotfinder,dns,r,AAAA,False,9.9e-05,23,
iotfinder,dns,r,AAAA,False,0.0001,19,
iotfinder,dns,r,AAAA,False,0.000101,16,
iotfinder,dns,r,AAAA,False,0.000102,17,
iotfinder,dns,r,AAAA,False,0.000103,16,
iotfinder,dns,r,AAAA,False,0.000104,9,
iotfinder,dns,r,AAAA,False,0.000105,10,
iotfinder,dns,r,AAAA,False,0.000106,11,
iotfinder,dns,r,AAAA,False,0.000107,5,
iotfinder,dns,r,AAAA,False,0.000108,14,
iotfinder,dns,r,AAAA,False,0.000109,10,
iotfinder,dns,r,AAAA,False,0.00011,11,
iotfinder,dns,r,AAAA,False,0.000111,15,
iotfinder,dns,r,AAAA,False,0.000112,44,
iotfinder,dns,r,AAAA,False,0.000113,71,
iotfinder,dns,r,AAAA,False,0.000114,141,
iotfinder,dns,r,AAAA,False,0.000115,237,
iotfinder,dns,r,AAAA,False,0.000116,305,
iotfinder,dns,r,AAAA,False,0.000117,391,
iotfinder,dns,r,AAAA,False,0.000118,442,
iotfinder,dns,r,AAAA,False,0.000119,509,
iotfinder,dns,r,AAAA,False,0.00012,560,
iotfinder,dns,r,AAAA,False,0.000121,651,
iotfinder,dns,r,AAAA,False,0.000122,739,
iotfinder,dns,r,AAAA,False,0.000123,860,
iotfinder,dns,r,AAAA,False,0.000124,895,
iotfinder,dns,r,AAAA,False,0.000125,967,
iotfinder,dns,r,AAAA,False,0.000126,908,
iotfinder,dns,r,AAAA,False,0.000127,887,
iotfinder,dns,r,AAAA,False,0.000128,757,
iotfinder,dns,r,AAAA,False,0.000129,766,
iotfinder,dns,r,AAAA,False,0.00013,706,
iotfinder,dns,r,AAAA,False,0.000131,699,
iotfinder,dns,r,AAAA,False,0.000132,738,
iotfinder,dns,r,AAAA,False,0.000133,732,
iotfinder,dns,r,AAAA,False,0.000134,603,2
iotfinder,dns,r,AAAA,False,0.000135,551,
iotfinder,dns,r,AAAA,False,0.000136,482,
iotfinder,dns,r,AAAA,False,0.000137,434,
iotfinder,dns,r,AAAA,False,0.000138,391,
iotfinder,dns,r,AAAA,False,0.000139,295,1
iotfinder,dns,r,AAAA,False,0.00014,234,1
iotfinder,dns,r,AAAA,False,0.000141,188,3
iotfinder,dns,r,AAAA,False,0.000142,195,40
iotfinder,dns,r,AAAA,False,0.000143,194,103
iotfinder,dns,r,AAAA,False,0.000144,188,146
iotfinder,dns,r,AAAA,False,0.000145,226,108
iotfinder,dns,r,AAAA,False,0.000146,197,83
iotfinder,dns,r,AAAA,False,0.000147,197,80
iotfinder,dns,r,AAAA,False,0.000148,217,79
iotfinder,dns,r,AAAA,False,0.000149,262,101
iotfinder,dns,r,AAAA,False,0.00015,249,134
iotfinder,dns,r,AAAA,False,0.000151,231,127
iotfinder,dns,r,AAAA,False,0.000152,266,207
iotfinder,dns,r,AAAA,False,0.000153,243,347
iotfinder,dns,r,AAAA,False,0.000154,227,724
iotfinder,dns,r,AAAA,False,0.000155,226,1336
iotfinder,dns,r,AAAA,False,0.000156,183,2420
iotfinder,dns,r,AAAA,False,0.000157,147,4028
iotfinder,dns,r,AAAA,False,0.000158,104,6056
iotfinder,dns,r,AAAA,False,0.000159,68,8347
iotfinder,dns,r,AAAA,False,0.00016,89,10195
iotfinder,dns,r,AAAA,False,0.000161,42,11598
iotfinder,dns,r,AAAA,False,0.000162,38,13013
iotfinder,dns,r,AAAA,False,0.000163,35,14118
iotfinder,dns,r,AAAA,False,0.000164,26,15171
iotfinder,dns,r,AAAA,False,0.000165,18,15887
iotfinder,dns,r,AAAA,False,0.000166,18,16342
iotfinder,dns,r,AAAA,False,0.000167,13,16686
iotfinder,dns,r,AAAA,False,0.000168,10,16363
iotfinder,dns,r,AAAA,False,0.000169,9,15809
iotfinder,dns,r,AAAA,False,0.00017,3,14930
iotfinder,dns,r,AAAA,False,0.000171,2,13908
iotfinder,dns,r,AAAA,False,0.000172,5,12203
iotfinder,dns,r,AAAA,False,0.000173,5,10240
iotfinder,dns,r,AAAA,False,0.000174,,8660
iotfinder,dns,r,AAAA,False,0.000175,,6970
iotfinder,dns,r,AAAA,False,0.000176,,5628
iotfinder,dns,r,AAAA,False,0.000177,,4457
iotfinder,dns,r,AAAA,False,0.000178,1,3812
iotfinder,dns,r,AAAA,False,0.000179,2,3068
iotfinder,dns,r,AAAA,False,0.00018,,2552
iotfinder,dns,r,AAAA,False,0.000181,2,1978
iotfinder,dns,r,AAAA,False,0.000182,1,1565
iotfinder,dns,r,AAAA,False,0.000183,,1273
iotfinder,dns,r,AAAA,False,0.000184,1,970
iotfinder,dns,r,AAAA,False,0.000185,,749
iotfinder,dns,r,AAAA,False,0.000186,,611
iotfinder,dns,r,AAAA,False,0.000187,,499
iotfinder,dns,r,AAAA,False,0.000188,,389
iotfinder,dns,r,AAAA,False,0.000189,,353
iotfinder,dns,r,AAAA,False,0.00019,,257
iotfinder,dns,r,AAAA,False,0.000191,,268
iotfinder,dns,r,AAAA,False,0.000192,,225
iotfinder,dns,r,AAAA,False,0.000193,,161
iotfinder,dns,r,AAAA,False,0.000194,,174
iotfinder,dns,r,AAAA,False,0.000195,,172
iotfinder,dns,r,AAAA,False,0.000196,1,158
iotfinder,dns,r,AAAA,False,0.000197,,140
iotfinder,dns,r,AAAA,False,0.000198,,146
iotfinder,dns,r,AAAA,False,0.000199,,144
iotfinder,dns,r,AAAA,False,0.0002,,147
iotfinder,dns,r,AAAA,False,0.000201,,134
iotfinder,dns,r,AAAA,False,0.000202,,155
iotfinder,dns,r,AAAA,False,0.000203,,125
iotfinder,dns,r,AAAA,False,0.000204,1,82
iotfinder,dns,r,AAAA,False,0.000205,,89
iotfinder,dns,r,AAAA,False,0.000206,1,107
iotfinder,dns,r,AAAA,False,0.000207,,81
iotfinder,dns,r,AAAA,False,0.000208,,95
iotfinder,dns,r,AAAA,False,0.000209,,99
iotfinder,dns,r,AAAA,False,0.00021,,82
iotfinder,dns,r,AAAA,False,0.000211,,71
iotfinder,dns,r,AAAA,False,0.000212,,55
iotfinder,dns,r,AAAA,False,0.000213,,66
iotfinder,dns,r,AAAA,False,0.000214,,54
iotfinder,dns,r,AAAA,False,0.000215,,57
iotfinder,dns,r,AAAA,False,0.000216,1,42
iotfinder,dns,r,AAAA,False,0.000217,,46
iotfinder,dns,r,AAAA,False,0.000218,,49
iotfinder,dns,r,AAAA,False,0.000219,,38
iotfinder,dns,r,AAAA,False,0.00022,,50
iotfinder,dns,r,AAAA,False,0.000221,,48
iotfinder,dns,r,AAAA,False,0.000222,,26
iotfinder,dns,r,AAAA,False,0.000223,,32
iotfinder,dns,r,AAAA,False,0.000224,,19
iotfinder,dns,r,AAAA,False,0.000225,,18
iotfinder,dns,r,AAAA,False,0.000226,,18
iotfinder,dns,r,AAAA,False,0.000227,,9
iotfinder,dns,r,AAAA,False,0.000228,,12
iotfinder,dns,r,AAAA,False,0.000229,,24
iotfinder,dns,r,AAAA,False,0.00023,1,9
iotfinder,dns,r,AAAA,False,0.000231,,7
iotfinder,dns,r,AAAA,False,0.000232,,11
iotfinder,dns,r,AAAA,False,0.000233,,7
iotfinder,dns,r,AAAA,False,0.000234,,9
iotfinder,dns,r,AAAA,False,0.000235,,8
iotfinder,dns,r,AAAA,False,0.000236,,13
iotfinder,dns,r,AAAA,False,0.000237,,17
iotfinder,dns,r,AAAA,False,0.000238,,24
iotfinder,dns,r,AAAA,False,0.000239,,28
iotfinder,dns,r,AAAA,False,0.00024,,48
iotfinder,dns,r,AAAA,False,0.000241,1,45
iotfinder,dns,r,AAAA,False,0.000242,,60
iotfinder,dns,r,AAAA,False,0.000243,,94
iotfinder,dns,r,AAAA,False,0.000244,,101
iotfinder,dns,r,AAAA,False,0.000245,,104
iotfinder,dns,r,AAAA,False,0.000246,,105
iotfinder,dns,r,AAAA,False,0.000247,,111
iotfinder,dns,r,AAAA,False,0.000248,,118
iotfinder,dns,r,AAAA,False,0.000249,,122
iotfinder,dns,r,AAAA,False,0.00025,,125
iotfinder,dns,r,AAAA,False,0.000251,,147
iotfinder,dns,r,AAAA,False,0.000252,,153
iotfinder,dns,r,AAAA,False,0.000253,,144
iotfinder,dns,r,AAAA,False,0.000254,,173
iotfinder,dns,r,AAAA,False,0.000255,,139
iotfinder,dns,r,AAAA,False,0.000256,,128
iotfinder,dns,r,AAAA,False,0.000257,,148
iotfinder,dns,r,AAAA,False,0.000258,,141
iotfinder,dns,r,AAAA,False,0.000259,,134
iotfinder,dns,r,AAAA,False,0.00026,,105
iotfinder,dns,r,AAAA,False,0.000261,,141
iotfinder,dns,r,AAAA,False,0.000262,,123
iotfinder,dns,r,AAAA,False,0.000263,,103
iotfinder,dns,r,AAAA,False,0.000264,,81
iotfinder,dns,r,AAAA,False,0.000265,,76
iotfinder,dns,r,AAAA,False,0.000266,,56
iotfinder,dns,r,AAAA,False,0.000267,,63
iotfinder,dns,r,AAAA,False,0.000268,,53
iotfinder,dns,r,AAAA,False,0.000269,,39
iotfinder,dns,r,AAAA,False,0.00027,,31
iotfinder,dns,r,AAAA,False,0.000271,,41
iotfinder,dns,r,AAAA,False,0.000272,,21
iotfinder,dns,r,AAAA,False,0.000273,,27
iotfinder,dns,r,AAAA,False,0.000274,,17
iotfinder,dns,r,AAAA,False,0.000275,,27
iotfinder,dns,r,AAAA,False,0.000276,,16
iotfinder,dns,r,AAAA,False,0.000277,,18
iotfinder,dns,r,AAAA,False,0.000278,,9
iotfinder,dns,r,AAAA,False,0.000279,,8
iotfinder,dns,r,AAAA,False,0.00028,,8
iotfinder,dns,r,AAAA,False,0.000281,,8
iotfinder,dns,r,AAAA,False,0.000282,,7
iotfinder,dns,r,AAAA,False,0.000283,,6
iotfinder,dns,r,AAAA,False,0.000284,,6
iotfinder,dns,r,AAAA,False,0.000285,,3
iotfinder,dns,r,AAAA,False,0.000286,,4
iotfinder,dns,r,AAAA,False,0.000287,,2
iotfinder,dns,r,AAAA,False,0.000288,,3
iotfinder,dns,r,AAAA,False,0.000289,,2
iotfinder,dns,r,AAAA,False,0.00029,,2
iotfinder,dns,r,AAAA,False,0.000292,,1
iotfinder,dns,r,AAAA,False,0.000294,,1
iotfinder,dns,r,AAAA,False,0.000295,,1
iotfinder,dns,r,AAAA,False,0.000304,,1
iotfinder,dns,r,AAAA,False,0.000307,,1
iotfinder,dns,r,AAAA,False,0.00031,,1
iotfinder,dns,r,AAAA,False,0.000319,,1
iotfinder,dns,r,AAAA,False,0.000325,,1
iotfinder,dns,r,AAAA,False,0.000328,,1
iotfinder,dns,r,AAAA,False,0.000332,,2
iotfinder,dns,r,AAAA,False,0.000337,,1
iotfinder,dns,r,AAAA,False,0.000343,,1
iotfinder,dns,r,AAAA,False,0.000346,,1
iotfinder,dns,r,AAAA,False,0.00035,,1
iotfinder,dns,r,AAAA,False,0.000383,,1
iotfinder,dns,r,AAAA,False,0.000656,,1
iotfinder,dns,r,PTR,False,8.8e-05,24,
iotfinder,dns,r,PTR,False,8.9e-05,25,
iotfinder,dns,r,PTR,False,9e-05,1,
iotfinder,dns,r,PTR,False,9.1e-05,2,
iotfinder,dns,r,PTR,False,9.2e-05,28,
iotfinder,dns,r,PTR,False,9.3e-05,29,
iotfinder,dns,r,PTR,False,9.4e-05,7,
iotfinder,dns,r,PTR,False,9.5e-05,13,
iotfinder,dns,r,PTR,False,9.6e-05,54,
iotfinder,dns,r,PTR,False,9.7e-05,88,
iotfinder,dns,r,PTR,False,9.8e-05,236,
iotfinder,dns,r,PTR,False,9.9e-05,286,
iotfinder,dns,r,PTR,False,0.0001,572,
iotfinder,dns,r,PTR,False,0.000101,621,
iotfinder,dns,r,PTR,False,0.000102,650,
iotfinder,dns,r,PTR,False,0.000103,745,
iotfinder,dns,r,PTR,False,0.000104,739,
iotfinder,dns,r,PTR,False,0.000105,699,
iotfinder,dns,r,PTR,False,0.000106,582,
iotfinder,dns,r,PTR,False,0.000107,544,
iotfinder,dns,r,PTR,False,0.000108,437,
iotfinder,dns,r,PTR,False,0.000109,307,
iotfinder,dns,r,PTR,False,0.00011,273,
iotfinder,dns,r,PTR,False,0.000111,181,
iotfinder,dns,r,PTR,False,0.000112,84,
iotfinder,dns,r,PTR,False,0.000113,88,
iotfinder,dns,r,PTR,False,0.000114,47,
iotfinder,dns,r,PTR,False,0.000115,31,
iotfinder,dns,r,PTR,False,0.000116,23,
iotfinder,dns,r,PTR,False,0.000117,45,
iotfinder,dns,r,PTR,False,0.000118,86,
iotfinder,dns,r,PTR,False,0.000119,184,
iotfinder,dns,r,PTR,False,0.00012,327,
iotfinder,dns,r,PTR,False,0.000121,442,
iotfinder,dns,r,PTR,False,0.000122,551,1
iotfinder,dns,r,PTR,False,0.000123,571,1
iotfinder,dns,r,PTR,False,0.000124,618,6
iotfinder,dns,r,PTR,False,0.000125,692,20
iotfinder,dns,r,PTR,False,0.000126,771,21
iotfinder,dns,r,PTR,False,0.000127,745,6
iotfinder,dns,r,PTR,False,0.000128,683,2
iotfinder,dns,r,PTR,False,0.000129,614,19
iotfinder,dns,r,PTR,False,0.00013,581,26
iotfinder,dns,r,PTR,False,0.000131,459,22
iotfinder,dns,r,PTR,False,0.000132,374,18
iotfinder,dns,r,PTR,False,0.000133,308,17
iotfinder,dns,r,PTR,False,0.000134,244,4
iotfinder,dns,r,PTR,False,0.000135,174,27
iotfinder,dns,r,PTR,False,0.000136,142,46
iotfinder,dns,r,PTR,False,0.000137,130,79
iotfinder,dns,r,PTR,False,0.000138,79,125
iotfinder,dns,r,PTR,False,0.000139,59,176
iotfinder,dns,r,PTR,False,0.00014,34,230
iotfinder,dns,r,PTR,False,0.000141,18,339
iotfinder,dns,r,PTR,False,0.000142,5,438
iotfinder,dns,r,PTR,False,0.000143,6,496
iotfinder,dns,r,PTR,False,0.000144,2,579
iotfinder,dns,r,PTR,False,0.000145,1,577
iotfinder,dns,r,PTR,False,0.000146,1,596
iotfinder,dns,r,PTR,False,0.000147,1,540
iotfinder,dns,r,PTR,False,0.000148,,456
iotfinder,dns,r,PTR,False,0.000149,,425
iotfinder,dns,r,PTR,False,0.00015,1,419
iotfinder,dns,r,PTR,False,0.000151,,370
iotfinder,dns,r,PTR,False,0.000152,,337
iotfinder,dns,r,PTR,False,0.000153,,249
iotfinder,dns,r,PTR,False,0.000154,1,232
iotfinder,dns,r,PTR,False,0.000155,6,141
iotfinder,dns,r,PTR,False,0.000156,4,117
iotfinder,dns,r,PTR,False,0.000157,4,84
iotfinder,dns,r,PTR,False,0.000158,2,47
iotfinder,dns,r,PTR,False,0.000159,3,26
iotfinder,dns,r,PTR,False,0.00016,1,45
iotfinder,dns,r,PTR,False,0.000161,6,47
iotfinder,dns,r,PTR,False,0.000162,5,66
iotfinder,dns,r,PTR,False,0.000163,5,87
iotfinder,dns,r,PTR,False,0.000164,22,140
iotfinder,dns,r,PTR,False,0.000165,19,243
iotfinder,dns,r,PTR,False,0.000166,17,268
iotfinder,dns,r,PTR,False,0.000167,24,324
iotfinder,dns,r,PTR,False,0.000168,32,301
iotfinder,dns,r,PTR,False,0.000169,30,312
iotfinder,dns,r,PTR,False,0.00017,46,348
iotfinder,dns,r,PTR,False,0.000171,37,420
iotfinder,dns,r,PTR,False,0.000172,45,435
iotfinder,dns,r,PTR,False,0.000173,54,478
iotfinder,dns,r,PTR,False,0.000174,32,432
iotfinder,dns,r,PTR,False,0.000175,37,391
iotfinder,dns,r,PTR,False,0.000176,40,411
iotfinder,dns,r,PTR,False,0.000177,37,438
iotfinder,dns,r,PTR,False,0.000178,29,403
iotfinder,dns,r,PTR,False,0.000179,33,334
iotfinder,dns,r,PTR,False,0.00018,23,315
iotfinder,dns,r,PTR,False,0.000181,36,266
iotfinder,dns,r,PTR,False,0.000182,30,265
iotfinder,dns,r,PTR,False,0.000183,20,237
iotfinder,dns,r,PTR,False,0.000184,20,215
iotfinder,dns,r,PTR,False,0.000185,19,189
iotfinder,dns,r,PTR,False,0.000186,13,169
iotfinder,dns,r,PTR,False,0.000187,9,160
iotfinder,dns,r,PTR,False,0.000188,10,139
iotfinder,dns,r,PTR,False,0.000189,9,149
iotfinder,dns,r,PTR,False,0.00019,9,138
iotfinder,dns,r,PTR,False,0.000191,7,108
iotfinder,dns,r,PTR,False,0.000192,7,109
iotfinder,dns,r,PTR,False,0.000193,9,99
iotfinder,dns,r,PTR,False,0.000194,4,83
iotfinder,dns,r,PTR,False,0.000195,7,61
iotfinder,dns,r,PTR,False,0.000196,4,69
iotfinder,dns,r,PTR,False,0.000197,6,50
iotfinder,dns,r,PTR,False,0.000198,1,44
iotfinder,dns,r,PTR,False,0.000199,2,42
iotfinder,dns,r,PTR,False,0.0002,1,34
iotfinder,dns,r,PTR,False,0.000201,2,31
iotfinder,dns,r,PTR,False,0.000202,1,33
iotfinder,dns,r,PTR,False,0.000203,4,17
iotfinder,dns,r,PTR,False,0.000204,2,20
iotfinder,dns,r,PTR,False,0.000205,2,20
iotfinder,dns,r,PTR,False,0.000206,3,10
iotfinder,dns,r,PTR,False,0.000207,,8
iotfinder,dns,r,PTR,False,0.000208,,10
iotfinder,dns,r,PTR,False,0.000209,,7
iotfinder,dns,r,PTR,False,0.00021,2,10
iotfinder,dns,r,PTR,False,0.000211,2,10
iotfinder,dns,r,PTR,False,0.000212,,13
iotfinder,dns,r,PTR,False,0.000213,1,13
iotfinder,dns,r,PTR,False,0.000214,,8
iotfinder,dns,r,PTR,False,0.000215,,14
iotfinder,dns,r,PTR,False,0.000216,,11
iotfinder,dns,r,PTR,False,0.000217,,12
iotfinder,dns,r,PTR,False,0.000218,,15
iotfinder,dns,r,PTR,False,0.000219,,17
iotfinder,dns,r,PTR,False,0.00022,,27
iotfinder,dns,r,PTR,False,0.000221,,15
iotfinder,dns,r,PTR,False,0.000222,,17
iotfinder,dns,r,PTR,False,0.000223,,14
iotfinder,dns,r,PTR,False,0.000224,,21
iotfinder,dns,r,PTR,False,0.000225,,30
iotfinder,dns,r,PTR,False,0.000226,,19
iotfinder,dns,r,PTR,False,0.000227,,26
iotfinder,dns,r,PTR,False,0.000228,,25
iotfinder,dns,r,PTR,False,0.000229,,30
iotfinder,dns,r,PTR,False,0.00023,,30
iotfinder,dns,r,PTR,False,0.000231,,26
iotfinder,dns,r,PTR,False,0.000232,,27
iotfinder,dns,r,PTR,False,0.000233,,28
iotfinder,dns,r,PTR,False,0.000234,,26
iotfinder,dns,r,PTR,False,0.000235,,25
iotfinder,dns,r,PTR,False,0.000236,,26
iotfinder,dns,r,PTR,False,0.000237,,29
iotfinder,dns,r,PTR,False,0.000238,,18
iotfinder,dns,r,PTR,False,0.000239,,21
iotfinder,dns,r,PTR,False,0.00024,,22
iotfinder,dns,r,PTR,False,0.000241,,19
iotfinder,dns,r,PTR,False,0.000242,,25
iotfinder,dns,r,PTR,False,0.000243,,20
iotfinder,dns,r,PTR,False,0.000244,,18
iotfinder,dns,r,PTR,False,0.000245,,22
iotfinder,dns,r,PTR,False,0.000246,,12
iotfinder,dns,r,PTR,False,0.000247,,15
iotfinder,dns,r,PTR,False,0.000248,,9
iotfinder,dns,r,PTR,False,0.000249,,10
iotfinder,dns,r,PTR,False,0.00025,,18
iotfinder,dns,r,PTR,False,0.000251,,5
iotfinder,dns,r,PTR,False,0.000252,,7
iotfinder,dns,r,PTR,False,0.000253,,5
iotfinder,dns,r,PTR,False,0.000254,,8
iotfinder,dns,r,PTR,False,0.000255,,5
iotfinder,dns,r,PTR,False,0.000256,,5
iotfinder,dns,r,PTR,False,0.000257,,4
iotfinder,dns,r,PTR,False,0.000258,,7
iotfinder,dns,r,PTR,False,0.000259,,3
iotfinder,dns,r,PTR,False,0.00026,,4
iotfinder,dns,r,PTR,False,0.000261,,2
iotfinder,dns,r,PTR,False,0.000262,,2
iotfinder,dns,r,PTR,False,0.000263,,3
iotfinder,dns,r,PTR,False,0.000264,,1
iotfinder,dns,r,PTR,False,0.000265,,1
iotfinder,dns,r,PTR,False,0.000266,,5
iotfinder,dns,r,PTR,False,0.000269,,1
iotfinder,dns,r,PTR,False,0.00027,,1
iotfinder,dns,r,PTR,False,0.000272,,2
iotfinder,dns,r,PTR,False,0.000273,,2
moniotr,dns,r,A,True,7.6e-05,1,
moniotr,dns,r,A,True,7.7e-05,2,
moniotr,dns,r,A,True,7.8e-05,8,
moniotr,dns,r,A,True,7.9e-05,4,
moniotr,dns,r,A,True,8e-05,4,
moniotr,dns,r,A,True,8.1e-05,3,
moniotr,dns,r,A,True,8.2e-05,5,
moniotr,dns,r,A,True,8.3e-05,1,
moniotr,dns,r,A,True,8.4e-05,1,
moniotr,dns,r,A,True,8.6e-05,1,
moniotr,dns,r,A,True,0.000129,,2
moniotr,dns,r,A,True,0.00013,,1
moniotr,dns,r,A,True,0.000131,,2
moniotr,dns,r,A,True,0.000132,,5
moniotr,dns,r,A,True,0.000133,,4
moniotr,dns,r,A,True,0.000134,,3
moniotr,dns,r,A,True,0.000135,,5
moniotr,dns,r,A,True,0.000136,,1
moniotr,dns,r,A,True,0.000137,,2
moniotr,dns,r,A,True,0.000138,,3
moniotr,dns,r,A,True,0.000142,,1
moniotr,dns,r,A,True,0.000147,,1
moniotr,dns,r,A,True,0.000172,2,
moniotr,dns,r,A,True,0.000174,1,
moniotr,dns,r,A,True,0.000176,2,
moniotr,dns,r,A,True,0.000179,3,
moniotr,dns,r,A,True,0.00018,4,
moniotr,dns,r,A,True,0.000181,1,
moniotr,dns,r,A,True,0.000182,2,
moniotr,dns,r,A,True,0.000183,3,
moniotr,dns,r,A,True,0.000184,6,
moniotr,dns,r,A,True,0.000185,3,
moniotr,dns,r,A,True,0.000187,1,
moniotr,dns,r,A,True,0.000188,2,
moniotr,dns,r,A,True,0.000189,3,
moniotr,dns,r,A,True,0.00019,3,
moniotr,dns,r,A,True,0.000191,5,
moniotr,dns,r,A,True,0.000192,2,
moniotr,dns,r,A,True,0.000193,4,
moniotr,dns,r,A,True,0.000194,2,
moniotr,dns,r,A,True,0.000195,2,
moniotr,dns,r,A,True,0.000196,6,
moniotr,dns,r,A,True,0.000197,2,
moniotr,dns,r,A,True,0.000198,5,
moniotr,dns,r,A,True,0.000199,9,
moniotr,dns,r,A,True,0.0002,5,
moniotr,dns,r,A,True,0.000201,3,
moniotr,dns,r,A,True,0.000202,3,
moniotr,dns,r,A,True,0.000203,2,
moniotr,dns,r,A,True,0.000205,2,
moniotr,dns,r,A,True,0.000208,1,
moniotr,dns,r,A,True,0.00021,1,
moniotr,dns,r,A,True,0.000211,1,
moniotr,dns,r,A,True,0.000212,1,
moniotr,dns,r,A,True,0.000221,1,
moniotr,dns,r,A,True,0.000222,,1
moniotr,dns,r,A,True,0.000237,,1
moniotr,dns,r,A,True,0.00024,,1
moniotr,dns,r,A,True,0.000241,,1
moniotr,dns,r,A,True,0.000247,,4
moniotr,dns,r,A,True,0.000248,,4
moniotr,dns,r,A,True,0.000249,,3
moniotr,dns,r,A,True,0.00025,,2
moniotr,dns,r,A,True,0.000251,,2
moniotr,dns,r,A,True,0.000252,,2
moniotr,dns,r,A,True,0.000253,,1
moniotr,dns,r,A,True,0.000254,,3
moniotr,dns,r,A,True,0.000255,,5
moniotr,dns,r,A,True,0.000256,,1
moniotr,dns,r,A,True,0.000257,,3
moniotr,dns,r,A,True,0.000259,,2
moniotr,dns,r,A,True,0.00026,,6
moniotr,dns,r,A,True,0.000261,,1
moniotr,dns,r,A,True,0.000262,,4
moniotr,dns,r,A,True,0.000263,,2
moniotr,dns,r,A,True,0.000264,,6
moniotr,dns,r,A,True,0.000266,,3
moniotr,dns,r,A,True,0.000267,,4
moniotr,dns,r,A,True,0.000268,,4
moniotr,dns,r,A,True,0.000269,,3
moniotr,dns,r,A,True,0.00027,,7
moniotr,dns,r,A,True,0.000271,,2
moniotr,dns,r,A,True,0.000273,,3
moniotr,dns,r,A,True,0.000274,,1
moniotr,dns,r,A,True,0.000276,,5
moniotr,dns,r,A,True,0.000277,,1
moniotr,dns,r,A,True,0.000279,,2
moniotr,dns,r,A,True,0.000285,,1
moniotr,dns,r,A,True,0.000286,,1
moniotr,dns,r,A,True,0.000291,,1
moniotr,dns,r,A,False,0.000176,4,
moniotr,dns,r,A,False,0.000177,1,
moniotr,dns,r,A,False,0.00018,1,
moniotr,dns,r,A,False,0.000196,1,
moniotr,dns,r,A,False,0.000245,,1
moniotr,dns,r,A,False,0.000246,,2
moniotr,dns,r,A,False,0.000247,,3
moniotr,dns,r,A,False,0.000263,,1
moniotr,dns,r,AAAA,True,7.3e-05,6,
moniotr,dns,r,AAAA,True,7.4e-05,19,
moniotr,dns,r,AAAA,True,7.5e-05,4,
moniotr,dns,r,AAAA,True,7.6e-05,1,
moniotr,dns,r,AAAA,True,7.7e-05,2,
moniotr,dns,r,AAAA,True,7.8e-05,1,
moniotr,dns,r,AAAA,True,7.9e-05,6,
moniotr,dns,r,AAAA,True,8e-05,3,
moniotr,dns,r,AAAA,True,8.1e-05,8,
moniotr,dns,r,AAAA,True,8.2e-05,28,
moniotr,dns,r,AAAA,True,8.3e-05,46,
moniotr,dns,r,AAAA,True,8.4e-05,23,
moniotr,dns,r,AAAA,True,8.5e-05,23,
moniotr,dns,r,AAAA,True,8.6e-05,28,
moniotr,dns,r,AAAA,True,8.7e-05,34,
moniotr,dns,r,AAAA,True,8.8e-05,45,
moniotr,dns,r,AAAA,True,8.9e-05,36,
moniotr,dns,r,AAAA,True,9e-05,24,
moniotr,dns,r,AAAA,True,9.1e-05,22,
moniotr,dns,r,AAAA,True,9.2e-05,11,
moniotr,dns,r,AAAA,True,9.3e-05,6,
moniotr,dns,r,AAAA,True,9.4e-05,1,
moniotr,dns,r,AAAA,True,9.5e-05,2,
moniotr,dns,r,AAAA,True,9.8e-05,1,
moniotr,dns,r,AAAA,True,9.9e-05,1,
moniotr,dns,r,AAAA,True,0.0001,1,
moniotr,dns,r,AAAA,True,0.00013,1,
moniotr,dns,r,AAAA,True,0.000146,,5
moniotr,dns,r,AAAA,True,0.000147,,13
moniotr,dns,r,AAAA,True,0.000148,,7
moniotr,dns,r,AAAA,True,0.000149,,3
moniotr,dns,r,AAAA,True,0.00015,,1
moniotr,dns,r,AAAA,True,0.000151,,2
moniotr,dns,r,AAAA,True,0.000153,,1
moniotr,dns,r,AAAA,True,0.000154,,1
moniotr,dns,r,AAAA,True,0.000155,,1
moniotr,dns,r,AAAA,True,0.000156,,1
moniotr,dns,r,AAAA,True,0.000157,,3
moniotr,dns,r,AAAA,True,0.000159,,2
moniotr,dns,r,AAAA,True,0.00016,,2
moniotr,dns,r,AAAA,True,0.000161,,5
moniotr,dns,r,AAAA,True,0.000162,,12
moniotr,dns,r,AAAA,True,0.000163,,12
moniotr,dns,r,AAAA,True,0.000164,,25
moniotr,dns,r,AAAA,True,0.000165,,14
moniotr,dns,r,AAAA,True,0.000166,,21
moniotr,dns,r,AAAA,True,0.000167,,18
moniotr,dns,r,AAAA,True,0.000168,,21
moniotr,dns,r,AAAA,True,0.000169,,22
moniotr,dns,r,AAAA,True,0.00017,,16
moniotr,dns,r,AAAA,True,0.000171,,20
moniotr,dns,r,AAAA,True,0.000172,,22
moniotr,dns,r,AAAA,True,0.000173,,16
moniotr,dns,r,AAAA,True,0.000174,,11
moniotr,dns,r,AAAA,True,0.000175,,22
moniotr,dns,r,AAAA,True,0.000176,,10
moniotr,dns,r,AAAA,True,0.000177,,11
moniotr,dns,r,AAAA,True,0.000178,,9
moniotr,dns,r,AAAA,True,0.000179,,11
moniotr,dns,r,AAAA,True,0.00018,,8
moniotr,dns,r,AAAA,True,0.000181,,14
moniotr,dns,r,AAAA,True,0.000182,,7
moniotr,dns,r,AAAA,True,0.000183,,5
moniotr,dns,r,AAAA,True,0.000184,,5
moniotr,dns,r,AAAA,True,0.000185,,1
moniotr,dns,r,AAAA,True,0.000186,,1
moniotr,dns,r,AAAA,True,0.00019,,1
moniotr,dns,r,AAAA,True,0.000191,,1
moniotr,dns,r,AAAA,False,8.2e-05,3,
moniotr,dns,r,AAAA,False,8.3e-05,4,
moniotr,dns,r,AAAA,False,8.4e-05,9,
moniotr,dns,r,AAAA,False,0.000102,1,
moniotr,dns,r,AAAA,False,0.00017,,4
moniotr,dns,r,AAAA,False,0.000172,,7
moniotr,dns,r,AAAA,False,0.000173,,2
moniotr,dns,r,AAAA,False,0.000174,,3
moniotr,dns,r,AAAA,False,0.000175,,1
moniotr,dns,r,PTR,True,0.000124,1,
moniotr,dns,r,PTR,True,0.000125,1,
moniotr,dns,r,PTR,True,0.000126,1,
moniotr,dns,r,PTR,True,0.000133,1,
moniotr,dns,r,PTR,True,0.000134,2,
moniotr,dns,r,PTR,True,0.000181,,1
moniotr,dns,r,PTR,True,0.000184,,1
moniotr,dns,r,PTR,True,0.000185,,1
moniotr,dns,r,PTR,True,0.000193,,1
moniotr,dns,r,PTR,True,0.000195,,1
moniotr,dns,r,PTR,True,0.000214,,1
yourthings,mdns,r,PTR,True,0.000117,1,
yourthings,mdns,r,PTR,True,0.000118,2,
yourthings,mdns,r,PTR,True,0.000119,2,
yourthings,mdns,r,PTR,True,0.00012,2,
yourthings,mdns,r,PTR,True,0.000121,1,
yourthings,mdns,r,PTR,True,0.000124,1,
yourthings,mdns,r,PTR,True,0.000125,3,
yourthings,mdns,r,PTR,True,0.000126,1,
yourthings,mdns,r,PTR,True,0.000127,3,
yourthings,mdns,r,PTR,True,0.000129,2,
yourthings,mdns,r,PTR,True,0.00013,2,
yourthings,mdns,r,PTR,True,0.000133,1,
yourthings,mdns,r,PTR,True,0.000134,1,
yourthings,mdns,r,PTR,True,0.000135,1,
yourthings,mdns,r,PTR,True,0.000136,1,
yourthings,mdns,r,PTR,True,0.000153,,1
yourthings,mdns,r,PTR,True,0.000156,,1
yourthings,mdns,r,PTR,True,0.000157,,1
yourthings,mdns,r,PTR,True,0.000159,,3
yourthings,mdns,r,PTR,True,0.000163,,1
yourthings,mdns,r,PTR,True,0.000165,,1
yourthings,mdns,r,PTR,True,0.000168,,3
yourthings,mdns,r,PTR,True,0.000169,,1
yourthings,mdns,r,PTR,True,0.00017,,1
yourthings,mdns,r,PTR,True,0.000172,,1
yourthings,mdns,r,PTR,True,0.000173,,1
yourthings,mdns,r,PTR,True,0.000178,,1
yourthings,mdns,r,PTR,True,0.000186,,2
yourthings,mdns,r,PTR,True,0.000187,,2
yourthings,mdns,r,PTR,True,0.000189,,1
yourthings,mdns,r,PTR,True,0.000193,,1
yourthings,mdns,r,PTR,True,0.000197,,1
yourthings,mdns,r,PTR,True,0.000203,,1
yourthings,dns,r,A,True,2.4e-05,7,
yourthings,dns,r,A,True,2.5e-05,56,
yourthings,dns,r,A,True,2.6e-05,150,
yourthings,dns,r,A,True,2.7e-05,126,
yourthings,dns,r,A,True,2.8e-05,50,
yourthings,dns,r,A,True,2.9e-05,20,
yourthings,dns,r,A,True,3e-05,15,
yourthings,dns,r,A,True,3.1e-05,3,
yourthings,dns,r,A,True,3.2e-05,1,
yourthings,dns,r,A,True,3.4e-05,3,
yourthings,dns,r,A,True,3.5e-05,2,
yourthings,dns,r,A,True,3.6e-05,1,
yourthings,dns,r,A,True,3.7e-05,1,
yourthings,dns,r,A,True,6.1e-05,,1
yourthings,dns,r,A,True,6.2e-05,,2
yourthings,dns,r,A,True,6.3e-05,,5
yourthings,dns,r,A,True,6.4e-05,,19
yourthings,dns,r,A,True,6.5e-05,,63
yourthings,dns,r,A,True,6.6e-05,,55
yourthings,dns,r,A,True,6.7e-05,,50
yourthings,dns,r,A,True,6.8e-05,,52
yourthings,dns,r,A,True,6.9e-05,,49
yourthings,dns,r,A,True,7e-05,1,44
yourthings,dns,r,A,True,7.1e-05,,33
yourthings,dns,r,A,True,7.2e-05,,21
yourthings,dns,r,A,True,7.3e-05,,18
yourthings,dns,r,A,True,7.4e-05,5,6
yourthings,dns,r,A,True,7.5e-05,5,9
yourthings,dns,r,A,True,7.6e-05,11,2
yourthings,dns,r,A,True,7.7e-05,10,1
yourthings,dns,r,A,True,7.8e-05,7,
yourthings,dns,r,A,True,7.9e-05,6,1
yourthings,dns,r,A,True,8e-05,11,2
yourthings,dns,r,A,True,8.1e-05,9,1
yourthings,dns,r,A,True,8.2e-05,13,1
yourthings,dns,r,A,True,8.3e-05,10,
yourthings,dns,r,A,True,8.4e-05,6,
yourthings,dns,r,A,True,8.5e-05,2,
yourthings,dns,r,A,True,8.6e-05,2,
yourthings,dns,r,A,True,8.7e-05,3,
yourthings,dns,r,A,True,8.8e-05,3,
yourthings,dns,r,A,True,9e-05,1,
yourthings,dns,r,A,True,0.000108,1,
yourthings,dns,r,A,True,0.00011,1,
yourthings,dns,r,A,True,0.000115,2,
yourthings,dns,r,A,True,0.000116,2,
yourthings,dns,r,A,True,0.000117,3,
yourthings,dns,r,A,True,0.000118,6,
yourthings,dns,r,A,True,0.000119,4,1
yourthings,dns,r,A,True,0.00012,3,
yourthings,dns,r,A,True,0.000121,2,
yourthings,dns,r,A,True,0.000122,1,
yourthings,dns,r,A,True,0.000123,5,
yourthings,dns,r,A,True,0.000124,2,
yourthings,dns,r,A,True,0.000127,2,2
yourthings,dns,r,A,True,0.000128,1,6
yourthings,dns,r,A,True,0.000129,2,4
yourthings,dns,r,A,True,0.00013,,9
yourthings,dns,r,A,True,0.000131,,6
yourthings,dns,r,A,True,0.000132,,5
yourthings,dns,r,A,True,0.000133,1,6
yourthings,dns,r,A,True,0.000134,,7
yourthings,dns,r,A,True,0.000135,,6
yourthings,dns,r,A,True,0.000136,,2
yourthings,dns,r,A,True,0.000137,,6
yourthings,dns,r,A,True,0.000138,,5
yourthings,dns,r,A,True,0.000139,,3
yourthings,dns,r,A,True,0.00014,,2
yourthings,dns,r,A,True,0.000141,,4
yourthings,dns,r,A,True,0.000142,1,10
yourthings,dns,r,A,True,0.000143,,6
yourthings,dns,r,A,True,0.000144,,5
yourthings,dns,r,A,True,0.000145,,2
yourthings,dns,r,A,True,0.000146,1,3
yourthings,dns,r,A,True,0.000148,,1
yourthings,dns,r,A,True,0.00015,,1
yourthings,dns,r,A,True,0.000152,,1
yourthings,dns,r,A,True,0.000154,,1
yourthings,dns,r,A,True,0.000155,,1
yourthings,dns,r,A,True,0.000156,,1
yourthings,dns,r,A,True,0.000159,1,
yourthings,dns,r,A,True,0.000161,1,
yourthings,dns,r,A,True,0.000166,,3
yourthings,dns,r,A,True,0.000167,1,3
yourthings,dns,r,A,True,0.000168,,3
yourthings,dns,r,A,True,0.000169,,5
yourthings,dns,r,A,True,0.00017,1,2
yourthings,dns,r,A,True,0.000171,2,3
yourthings,dns,r,A,True,0.000172,,1
yourthings,dns,r,A,True,0.000173,3,1
yourthings,dns,r,A,True,0.000174,1,2
yourthings,dns,r,A,True,0.000175,3,1
yourthings,dns,r,A,True,0.000176,3,3
yourthings,dns,r,A,True,0.000177,5,2
yourthings,dns,r,A,True,0.000178,1,
yourthings,dns,r,A,True,0.000179,4,2
yourthings,dns,r,A,True,0.00018,8,1
yourthings,dns,r,A,True,0.000181,6,
yourthings,dns,r,A,True,0.000182,6,1
yourthings,dns,r,A,True,0.000183,16,1
yourthings,dns,r,A,True,0.000184,19,1
yourthings,dns,r,A,True,0.000185,19,
yourthings,dns,r,A,True,0.000186,22,
yourthings,dns,r,A,True,0.000187,19,
yourthings,dns,r,A,True,0.000188,38,1
yourthings,dns,r,A,True,0.000189,33,
yourthings,dns,r,A,True,0.00019,36,
yourthings,dns,r,A,True,0.000191,32,
yourthings,dns,r,A,True,0.000192,35,1
yourthings,dns,r,A,True,0.000193,30,
yourthings,dns,r,A,True,0.000194,31,
yourthings,dns,r,A,True,0.000195,37,
yourthings,dns,r,A,True,0.000196,28,
yourthings,dns,r,A,True,0.000197,36,
yourthings,dns,r,A,True,0.000198,41,
yourthings,dns,r,A,True,0.000199,22,
yourthings,dns,r,A,True,0.0002,23,
yourthings,dns,r,A,True,0.000201,33,
yourthings,dns,r,A,True,0.000202,29,
yourthings,dns,r,A,True,0.000203,24,
yourthings,dns,r,A,True,0.000204,17,
yourthings,dns,r,A,True,0.000205,11,
yourthings,dns,r,A,True,0.000206,13,
yourthings,dns,r,A,True,0.000207,9,
yourthings,dns,r,A,True,0.000208,15,
yourthings,dns,r,A,True,0.000209,10,
yourthings,dns,r,A,True,0.00021,8,
yourthings,dns,r,A,True,0.000211,6,
yourthings,dns,r,A,True,0.000212,1,
yourthings,dns,r,A,True,0.000213,5,
yourthings,dns,r,A,True,0.000214,2,
yourthings,dns,r,A,True,0.000216,2,
yourthings,dns,r,A,True,0.000217,2,
yourthings,dns,r,A,True,0.000219,1,
yourthings,dns,r,A,True,0.00022,,1
yourthings,dns,r,A,True,0.000221,,2
yourthings,dns,r,A,True,0.000223,,2
yourthings,dns,r,A,True,0.000224,,1
yourthings,dns,r,A,True,0.000225,,3
yourthings,dns,r,A,True,0.000226,,4
yourthings,dns,r,A,True,0.000227,,1
yourthings,dns,r,A,True,0.000228,,2
yourthings,dns,r,A,True,0.000229,,2
yourthings,dns,r,A,True,0.00023,,2
yourthings,dns,r,A,True,0.000231,,6
yourthings,dns,r,A,True,0.000232,,2
yourthings,dns,r,A,True,0.000233,,2
yourthings,dns,r,A,True,0.000234,,1
yourthings,dns,r,A,True,0.000235,,4
yourthings,dns,r,A,True,0.000236,,2
yourthings,dns,r,A,True,0.000237,,5
yourthings,dns,r,A,True,0.000238,,6
yourthings,dns,r,A,True,0.000239,,6
yourthings,dns,r,A,True,0.00024,,8
yourthings,dns,r,A,True,0.000241,,10
yourthings,dns,r,A,True,0.000242,,4
yourthings,dns,r,A,True,0.000243,,9
yourthings,dns,r,A,True,0.000244,,6
yourthings,dns,r,A,True,0.000245,,7
yourthings,dns,r,A,True,0.000246,,6
yourthings,dns,r,A,True,0.000247,,7
yourthings,dns,r,A,True,0.000248,,6
yourthings,dns,r,A,True,0.000249,,11
yourthings,dns,r,A,True,0.00025,,13
yourthings,dns,r,A,True,0.000251,,9
yourthings,dns,r,A,True,0.000252,,12
yourthings,dns,r,A,True,0.000253,,14
yourthings,dns,r,A,True,0.000254,,19
yourthings,dns,r,A,True,0.000255,,22
yourthings,dns,r,A,True,0.000256,,18
yourthings,dns,r,A,True,0.000257,,16
yourthings,dns,r,A,True,0.000258,,36
yourthings,dns,r,A,True,0.000259,,29
yourthings,dns,r,A,True,0.00026,,18
yourthings,dns,r,A,True,0.000261,,20
yourthings,dns,r,A,True,0.000262,,17
yourthings,dns,r,A,True,0.000263,,21
yourthings,dns,r,A,True,0.000264,,21
yourthings,dns,r,A,True,0.000265,,24
yourthings,dns,r,A,True,0.000266,,28
yourthings,dns,r,A,True,0.000267,,17
yourthings,dns,r,A,True,0.000268,,24
yourthings,dns,r,A,True,0.000269,,23
yourthings,dns,r,A,True,0.00027,,21
yourthings,dns,r,A,True,0.000271,,21
yourthings,dns,r,A,True,0.000272,,27
yourthings,dns,r,A,True,0.000273,,21
yourthings,dns,r,A,True,0.000274,,11
yourthings,dns,r,A,True,0.000275,,17
yourthings,dns,r,A,True,0.000276,,16
yourthings,dns,r,A,True,0.000277,,13
yourthings,dns,r,A,True,0.000278,,9
yourthings,dns,r,A,True,0.000279,,5
yourthings,dns,r,A,True,0.00028,,6
yourthings,dns,r,A,True,0.000281,,9
yourthings,dns,r,A,True,0.000282,,6
yourthings,dns,r,A,True,0.000283,,9
yourthings,dns,r,A,True,0.000284,,5
yourthings,dns,r,A,True,0.000285,,5
yourthings,dns,r,A,True,0.000286,,6
yourthings,dns,r,A,True,0.000287,,2
yourthings,dns,r,A,True,0.000288,,3
yourthings,dns,r,A,True,0.000289,,2
yourthings,dns,r,A,True,0.00029,,1
yourthings,dns,r,A,True,0.000291,,1
yourthings,dns,r,A,True,0.000292,,1
yourthings,dns,r,A,True,0.000293,,2
yourthings,dns,r,A,True,0.000294,,1
yourthings,dns,r,A,True,0.000315,,1
yourthings,dns,r,A,True,0.000316,,1
yourthings,dns,r,A,True,0.000319,,1
yourthings,dns,r,A,True,0.000333,,1
yourthings,dns,r,A,False,2.1e-05,6,
yourthings,dns,r,A,False,2.2e-05,3,
yourthings,dns,r,A,False,2.3e-05,2,
yourthings,dns,r,A,False,6.3e-05,,1
yourthings,dns,r,A,False,6.4e-05,,3
yourthings,dns,r,A,False,6.5e-05,,4
yourthings,dns,r,A,False,6.6e-05,,2
yourthings,dns,r,A,False,7e-05,,1
yourthings,dns,r,A,False,0.000186,1,
yourthings,dns,r,A,False,0.000245,,1
yourthings,dns,r,AAAA,True,2e-05,3,
yourthings,dns,r,AAAA,True,2.1e-05,7,
yourthings,dns,r,AAAA,True,2.2e-05,39,
yourthings,dns,r,AAAA,True,2.3e-05,260,
yourthings,dns,r,AAAA,True,2.4e-05,1784,
yourthings,dns,r,AAAA,True,2.5e-05,3174,
yourthings,dns,r,AAAA,True,2.6e-05,3312,
yourthings,dns,r,AAAA,True,2.7e-05,3449,
yourthings,dns,r,AAAA,True,2.8e-05,3057,
yourthings,dns,r,AAAA,True,2.9e-05,1946,
yourthings,dns,r,AAAA,True,3e-05,670,
yourthings,dns,r,AAAA,True,3.1e-05,103,
yourthings,dns,r,AAAA,True,3.2e-05,22,
yourthings,dns,r,AAAA,True,3.3e-05,18,
yourthings,dns,r,AAAA,True,3.4e-05,36,
yourthings,dns,r,AAAA,True,3.5e-05,38,
yourthings,dns,r,AAAA,True,3.6e-05,34,
yourthings,dns,r,AAAA,True,3.7e-05,31,
yourthings,dns,r,AAAA,True,3.8e-05,24,
yourthings,dns,r,AAAA,True,3.9e-05,9,
yourthings,dns,r,AAAA,True,4e-05,3,
yourthings,dns,r,AAAA,True,4.1e-05,4,
yourthings,dns,r,AAAA,True,4.2e-05,1,
yourthings,dns,r,AAAA,True,4.3e-05,3,
yourthings,dns,r,AAAA,True,4.4e-05,4,
yourthings,dns,r,AAAA,True,5.6e-05,,1
yourthings,dns,r,AAAA,True,5.7e-05,,1
yourthings,dns,r,AAAA,True,5.8e-05,,3
yourthings,dns,r,AAAA,True,5.9e-05,,13
yourthings,dns,r,AAAA,True,6e-05,,23
yourthings,dns,r,AAAA,True,6.1e-05,,31
yourthings,dns,r,AAAA,True,6.2e-05,,102
yourthings,dns,r,AAAA,True,6.3e-05,,368
yourthings,dns,r,AAAA,True,6.4e-05,,812
yourthings,dns,r,AAAA,True,6.5e-05,,1353
yourthings,dns,r,AAAA,True,6.6e-05,,1737
yourthings,dns,r,AAAA,True,6.7e-05,,1986
yourthings,dns,r,AAAA,True,6.8e-05,,2169
yourthings,dns,r,AAAA,True,6.9e-05,,2108
yourthings,dns,r,AAAA,True,7e-05,,1896
yourthings,dns,r,AAAA,True,7.1e-05,,1614
yourthings,dns,r,AAAA,True,7.2e-05,,1345
yourthings,dns,r,AAAA,True,7.3e-05,,958
yourthings,dns,r,AAAA,True,7.4e-05,1,606
yourthings,dns,r,AAAA,True,7.5e-05,6,437
yourthings,dns,r,AAAA,True,7.6e-05,19,210
yourthings,dns,r,AAAA,True,7.7e-05,36,82
yourthings,dns,r,AAAA,True,7.8e-05,55,40
yourthings,dns,r,AAAA,True,7.9e-05,96,31
yourthings,dns,r,AAAA,True,8e-05,111,25
yourthings,dns,r,AAAA,True,8.1e-05,263,23
yourthings,dns,r,AAAA,True,8.2e-05,697,18
yourthings,dns,r,AAAA,True,8.3e-05,1744,11
yourthings,dns,r,AAAA,True,8.4e-05,3116,8
yourthings,dns,r,AAAA,True,8.5e-05,4394,4
yourthings,dns,r,AAAA,True,8.6e-05,5085,3
yourthings,dns,r,AAAA,True,8.7e-05,5214,
yourthings,dns,r,AAAA,True,8.8e-05,4910,4
yourthings,dns,r,AAAA,True,8.9e-05,4832,1
yourthings,dns,r,AAAA,True,9e-05,4841,1
yourthings,dns,r,AAAA,True,9.1e-05,4507,1
yourthings,dns,r,AAAA,True,9.2e-05,3917,3
yourthings,dns,r,AAAA,True,9.3e-05,3029,1
yourthings,dns,r,AAAA,True,9.4e-05,2355,
yourthings,dns,r,AAAA,True,9.5e-05,1548,
yourthings,dns,r,AAAA,True,9.6e-05,809,
yourthings,dns,r,AAAA,True,9.7e-05,419,
yourthings,dns,r,AAAA,True,9.8e-05,159,1
yourthings,dns,r,AAAA,True,9.9e-05,64,
yourthings,dns,r,AAAA,True,0.0001,40,
yourthings,dns,r,AAAA,True,0.000101,24,
yourthings,dns,r,AAAA,True,0.000102,24,
yourthings,dns,r,AAAA,True,0.000103,13,
yourthings,dns,r,AAAA,True,0.000104,20,
yourthings,dns,r,AAAA,True,0.000105,7,1
yourthings,dns,r,AAAA,True,0.000106,8,1
yourthings,dns,r,AAAA,True,0.000107,9,
yourthings,dns,r,AAAA,True,0.000108,7,
yourthings,dns,r,AAAA,True,0.000109,12,
yourthings,dns,r,AAAA,True,0.00011,9,
yourthings,dns,r,AAAA,True,0.000111,4,
yourthings,dns,r,AAAA,True,0.000112,2,
yourthings,dns,r,AAAA,True,0.000115,1,
yourthings,dns,r,AAAA,True,0.000116,2,
yourthings,dns,r,AAAA,True,0.000117,1,
yourthings,dns,r,AAAA,True,0.000118,2,
yourthings,dns,r,AAAA,True,0.000119,2,
yourthings,dns,r,AAAA,True,0.00012,2,
yourthings,dns,r,AAAA,True,0.000121,1,
yourthings,dns,r,AAAA,True,0.000122,3,
yourthings,dns,r,AAAA,True,0.000123,8,
yourthings,dns,r,AAAA,True,0.000124,12,
yourthings,dns,r,AAAA,True,0.000125,34,
yourthings,dns,r,AAAA,True,0.000126,50,
yourthings,dns,r,AAAA,True,0.000127,59,
yourthings,dns,r,AAAA,True,0.000128,64,
yourthings,dns,r,AAAA,True,0.000129,116,
yourthings,dns,r,AAAA,True,0.00013,108,
yourthings,dns,r,AAAA,True,0.000131,117,
yourthings,dns,r,AAAA,True,0.000132,122,
yourthings,dns,r,AAAA,True,0.000133,107,
yourthings,dns,r,AAAA,True,0.000134,135,
yourthings,dns,r,AAAA,True,0.000135,121,
yourthings,dns,r,AAAA,True,0.000136,128,
yourthings,dns,r,AAAA,True,0.000137,108,
yourthings,dns,r,AAAA,True,0.000138,118,
yourthings,dns,r,AAAA,True,0.000139,112,
yourthings,dns,r,AAAA,True,0.00014,108,
yourthings,dns,r,AAAA,True,0.000141,82,
yourthings,dns,r,AAAA,True,0.000142,78,
yourthings,dns,r,AAAA,True,0.000143,52,
yourthings,dns,r,AAAA,True,0.000144,45,
yourthings,dns,r,AAAA,True,0.000145,33,
yourthings,dns,r,AAAA,True,0.000146,27,
yourthings,dns,r,AAAA,True,0.000147,34,
yourthings,dns,r,AAAA,True,0.000148,16,2
yourthings,dns,r,AAAA,True,0.000149,15,2
yourthings,dns,r,AAAA,True,0.00015,14,7
yourthings,dns,r,AAAA,True,0.000151,10,12
yourthings,dns,r,AAAA,True,0.000152,6,21
yourthings,dns,r,AAAA,True,0.000153,8,29
yourthings,dns,r,AAAA,True,0.000154,10,41
yourthings,dns,r,AAAA,True,0.000155,7,27
yourthings,dns,r,AAAA,True,0.000156,6,57
yourthings,dns,r,AAAA,True,0.000157,8,56
yourthings,dns,r,AAAA,True,0.000158,10,54
yourthings,dns,r,AAAA,True,0.000159,7,65
yourthings,dns,r,AAAA,True,0.00016,12,61
yourthings,dns,r,AAAA,True,0.000161,8,116
yourthings,dns,r,AAAA,True,0.000162,2,181
yourthings,dns,r,AAAA,True,0.000163,8,357
yourthings,dns,r,AAAA,True,0.000164,8,591
yourthings,dns,r,AAAA,True,0.000165,12,822
yourthings,dns,r,AAAA,True,0.000166,7,1073
yourthings,dns,r,AAAA,True,0.000167,3,1701
yourthings,dns,r,AAAA,True,0.000168,5,2110
yourthings,dns,r,AAAA,True,0.000169,10,2466
yourthings,dns,r,AAAA,True,0.00017,3,2850
yourthings,dns,r,AAAA,True,0.000171,,2993
yourthings,dns,r,AAAA,True,0.000172,,3034
yourthings,dns,r,AAAA,True,0.000173,2,3091
yourthings,dns,r,AAAA,True,0.000174,2,3100
yourthings,dns,r,AAAA,True,0.000175,2,3104
yourthings,dns,r,AAAA,True,0.000176,1,3076
yourthings,dns,r,AAAA,True,0.000177,,3050
yourthings,dns,r,AAAA,True,0.000178,,2751
yourthings,dns,r,AAAA,True,0.000179,,2694
yourthings,dns,r,AAAA,True,0.00018,,2446
yourthings,dns,r,AAAA,True,0.000181,,2152
yourthings,dns,r,AAAA,True,0.000182,,1851
yourthings,dns,r,AAAA,True,0.000183,,1488
yourthings,dns,r,AAAA,True,0.000184,1,1251
yourthings,dns,r,AAAA,True,0.000185,,1067
yourthings,dns,r,AAAA,True,0.000186,,836
yourthings,dns,r,AAAA,True,0.000187,,637
yourthings,dns,r,AAAA,True,0.000188,,493
yourthings,dns,r,AAAA,True,0.000189,,340
yourthings,dns,r,AAAA,True,0.00019,,200
yourthings,dns,r,AAAA,True,0.000191,,134
yourthings,dns,r,AAAA,True,0.000192,,89
yourthings,dns,r,AAAA,True,0.000193,,84
yourthings,dns,r,AAAA,True,0.000194,,57
yourthings,dns,r,AAAA,True,0.000195,,54
yourthings,dns,r,AAAA,True,0.000196,,56
yourthings,dns,r,AAAA,True,0.000197,,71
yourthings,dns,r,AAAA,True,0.000198,,75
yourthings,dns,r,AAAA,True,0.000199,,82
yourthings,dns,r,AAAA,True,0.0002,,96
yourthings,dns,r,AAAA,True,0.000201,,90
yourthings,dns,r,AAAA,True,0.000202,,98
yourthings,dns,r,AAAA,True,0.000203,,92
yourthings,dns,r,AAAA,True,0.000204,,107
yourthings,dns,r,AAAA,True,0.000205,,75
yourthings,dns,r,AAAA,True,0.000206,1,108
yourthings,dns,r,AAAA,True,0.000207,,98
yourthings,dns,r,AAAA,True,0.000208,,90
yourthings,dns,r,AAAA,True,0.000209,,80
yourthings,dns,r,AAAA,True,0.00021,,80
yourthings,dns,r,AAAA,True,0.000211,,70
yourthings,dns,r,AAAA,True,0.000212,,56
yourthings,dns,r,AAAA,True,0.000213,,60
yourthings,dns,r,AAAA,True,0.000214,,36
yourthings,dns,r,AAAA,True,0.000215,,37
yourthings,dns,r,AAAA,True,0.000216,,28
yourthings,dns,r,AAAA,True,0.000217,,29
yourthings,dns,r,AAAA,True,0.000218,,15
yourthings,dns,r,AAAA,True,0.000219,,19
yourthings,dns,r,AAAA,True,0.00022,,11
yourthings,dns,r,AAAA,True,0.000221,,7
yourthings,dns,r,AAAA,True,0.000222,,4
yourthings,dns,r,AAAA,True,0.000223,,6
yourthings,dns,r,AAAA,True,0.000224,,3
yourthings,dns,r,AAAA,True,0.000225,,1
yourthings,dns,r,AAAA,True,0.000226,,2
yourthings,dns,r,AAAA,True,0.000227,,1
yourthings,dns,r,AAAA,True,0.00023,,1
yourthings,dns,r,AAAA,True,0.000234,,1
yourthings,dns,r,AAAA,True,0.000235,,1
yourthings,dns,r,AAAA,True,0.000237,1,
yourthings,dns,r,AAAA,True,0.000238,,1
yourthings,dns,r,AAAA,True,0.000239,,3
yourthings,dns,r,AAAA,True,0.000241,,1
yourthings,dns,r,AAAA,True,0.000242,,1
yourthings,dns,r,AAAA,True,0.000244,,1
yourthings,dns,r,AAAA,True,0.000246,,1
yourthings,dns,r,AAAA,True,0.000247,,4
yourthings,dns,r,AAAA,True,0.000248,,1
yourthings,dns,r,AAAA,True,0.00025,,3
yourthings,dns,r,AAAA,True,0.000251,,2
yourthings,dns,r,AAAA,True,0.000252,,1
yourthings,dns,r,AAAA,True,0.000253,,2
yourthings,dns,r,AAAA,True,0.000255,,2
yourthings,dns,r,AAAA,True,0.000257,,3
yourthings,dns,r,AAAA,True,0.000258,,1
yourthings,dns,r,AAAA,True,0.000259,,4
yourthings,dns,r,AAAA,True,0.00026,,1
yourthings,dns,r,AAAA,True,0.000261,,1
yourthings,dns,r,AAAA,True,0.000262,,3
yourthings,dns,r,AAAA,True,0.000263,,2
yourthings,dns,r,AAAA,True,0.000265,,3
yourthings,dns,r,AAAA,True,0.000266,,2
yourthings,dns,r,AAAA,True,0.000267,,4
yourthings,dns,r,AAAA,True,0.000268,,2
yourthings,dns,r,AAAA,True,0.000269,,1
yourthings,dns,r,AAAA,True,0.00027,,1
yourthings,dns,r,AAAA,True,0.000271,,4
yourthings,dns,r,AAAA,True,0.000273,,1
yourthings,dns,r,AAAA,True,0.000274,,4
yourthings,dns,r,AAAA,True,0.000275,,1
yourthings,dns,r,AAAA,True,0.000276,,4
yourthings,dns,r,AAAA,True,0.000277,,5
yourthings,dns,r,AAAA,True,0.000278,,8
yourthings,dns,r,AAAA,True,0.000279,,7
yourthings,dns,r,AAAA,True,0.00028,,3
yourthings,dns,r,AAAA,True,0.000281,,3
yourthings,dns,r,AAAA,True,0.000282,,4
yourthings,dns,r,AAAA,True,0.000283,,4
yourthings,dns,r,AAAA,True,0.000284,,5
yourthings,dns,r,AAAA,True,0.000285,,2
yourthings,dns,r,AAAA,True,0.000286,,2
yourthings,dns,r,AAAA,True,0.000287,,2
yourthings,dns,r,AAAA,True,0.000288,,3
yourthings,dns,r,AAAA,True,0.000289,,1
yourthings,dns,r,AAAA,True,0.00029,,4
yourthings,dns,r,AAAA,True,0.000291,,4
yourthings,dns,r,AAAA,True,0.000292,,5
yourthings,dns,r,AAAA,True,0.000293,,4
yourthings,dns,r,AAAA,True,0.000294,,1
yourthings,dns,r,AAAA,True,0.000295,,2
yourthings,dns,r,AAAA,True,0.000296,,1
yourthings,dns,r,AAAA,True,0.000297,,3
yourthings,dns,r,AAAA,True,0.000298,,1
yourthings,dns,r,AAAA,True,0.000299,,2
yourthings,dns,r,AAAA,True,0.000304,,1
yourthings,dns,r,AAAA,True,0.000323,,1
yourthings,dns,r,AAAA,False,1.8e-05,1,
yourthings,dns,r,AAAA,False,1.9e-05,40,
yourthings,dns,r,AAAA,False,2e-05,337,
yourthings,dns,r,AAAA,False,2.1e-05,490,
yourthings,dns,r,AAAA,False,2.2e-05,177,
yourthings,dns,r,AAAA,False,2.3e-05,27,
yourthings,dns,r,AAAA,False,2.4e-05,4,
yourthings,dns,r,AAAA,False,2.5e-05,1,
yourthings,dns,r,AAAA,False,5.4e-05,,1
yourthings,dns,r,AAAA,False,5.5e-05,,2
yourthings,dns,r,AAAA,False,5.6e-05,,1
yourthings,dns,r,AAAA,False,5.7e-05,,3
yourthings,dns,r,AAAA,False,5.8e-05,,16
yourthings,dns,r,AAAA,False,5.9e-05,,59
yourthings,dns,r,AAAA,False,6e-05,,112
yourthings,dns,r,AAAA,False,6.1e-05,,159
yourthings,dns,r,AAAA,False,6.2e-05,,159
yourthings,dns,r,AAAA,False,6.3e-05,,151
yourthings,dns,r,AAAA,False,6.4e-05,,111
yourthings,dns,r,AAAA,False,6.5e-05,,111
yourthings,dns,r,AAAA,False,6.6e-05,,91
yourthings,dns,r,AAAA,False,6.7e-05,,64
yourthings,dns,r,AAAA,False,6.8e-05,,29
yourthings,dns,r,AAAA,False,6.9e-05,,3
yourthings,dns,r,AAAA,False,7e-05,,3
yourthings,dns,r,AAAA,False,7.3e-05,1,
yourthings,dns,r,AAAA,False,7.6e-05,1,
yourthings,dns,r,AAAA,False,7.7e-05,1,
yourthings,dns,r,AAAA,False,7.8e-05,4,
yourthings,dns,r,AAAA,False,7.9e-05,14,
yourthings,dns,r,AAAA,False,8e-05,5,
yourthings,dns,r,AAAA,False,8.1e-05,8,
yourthings,dns,r,AAAA,False,8.2e-05,15,
yourthings,dns,r,AAAA,False,8.3e-05,19,
yourthings,dns,r,AAAA,False,8.4e-05,9,
yourthings,dns,r,AAAA,False,8.5e-05,10,
yourthings,dns,r,AAAA,False,8.6e-05,11,
yourthings,dns,r,AAAA,False,8.7e-05,9,
yourthings,dns,r,AAAA,False,8.8e-05,10,
yourthings,dns,r,AAAA,False,8.9e-05,4,
yourthings,dns,r,AAAA,False,9.1e-05,2,
yourthings,dns,r,AAAA,False,9.2e-05,1,
yourthings,dns,r,AAAA,False,9.3e-05,,1
yourthings,dns,r,AAAA,False,0.000134,1,
yourthings,dns,r,AAAA,False,0.000136,,1
yourthings,dns,r,AAAA,False,0.000157,,1
yourthings,dns,r,AAAA,False,0.000158,,1
yourthings,dns,r,AAAA,False,0.000159,,1
yourthings,dns,r,AAAA,False,0.00016,,2
yourthings,dns,r,AAAA,False,0.000161,,1
yourthings,dns,r,AAAA,False,0.000162,,1
yourthings,dns,r,AAAA,False,0.000163,,7
yourthings,dns,r,AAAA,False,0.000164,,3
yourthings,dns,r,AAAA,False,0.000165,,5
yourthings,dns,r,AAAA,False,0.000166,,5
yourthings,dns,r,AAAA,False,0.000167,,5
yourthings,dns,r,AAAA,False,0.000168,,13
yourthings,dns,r,AAAA,False,0.000169,,7
yourthings,dns,r,AAAA,False,0.00017,,8
yourthings,dns,r,AAAA,False,0.000171,,4
yourthings,dns,r,AAAA,False,0.000172,,4
yourthings,dns,r,AAAA,False,0.000173,,7
yourthings,dns,r,AAAA,False,0.000174,,9
yourthings,dns,r,AAAA,False,0.000175,,9
yourthings,dns,r,AAAA,False,0.000176,,3
yourthings,dns,r,AAAA,False,0.000177,,6
yourthings,dns,r,AAAA,False,0.000178,,6
yourthings,dns,r,AAAA,False,0.000179,,3
yourthings,dns,r,AAAA,False,0.00018,,3
yourthings,dns,r,AAAA,False,0.000181,,3
yourthings,dns,r,AAAA,False,0.000182,,2
yourthings,dns,r,AAAA,False,0.000183,,2
yourthings,dns,r,AAAA,False,0.000184,,1
yourthings,dns,r,AAAA,False,0.000185,,2
yourthings,dns,r,AAAA,False,0.000206,,1
yourthings,dns,r,TXT,True,2.7e-05,1,
yourthings,dns,r,TXT,True,2.8e-05,1,
yourthings,dns,r,TXT,True,2.9e-05,4,
yourthings,dns,r,TXT,True,3e-05,17,
yourthings,dns,r,TXT,True,3.1e-05,9,
yourthings,dns,r,TXT,True,3.2e-05,8,
yourthings,dns,r,TXT,True,6.6e-05,,2
yourthings,dns,r,TXT,True,6.8e-05,,3
yourthings,dns,r,TXT,True,6.9e-05,,3
yourthings,dns,r,TXT,True,7e-05,,1
yourthings,dns,r,TXT,True,7.1e-05,,6
yourthings,dns,r,TXT,True,7.2e-05,,6
yourthings,dns,r,TXT,True,7.3e-05,,7
yourthings,dns,r,TXT,True,7.4e-05,,2
yourthings,dns,r,TXT,True,7.5e-05,,6
yourthings,dns,r,TXT,True,7.6e-05,,4
yourthings,dns,r,PTR,True,2.6e-05,17,
yourthings,dns,r,PTR,True,2.7e-05,142,
yourthings,dns,r,PTR,True,2.8e-05,411,
yourthings,dns,r,PTR,True,2.9e-05,405,
yourthings,dns,r,PTR,True,3e-05,285,
yourthings,dns,r,PTR,True,3.1e-05,131,
yourthings,dns,r,PTR,True,3.2e-05,10,
yourthings,dns,r,PTR,True,3.4e-05,1,
yourthings,dns,r,PTR,True,3.7e-05,1,
yourthings,dns,r,PTR,True,4.4e-05,3,
yourthings,dns,r,PTR,True,4.5e-05,7,
yourthings,dns,r,PTR,True,4.6e-05,6,
yourthings,dns,r,PTR,True,4.7e-05,8,
yourthings,dns,r,PTR,True,4.8e-05,6,
yourthings,dns,r,PTR,True,4.9e-05,5,
yourthings,dns,r,PTR,True,5e-05,1,
yourthings,dns,r,PTR,True,6.5e-05,,5
yourthings,dns,r,PTR,True,6.6e-05,,29
yourthings,dns,r,PTR,True,6.7e-05,,57
yourthings,dns,r,PTR,True,6.8e-05,,119
yourthings,dns,r,PTR,True,6.9e-05,,151
yourthings,dns,r,PTR,True,7e-05,,172
yourthings,dns,r,PTR,True,7.1e-05,,175
yourthings,dns,r,PTR,True,7.2e-05,,142
yourthings,dns,r,PTR,True,7.3e-05,,145
yourthings,dns,r,PTR,True,7.4e-05,,122
yourthings,dns,r,PTR,True,7.5e-05,,106
yourthings,dns,r,PTR,True,7.6e-05,,86
yourthings,dns,r,PTR,True,7.7e-05,,59
yourthings,dns,r,PTR,True,7.8e-05,,23
yourthings,dns,r,PTR,True,7.9e-05,,4
yourthings,dns,r,PTR,True,8e-05,,1
yourthings,dns,r,PTR,True,8.1e-05,,1
yourthings,dns,r,PTR,True,8.2e-05,,1
yourthings,dns,r,PTR,True,8.5e-05,,1
yourthings,dns,r,PTR,True,8.6e-05,,1
yourthings,dns,r,PTR,True,8.7e-05,,1
yourthings,dns,r,PTR,True,9.1e-05,,2
yourthings,dns,r,PTR,True,9.2e-05,,3
yourthings,dns,r,PTR,True,9.3e-05,,2
yourthings,dns,r,PTR,True,9.4e-05,,1
yourthings,dns,r,PTR,True,9.5e-05,,2
yourthings,dns,r,PTR,True,9.6e-05,,3
yourthings,dns,r,PTR,True,9.7e-05,,5
yourthings,dns,r,PTR,True,9.8e-05,,8
yourthings,dns,r,PTR,True,9.9e-05,,1
yourthings,dns,r,PTR,True,0.0001,,2
yourthings,dns,r,PTR,True,0.000101,,1
yourthings,dns,r,PTR,True,0.000102,,2
yourthings,dns,r,PTR,True,0.000103,3,4
yourthings,dns,r,PTR,True,0.000104,1,1
yourthings,dns,r,PTR,True,0.000105,1,1
yourthings,dns,r,PTR,True,0.000106,4,
yourthings,dns,r,PTR,True,0.000107,3,
yourthings,dns,r,PTR,True,0.000108,8,
yourthings,dns,r,PTR,True,0.000109,5,
yourthings,dns,r,PTR,True,0.00011,7,
yourthings,dns,r,PTR,True,0.000111,6,
yourthings,dns,r,PTR,True,0.000112,7,
yourthings,dns,r,PTR,True,0.000113,7,
yourthings,dns,r,PTR,True,0.000114,5,
yourthings,dns,r,PTR,True,0.000115,8,
yourthings,dns,r,PTR,True,0.000116,6,
yourthings,dns,r,PTR,True,0.000117,3,
yourthings,dns,r,PTR,True,0.000118,6,
yourthings,dns,r,PTR,True,0.000119,4,
yourthings,dns,r,PTR,True,0.00012,4,
yourthings,dns,r,PTR,True,0.000121,8,
yourthings,dns,r,PTR,True,0.000122,7,
yourthings,dns,r,PTR,True,0.000123,7,
yourthings,dns,r,PTR,True,0.000124,19,
yourthings,dns,r,PTR,True,0.000125,23,
yourthings,dns,r,PTR,True,0.000126,57,
yourthings,dns,r,PTR,True,0.000127,110,
yourthings,dns,r,PTR,True,0.000128,147,
yourthings,dns,r,PTR,True,0.000129,178,
yourthings,dns,r,PTR,True,0.00013,259,
yourthings,dns,r,PTR,True,0.000131,275,1
yourthings,dns,r,PTR,True,0.000132,285,
yourthings,dns,r,PTR,True,0.000133,261,1
yourthings,dns,r,PTR,True,0.000134,238,
yourthings,dns,r,PTR,True,0.000135,296,3
yourthings,dns,r,PTR,True,0.000136,260,1
yourthings,dns,r,PTR,True,0.000137,254,2
yourthings,dns,r,PTR,True,0.000138,235,2
yourthings,dns,r,PTR,True,0.000139,239,4
yourthings,dns,r,PTR,True,0.00014,186,1
yourthings,dns,r,PTR,True,0.000141,149,1
yourthings,dns,r,PTR,True,0.000142,135,2
yourthings,dns,r,PTR,True,0.000143,115,
yourthings,dns,r,PTR,True,0.000144,83,3
yourthings,dns,r,PTR,True,0.000145,61,
yourthings,dns,r,PTR,True,0.000146,28,2
yourthings,dns,r,PTR,True,0.000147,22,4
yourthings,dns,r,PTR,True,0.000148,9,3
yourthings,dns,r,PTR,True,0.000149,2,5
yourthings,dns,r,PTR,True,0.00015,1,3
yourthings,dns,r,PTR,True,0.000151,1,3
yourthings,dns,r,PTR,True,0.000152,,4
yourthings,dns,r,PTR,True,0.000153,2,3
yourthings,dns,r,PTR,True,0.000154,,3
yourthings,dns,r,PTR,True,0.000155,1,2
yourthings,dns,r,PTR,True,0.000156,,1
yourthings,dns,r,PTR,True,0.000157,,5
yourthings,dns,r,PTR,True,0.000158,,1
yourthings,dns,r,PTR,True,0.000159,1,3
yourthings,dns,r,PTR,True,0.00016,2,3
yourthings,dns,r,PTR,True,0.000161,,1
yourthings,dns,r,PTR,True,0.000162,,6
yourthings,dns,r,PTR,True,0.000163,,4
yourthings,dns,r,PTR,True,0.000164,,4
yourthings,dns,r,PTR,True,0.000165,2,3
yourthings,dns,r,PTR,True,0.000166,,3
yourthings,dns,r,PTR,True,0.000167,1,5
yourthings,dns,r,PTR,True,0.000168,,7
yourthings,dns,r,PTR,True,0.000169,,10
yourthings,dns,r,PTR,True,0.00017,3,10
yourthings,dns,r,PTR,True,0.000171,5,22
yourthings,dns,r,PTR,True,0.000172,5,28
yourthings,dns,r,PTR,True,0.000173,11,30
yourthings,dns,r,PTR,True,0.000174,18,61
yourthings,dns,r,PTR,True,0.000175,15,71
yourthings,dns,r,PTR,True,0.000176,23,97
yourthings,dns,r,PTR,True,0.000177,30,110
yourthings,dns,r,PTR,True,0.000178,32,106
yourthings,dns,r,PTR,True,0.000179,40,122
yourthings,dns,r,PTR,True,0.00018,43,128
yourthings,dns,r,PTR,True,0.000181,40,137
yourthings,dns,r,PTR,True,0.000182,46,143
yourthings,dns,r,PTR,True,0.000183,44,147
yourthings,dns,r,PTR,True,0.000184,62,147
yourthings,dns,r,PTR,True,0.000185,47,158
yourthings,dns,r,PTR,True,0.000186,59,156
yourthings,dns,r,PTR,True,0.000187,39,140
yourthings,dns,r,PTR,True,0.000188,30,153
yourthings,dns,r,PTR,True,0.000189,27,161
yourthings,dns,r,PTR,True,0.00019,36,143
yourthings,dns,r,PTR,True,0.000191,30,159
yourthings,dns,r,PTR,True,0.000192,25,162
yourthings,dns,r,PTR,True,0.000193,18,149
yourthings,dns,r,PTR,True,0.000194,11,136
yourthings,dns,r,PTR,True,0.000195,19,128
yourthings,dns,r,PTR,True,0.000196,8,97
yourthings,dns,r,PTR,True,0.000197,6,109
yourthings,dns,r,PTR,True,0.000198,4,102
yourthings,dns,r,PTR,True,0.000199,3,73
yourthings,dns,r,PTR,True,0.0002,2,89
yourthings,dns,r,PTR,True,0.000201,1,81
yourthings,dns,r,PTR,True,0.000202,3,74
yourthings,dns,r,PTR,True,0.000203,,63
yourthings,dns,r,PTR,True,0.000204,,48
yourthings,dns,r,PTR,True,0.000205,1,36
yourthings,dns,r,PTR,True,0.000206,1,39
yourthings,dns,r,PTR,True,0.000207,,26
yourthings,dns,r,PTR,True,0.000208,,14
yourthings,dns,r,PTR,True,0.000209,,24
yourthings,dns,r,PTR,True,0.00021,,22
yourthings,dns,r,PTR,True,0.000211,,9
yourthings,dns,r,PTR,True,0.000212,,8
yourthings,dns,r,PTR,True,0.000213,1,5
yourthings,dns,r,PTR,True,0.000214,,1
yourthings,dns,r,PTR,True,0.000215,1,4
yourthings,dns,r,PTR,True,0.000216,1,1
yourthings,dns,r,PTR,True,0.000217,,1
yourthings,dns,r,PTR,True,0.000218,,1
yourthings,dns,r,PTR,True,0.000219,,2
yourthings,dns,r,PTR,True,0.000223,,1
yourthings,dns,r,PTR,True,0.000228,,2
yourthings,dns,r,PTR,True,0.000232,,1
yourthings,dns,r,PTR,True,0.000233,,1
yourthings,dns,r,PTR,True,0.000238,,1
yourthings,dns,r,PTR,True,0.000239,,1
yourthings,dns,r,PTR,True,0.000242,,1
yourthings,dns,r,PTR,True,0.000243,,1
yourthings,dns,r,PTR,True,0.000244,,1
yourthings,dns,r,PTR,True,0.000245,,5
yourthings,dns,r,PTR,True,0.000246,,6
yourthings,dns,r,PTR,True,0.000247,,6
yourthings,dns,r,PTR,True,0.000248,,10
yourthings,dns,r,PTR,True,0.000249,,16
yourthings,dns,r,PTR,True,0.00025,,17
yourthings,dns,r,PTR,True,0.000251,,22
yourthings,dns,r,PTR,True,0.000252,,22
yourthings,dns,r,PTR,True,0.000253,,29
yourthings,dns,r,PTR,True,0.000254,,37
yourthings,dns,r,PTR,True,0.000255,,30
yourthings,dns,r,PTR,True,0.000256,,38
yourthings,dns,r,PTR,True,0.000257,,34
yourthings,dns,r,PTR,True,0.000258,,49
yourthings,dns,r,PTR,True,0.000259,,31
yourthings,dns,r,PTR,True,0.00026,,32
yourthings,dns,r,PTR,True,0.000261,,50
yourthings,dns,r,PTR,True,0.000262,,35
yourthings,dns,r,PTR,True,0.000263,,37
yourthings,dns,r,PTR,True,0.000264,,40
yourthings,dns,r,PTR,True,0.000265,,29
yourthings,dns,r,PTR,True,0.000266,,35
yourthings,dns,r,PTR,True,0.000267,,34
yourthings,dns,r,PTR,True,0.000268,,19
yourthings,dns,r,PTR,True,0.000269,,28
yourthings,dns,r,PTR,True,0.00027,,19
yourthings,dns,r,PTR,True,0.000271,,17
yourthings,dns,r,PTR,True,0.000272,,10
yourthings,dns,r,PTR,True,0.000273,,8
yourthings,dns,r,PTR,True,0.000274,,7
yourthings,dns,r,PTR,True,0.000275,,4
yourthings,dns,r,PTR,True,0.000276,,7
yourthings,dns,r,PTR,True,0.000277,,6
yourthings,dns,r,PTR,True,0.000278,,3
yourthings,dns,r,PTR,True,0.000279,,5
yourthings,dns,r,PTR,True,0.00028,,4
yourthings,dns,r,PTR,True,0.000281,,1
yourthings,dns,r,PTR,True,0.000282,,1
yourthings,dns,r,PTR,True,0.000285,,1
yourthings,dns,r,PTR,True,0.000294,,1
yourthings,dns,r,PTR,False,2.5e-05,1,
yourthings,dns,r,PTR,False,6.9e-05,,1
yourthings,dns,r,PTR,False,0.000127,1,
yourthings,dns,r,PTR,False,0.000132,1,
yourthings,dns,r,PTR,False,0.000177,,1
yourthings,dns,r,PTR,False,0.000183,,1
